model,repeat_index,split_seed,sample_id,generator,target_risk_level,observed_risk_score,predicted_risk_score,prediction_error,absolute_error,predicted_rank,selected_in_top_k
random_forest,0,20260815,cvae_critical_20260813_0030,cvae,critical,46.97633333333333,55.04252534487732,8.06619201154399,8.06619201154399,5.0,True
random_forest,0,20260815,cvae_critical_20260813_0042,cvae,critical,48.01533333333333,54.796278385361525,6.780945052028194,6.780945052028194,6.0,True
random_forest,0,20260815,cvae_critical_20260813_0046,cvae,critical,53.062333333333335,62.04127995899467,8.978946625661337,8.978946625661337,1.0,True
random_forest,0,20260815,cvae_high_20260813_0033,cvae,high,45.74666666666666,45.38767430291006,-0.3589923637566059,0.3589923637566059,18.0,False
random_forest,0,20260815,cvae_high_20260813_0043,cvae,high,40.77,49.111020164021184,8.341020164021181,8.341020164021181,13.0,False
random_forest,0,20260815,cvae_high_20260813_0067,cvae,high,42.74,47.898275584656105,5.158275584656103,5.158275584656103,14.0,False
random_forest,0,20260815,cvae_low_20260813_0001,cvae,low,25.207666666666668,24.962721124338632,-0.24494554232803623,0.24494554232803623,33.0,False
random_forest,0,20260815,cvae_low_20260813_0034,cvae,low,24.413666666666668,24.876271202380927,0.4626045357142594,0.4626045357142594,35.0,False
random_forest,0,20260815,cvae_low_20260813_0115,cvae,low,23.761666666666667,24.90176860317463,1.140101936507964,1.140101936507964,34.0,False
random_forest,0,20260815,cvae_medium_20260813_0061,cvae,medium,26.52133333333333,28.419096301587306,1.897762968253975,1.897762968253975,27.0,False
random_forest,0,20260815,cvae_medium_20260813_0082,cvae,medium,28.422666666666668,29.340232619047633,0.9175659523809649,0.9175659523809649,24.0,False
random_forest,0,20260815,cvae_medium_20260813_0103,cvae,medium,27.532333333333334,28.64943549955909,1.1171021662257559,1.1171021662257559,25.0,False
random_forest,0,20260815,gmm_critical_20260813_0004,gmm,critical,85.42566666666667,53.12578474699373,-32.29988191967294,32.29988191967294,8.0,True
random_forest,0,20260815,gmm_critical_20260813_0067,gmm,critical,79.342,52.67256223280424,-26.66943776719576,26.66943776719576,11.0,False
random_forest,0,20260815,gmm_critical_20260813_0072,gmm,critical,46.531,62.014700210317486,15.483700210317487,15.483700210317487,2.0,True
random_forest,0,20260815,gmm_high_20260813_0005,gmm,high,44.719,45.55786862962963,0.8388686296296299,0.8388686296296299,17.0,False
random_forest,0,20260815,gmm_high_20260813_0049,gmm,high,44.082,52.730600044612764,8.648600044612763,8.648600044612763,10.0,False
random_forest,0,20260815,gmm_high_20260813_0079,gmm,high,78.97833333333332,47.070041396825374,-31.90829193650795,31.90829193650795,15.0,False
random_forest,0,20260815,gmm_low_20260813_0012,gmm,low,24.410666666666668,25.241863115079354,0.8311964484126868,0.8311964484126868,32.0,False
random_forest,0,20260815,gmm_low_20260813_0036,gmm,low,25.197,25.442444699735464,0.24544469973546512,0.24544469973546512,31.0,False
random_forest,0,20260815,gmm_low_20260813_0072,gmm,low,24.93733333333333,25.57175315740743,0.6344198240740972,0.6344198240740972,30.0,False
random_forest,0,20260815,gmm_medium_20260813_0010,gmm,medium,28.833666666666662,31.385056470899464,2.5513898042328016,2.5513898042328016,21.0,False
random_forest,0,20260815,gmm_medium_20260813_0077,gmm,medium,28.415,29.617274564814803,1.2022745648148039,1.2022745648148039,23.0,False
random_forest,0,20260815,gmm_medium_20260813_0102,gmm,medium,33.226,29.899523344797206,-3.326476655202793,3.326476655202793,22.0,False
random_forest,0,20260815,lhs_critical_20260813_0036,lhs,critical,52.37566666666667,53.26755636339584,0.891889696729173,0.891889696729173,7.0,True
random_forest,0,20260815,lhs_critical_20260813_0055,lhs,critical,50.272,58.212347888888885,7.940347888888887,7.940347888888887,4.0,True
random_forest,0,20260815,lhs_critical_20260813_0101,lhs,critical,48.968,59.52719138800705,10.559191388007044,10.559191388007044,3.0,True
random_forest,0,20260815,lhs_high_20260813_0024,lhs,high,50.318666666666665,50.673619797258254,0.35495313059158917,0.35495313059158917,12.0,False
random_forest,0,20260815,lhs_high_20260813_0077,lhs,high,44.736,45.78336059788357,1.047360597883575,1.047360597883575,16.0,False
random_forest,0,20260815,lhs_high_20260813_0106,lhs,high,51.74733333333334,52.99508399470903,1.2477506613756901,1.2477506613756901,9.0,True
random_forest,0,20260815,lhs_low_20260813_0010,lhs,low,25.866333333333333,25.619066394179924,-0.24726693915340903,0.24726693915340903,29.0,False
random_forest,0,20260815,lhs_low_20260813_0077,lhs,low,24.584666666666667,25.636540473544986,1.0518738068783193,1.0518738068783193,28.0,False
random_forest,0,20260815,lhs_low_20260813_0128,lhs,low,24.47433333333333,24.856978842592557,0.3826455092592269,0.3826455092592269,36.0,False
random_forest,0,20260815,lhs_medium_20260813_0026,lhs,medium,28.41333333333333,28.518591500000003,0.10525816666667254,0.10525816666667254,26.0,False
random_forest,0,20260815,lhs_medium_20260813_0041,lhs,medium,30.77,33.09188294708993,2.3218829470899287,2.3218829470899287,19.0,False
random_forest,0,20260815,lhs_medium_20260813_0110,lhs,medium,32.588,32.91439144179892,0.32639144179891844,0.32639144179891844,20.0,False
ridge,0,20260815,cvae_critical_20260813_0030,cvae,critical,46.97633333333333,57.88365673426172,10.90732340092839,10.90732340092839,5.0,True
ridge,0,20260815,cvae_critical_20260813_0042,cvae,critical,48.01533333333333,56.25545475941704,8.24012142608371,8.24012142608371,6.0,True
ridge,0,20260815,cvae_critical_20260813_0046,cvae,critical,53.062333333333335,62.416054135657134,9.3537208023238,9.3537208023238,2.0,True
ridge,0,20260815,cvae_high_20260813_0033,cvae,high,45.74666666666666,47.01129289332037,1.2646262266537107,1.2646262266537107,13.0,False
ridge,0,20260815,cvae_high_20260813_0043,cvae,high,40.77,45.16420393191335,4.394203931913346,4.394203931913346,14.0,False
ridge,0,20260815,cvae_high_20260813_0067,cvae,high,42.74,47.14664100141368,4.406641001413675,4.406641001413675,12.0,False
ridge,0,20260815,cvae_low_20260813_0001,cvae,low,25.207666666666668,30.03815232328015,4.830485656613483,4.830485656613483,24.0,False
ridge,0,20260815,cvae_low_20260813_0034,cvae,low,24.413666666666668,17.15026575428108,-7.263400912385588,7.263400912385588,34.0,False
ridge,0,20260815,cvae_low_20260813_0115,cvae,low,23.761666666666667,25.34553401276771,1.5838673461010444,1.5838673461010444,31.0,False
ridge,0,20260815,cvae_medium_20260813_0061,cvae,medium,26.52133333333333,28.431968755897216,1.9106354225638853,1.9106354225638853,28.0,False
ridge,0,20260815,cvae_medium_20260813_0082,cvae,medium,28.422666666666668,32.996100552549855,4.573433885883187,4.573433885883187,23.0,False
ridge,0,20260815,cvae_medium_20260813_0103,cvae,medium,27.532333333333334,29.85316055567799,2.3208272223446578,2.3208272223446578,26.0,False
ridge,0,20260815,gmm_critical_20260813_0004,gmm,critical,85.42566666666667,42.08539189454079,-43.34027477212588,43.34027477212588,18.0,False
ridge,0,20260815,gmm_critical_20260813_0067,gmm,critical,79.342,52.65581363402127,-26.686186365978728,26.686186365978728,8.0,True
ridge,0,20260815,gmm_critical_20260813_0072,gmm,critical,46.531,61.70679869681442,15.175798696814418,15.175798696814418,4.0,True
ridge,0,20260815,gmm_high_20260813_0005,gmm,high,44.719,52.39410171008291,7.675101710082906,7.675101710082906,9.0,True
ridge,0,20260815,gmm_high_20260813_0049,gmm,high,44.082,64.22055018632076,20.138550186320764,20.138550186320764,1.0,True
ridge,0,20260815,gmm_high_20260813_0079,gmm,high,78.97833333333332,43.46115708936665,-35.517176243966674,35.517176243966674,16.0,False
ridge,0,20260815,gmm_low_20260813_0012,gmm,low,24.410666666666668,22.472280393694625,-1.9383862729720427,1.9383862729720427,32.0,False
ridge,0,20260815,gmm_low_20260813_0036,gmm,low,25.197,25.36694498001848,0.16994498001848157,0.16994498001848157,30.0,False
ridge,0,20260815,gmm_low_20260813_0072,gmm,low,24.93733333333333,11.999870650066264,-12.937462683267068,12.937462683267068,35.0,False
ridge,0,20260815,gmm_medium_20260813_0010,gmm,medium,28.833666666666662,38.84788509057154,10.014218423904875,10.014218423904875,21.0,False
ridge,0,20260815,gmm_medium_20260813_0077,gmm,medium,28.415,39.72558485822193,11.31058485822193,11.31058485822193,20.0,False
ridge,0,20260815,gmm_medium_20260813_0102,gmm,medium,33.226,28.658039558650504,-4.567960441349495,4.567960441349495,27.0,False
ridge,0,20260815,lhs_critical_20260813_0036,lhs,critical,52.37566666666667,47.850238325345146,-4.525428341321522,4.525428341321522,10.0,False
ridge,0,20260815,lhs_critical_20260813_0055,lhs,critical,50.272,53.83164624640628,3.559646246406281,3.559646246406281,7.0,True
ridge,0,20260815,lhs_critical_20260813_0101,lhs,critical,48.968,61.750877383910094,12.78287738391009,12.78287738391009,3.0,True
ridge,0,20260815,lhs_high_20260813_0024,lhs,high,50.318666666666665,44.66998666131272,-5.648680005353945,5.648680005353945,15.0,False
ridge,0,20260815,lhs_high_20260813_0077,lhs,high,44.736,47.652646943659406,2.9166469436594085,2.9166469436594085,11.0,False
ridge,0,20260815,lhs_high_20260813_0106,lhs,high,51.74733333333334,41.91808061320496,-9.82925272012838,9.82925272012838,19.0,False
ridge,0,20260815,lhs_low_20260813_0010,lhs,low,25.866333333333333,11.050792484237153,-14.81554084909618,14.81554084909618,36.0,False
ridge,0,20260815,lhs_low_20260813_0077,lhs,low,24.584666666666667,29.998010970028965,5.413344303362297,5.413344303362297,25.0,False
ridge,0,20260815,lhs_low_20260813_0128,lhs,low,24.47433333333333,18.689021872250255,-5.785311461083076,5.785311461083076,33.0,False
ridge,0,20260815,lhs_medium_20260813_0026,lhs,medium,28.41333333333333,36.72463747119338,8.311304137860052,8.311304137860052,22.0,False
ridge,0,20260815,lhs_medium_20260813_0041,lhs,medium,30.77,25.542553283575614,-5.227446716424385,5.227446716424385,29.0,False
ridge,0,20260815,lhs_medium_20260813_0110,lhs,medium,32.588,43.07751978855244,10.489519788552442,10.489519788552442,17.0,False
random_forest,1,20260816,cvae_critical_20260813_0030,cvae,critical,46.97633333333333,56.06578209435628,9.08944876102295,9.08944876102295,5.0,True
random_forest,1,20260816,cvae_critical_20260813_0042,cvae,critical,48.01533333333333,55.24391311419754,7.228579780864209,7.228579780864209,8.0,True
random_forest,1,20260816,cvae_critical_20260813_0046,cvae,critical,53.062333333333335,56.621308292768916,3.558974959435581,3.558974959435581,4.0,True
random_forest,1,20260816,cvae_high_20260813_0033,cvae,high,45.74666666666666,51.32901992857138,5.582353261904714,5.582353261904714,11.0,False
random_forest,1,20260816,cvae_high_20260813_0043,cvae,high,40.77,43.9416424537037,3.171642453703697,3.171642453703697,18.0,False
random_forest,1,20260816,cvae_high_20260813_0067,cvae,high,42.74,46.441455084656084,3.7014550846560823,3.7014550846560823,16.0,False
random_forest,1,20260816,cvae_low_20260813_0001,cvae,low,25.207666666666668,25.32566877601411,0.11800210934744015,0.11800210934744015,32.0,False
random_forest,1,20260816,cvae_low_20260813_0034,cvae,low,24.413666666666668,24.766818274250422,0.3531516075837544,0.3531516075837544,35.0,False
random_forest,1,20260816,cvae_low_20260813_0115,cvae,low,23.761666666666667,24.987397400793657,1.2257307341269907,1.2257307341269907,34.0,False
random_forest,1,20260816,cvae_medium_20260813_0061,cvae,medium,26.52133333333333,28.950955353174606,2.4296220198412755,2.4296220198412755,27.0,False
random_forest,1,20260816,cvae_medium_20260813_0082,cvae,medium,28.422666666666668,29.459736822751285,1.0370701560846172,1.0370701560846172,26.0,False
random_forest,1,20260816,cvae_medium_20260813_0103,cvae,medium,27.532333333333334,30.004404481481483,2.4720711481481494,2.4720711481481494,24.0,False
random_forest,1,20260816,gmm_critical_20260813_0004,gmm,critical,85.42566666666667,52.13335515917108,-33.29231150749559,33.29231150749559,10.0,False
random_forest,1,20260816,gmm_critical_20260813_0067,gmm,critical,79.342,55.39076367724863,-23.95123632275137,23.95123632275137,7.0,True
random_forest,1,20260816,gmm_critical_20260813_0072,gmm,critical,46.531,59.37537778880068,12.844377788800678,12.844377788800678,1.0,True
random_forest,1,20260816,gmm_high_20260813_0005,gmm,high,44.719,46.22641353968252,1.507413539682517,1.507413539682517,17.0,False
random_forest,1,20260816,gmm_high_20260813_0049,gmm,high,44.082,52.878265085978846,8.796265085978845,8.796265085978845,9.0,True
random_forest,1,20260816,gmm_high_20260813_0079,gmm,high,78.97833333333332,47.21605080996474,-31.762282523368583,31.762282523368583,14.0,False
random_forest,1,20260816,gmm_low_20260813_0012,gmm,low,24.410666666666668,25.453195458553793,1.0425287918871255,1.0425287918871255,29.0,False
random_forest,1,20260816,gmm_low_20260813_0036,gmm,low,25.197,25.40629603439155,0.2092960343915493,0.2092960343915493,30.0,False
random_forest,1,20260816,gmm_low_20260813_0072,gmm,low,24.93733333333333,25.40237570767196,0.4650423743386298,0.4650423743386298,31.0,False
random_forest,1,20260816,gmm_medium_20260813_0010,gmm,medium,28.833666666666662,32.3718245925926,3.5381579259259404,3.5381579259259404,20.0,False
random_forest,1,20260816,gmm_medium_20260813_0077,gmm,medium,28.415,30.147215343033512,1.7322153430335128,1.7322153430335128,23.0,False
random_forest,1,20260816,gmm_medium_20260813_0102,gmm,medium,33.226,31.28750407804231,-1.9384959219576885,1.9384959219576885,22.0,False
random_forest,1,20260816,lhs_critical_20260813_0036,lhs,critical,52.37566666666667,58.961563838624336,6.585897171957669,6.585897171957669,2.0,True
random_forest,1,20260816,lhs_critical_20260813_0055,lhs,critical,50.272,58.724913786155184,8.452913786155186,8.452913786155186,3.0,True
random_forest,1,20260816,lhs_critical_20260813_0101,lhs,critical,48.968,55.55320254409172,6.585202544091715,6.585202544091715,6.0,True
random_forest,1,20260816,lhs_high_20260813_0024,lhs,high,50.318666666666665,48.350863883597846,-1.9678027830688194,1.9678027830688194,13.0,False
random_forest,1,20260816,lhs_high_20260813_0077,lhs,high,44.736,47.17521327777779,2.439213277777796,2.439213277777796,15.0,False
random_forest,1,20260816,lhs_high_20260813_0106,lhs,high,51.74733333333334,49.77502189021163,-1.9723114431217041,1.9723114431217041,12.0,False
random_forest,1,20260816,lhs_low_20260813_0010,lhs,low,25.866333333333333,25.903863641534393,0.037530308201059626,0.037530308201059626,28.0,False
random_forest,1,20260816,lhs_low_20260813_0077,lhs,low,24.584666666666667,25.23181608289243,0.647149416225762,0.647149416225762,33.0,False
random_forest,1,20260816,lhs_low_20260813_0128,lhs,low,24.47433333333333,24.758475319223972,0.284141985890642,0.284141985890642,36.0,False
random_forest,1,20260816,lhs_medium_20260813_0026,lhs,medium,28.41333333333333,29.992178031745993,1.578844698412663,1.578844698412663,25.0,False
random_forest,1,20260816,lhs_medium_20260813_0041,lhs,medium,30.77,31.541319737213392,0.7713197372133926,0.7713197372133926,21.0,False
random_forest,1,20260816,lhs_medium_20260813_0110,lhs,medium,32.588,33.91597269444444,1.3279726944444405,1.3279726944444405,19.0,False
ridge,1,20260816,cvae_critical_20260813_0030,cvae,critical,46.97633333333333,56.701027202573144,9.724693869239815,9.724693869239815,8.0,True
ridge,1,20260816,cvae_critical_20260813_0042,cvae,critical,48.01533333333333,61.104581112271504,13.089247778938173,13.089247778938173,5.0,True
ridge,1,20260816,cvae_critical_20260813_0046,cvae,critical,53.062333333333335,61.58364748134153,8.521314148008194,8.521314148008194,3.0,True
ridge,1,20260816,cvae_high_20260813_0033,cvae,high,45.74666666666666,55.342883071992446,9.596216405325784,9.596216405325784,9.0,True
ridge,1,20260816,cvae_high_20260813_0043,cvae,high,40.77,42.78128437862834,2.011284378628339,2.011284378628339,17.0,False
ridge,1,20260816,cvae_high_20260813_0067,cvae,high,42.74,45.27634486653005,2.536344866530051,2.536344866530051,14.0,False
ridge,1,20260816,cvae_low_20260813_0001,cvae,low,25.207666666666668,36.21626976889,11.008603102223333,11.008603102223333,21.0,False
ridge,1,20260816,cvae_low_20260813_0034,cvae,low,24.413666666666668,22.39062471117326,-2.023041955493408,2.023041955493408,31.0,False
ridge,1,20260816,cvae_low_20260813_0115,cvae,low,23.761666666666667,23.163497841780558,-0.598168824886109,0.598168824886109,30.0,False
ridge,1,20260816,cvae_medium_20260813_0061,cvae,medium,26.52133333333333,28.587932314854214,2.066598981520883,2.066598981520883,27.0,False
ridge,1,20260816,cvae_medium_20260813_0082,cvae,medium,28.422666666666668,28.360427190086813,-0.062239476579854625,0.062239476579854625,28.0,False
ridge,1,20260816,cvae_medium_20260813_0103,cvae,medium,27.532333333333334,34.50579059861217,6.973457265278839,6.973457265278839,23.0,False
ridge,1,20260816,gmm_critical_20260813_0004,gmm,critical,85.42566666666667,43.93045556561155,-41.49521110105512,41.49521110105512,15.0,False
ridge,1,20260816,gmm_critical_20260813_0067,gmm,critical,79.342,51.59579645800069,-27.746203541999307,27.746203541999307,11.0,False
ridge,1,20260816,gmm_critical_20260813_0072,gmm,critical,46.531,61.27052964296708,14.739529642967078,14.739529642967078,4.0,True
ridge,1,20260816,gmm_high_20260813_0005,gmm,high,44.719,51.021302610929155,6.302302610929154,6.302302610929154,12.0,False
ridge,1,20260816,gmm_high_20260813_0049,gmm,high,44.082,68.36376991183567,24.281769911835674,24.281769911835674,1.0,True
ridge,1,20260816,gmm_high_20260813_0079,gmm,high,78.97833333333332,43.52895467487876,-35.44937865845456,35.44937865845456,16.0,False
ridge,1,20260816,gmm_low_20260813_0012,gmm,low,24.410666666666668,25.002893618045935,0.5922269513792671,0.5922269513792671,29.0,False
ridge,1,20260816,gmm_low_20260813_0036,gmm,low,25.197,14.174475179709408,-11.022524820290592,11.022524820290592,36.0,False
ridge,1,20260816,gmm_low_20260813_0072,gmm,low,24.93733333333333,14.558324095624151,-10.37900923770918,10.37900923770918,35.0,False
ridge,1,20260816,gmm_medium_20260813_0010,gmm,medium,28.833666666666662,35.54564809546902,6.711981428802357,6.711981428802357,22.0,False
ridge,1,20260816,gmm_medium_20260813_0077,gmm,medium,28.415,52.64042900426364,24.22542900426364,24.22542900426364,10.0,False
ridge,1,20260816,gmm_medium_20260813_0102,gmm,medium,33.226,32.054421259201256,-1.1715787407987435,1.1715787407987435,24.0,False
ridge,1,20260816,lhs_critical_20260813_0036,lhs,critical,52.37566666666667,59.90905125135845,7.533384584691781,7.533384584691781,6.0,True
ridge,1,20260816,lhs_critical_20260813_0055,lhs,critical,50.272,57.01571494405347,6.7437149440534725,6.7437149440534725,7.0,True
ridge,1,20260816,lhs_critical_20260813_0101,lhs,critical,48.968,62.73260883352874,13.764608833528733,13.764608833528733,2.0,True
ridge,1,20260816,lhs_high_20260813_0024,lhs,high,50.318666666666665,47.94941710121849,-2.369249565448172,2.369249565448172,13.0,False
ridge,1,20260816,lhs_high_20260813_0077,lhs,high,44.736,39.74499899119495,-4.99100100880505,4.99100100880505,19.0,False
ridge,1,20260816,lhs_high_20260813_0106,lhs,high,51.74733333333334,41.57712960868597,-10.170203724647365,10.170203724647365,18.0,False
ridge,1,20260816,lhs_low_20260813_0010,lhs,low,25.866333333333333,21.836150689266265,-4.030182644067068,4.030182644067068,32.0,False
ridge,1,20260816,lhs_low_20260813_0077,lhs,low,24.584666666666667,36.315236010295564,11.730569343628897,11.730569343628897,20.0,False
ridge,1,20260816,lhs_low_20260813_0128,lhs,low,24.47433333333333,16.99967422576391,-7.474659107569419,7.474659107569419,34.0,False
ridge,1,20260816,lhs_medium_20260813_0026,lhs,medium,28.41333333333333,29.281467012953023,0.8681336796196923,0.8681336796196923,26.0,False
ridge,1,20260816,lhs_medium_20260813_0041,lhs,medium,30.77,18.574799631978845,-12.195200368021155,12.195200368021155,33.0,False
ridge,1,20260816,lhs_medium_20260813_0110,lhs,medium,32.588,29.435380119694557,-3.152619880305444,3.152619880305444,25.0,False
random_forest,2,20260817,cvae_critical_20260813_0030,cvae,critical,46.97633333333333,60.22658189417989,13.250248560846558,13.250248560846558,3.0,True
random_forest,2,20260817,cvae_critical_20260813_0042,cvae,critical,48.01533333333333,55.58840035582005,7.573067022486718,7.573067022486718,7.0,True
random_forest,2,20260817,cvae_critical_20260813_0046,cvae,critical,53.062333333333335,52.236810486772434,-0.8255228465609008,0.8255228465609008,10.0,False
random_forest,2,20260817,cvae_high_20260813_0033,cvae,high,45.74666666666666,56.87099178968254,11.124325123015879,11.124325123015879,5.0,True
random_forest,2,20260817,cvae_high_20260813_0043,cvae,high,40.77,44.472775797619036,3.702775797619033,3.702775797619033,18.0,False
random_forest,2,20260817,cvae_high_20260813_0067,cvae,high,42.74,47.13901384920639,4.399013849206391,4.399013849206391,15.0,False
random_forest,2,20260817,cvae_low_20260813_0001,cvae,low,25.207666666666668,25.42424421781308,0.2165775511464112,0.2165775511464112,31.0,False
random_forest,2,20260817,cvae_low_20260813_0034,cvae,low,24.413666666666668,24.788563615961195,0.3748969492945271,0.3748969492945271,35.0,False
random_forest,2,20260817,cvae_low_20260813_0115,cvae,low,23.761666666666667,24.76981279232808,1.008146125661412,1.008146125661412,36.0,False
random_forest,2,20260817,cvae_medium_20260813_0061,cvae,medium,26.52133333333333,29.59469507275134,3.073361739418008,3.073361739418008,24.0,False
random_forest,2,20260817,cvae_medium_20260813_0082,cvae,medium,28.422666666666668,28.96427625132274,0.5416095846560722,0.5416095846560722,27.0,False
random_forest,2,20260817,cvae_medium_20260813_0103,cvae,medium,27.532333333333334,29.48501748015873,1.9526841468253977,1.9526841468253977,25.0,False
random_forest,2,20260817,gmm_critical_20260813_0004,gmm,critical,85.42566666666667,51.40651747222217,-34.0191491944445,34.0191491944445,12.0,False
random_forest,2,20260817,gmm_critical_20260813_0067,gmm,critical,79.342,52.268236133597874,-27.073763866402125,27.073763866402125,9.0,True
random_forest,2,20260817,gmm_critical_20260813_0072,gmm,critical,46.531,63.0667252989418,16.5357252989418,16.5357252989418,1.0,True
random_forest,2,20260817,gmm_high_20260813_0005,gmm,high,44.719,49.48634276190476,4.767342761904757,4.767342761904757,14.0,False
random_forest,2,20260817,gmm_high_20260813_0049,gmm,high,44.082,55.736898220899484,11.654898220899483,11.654898220899483,6.0,True
random_forest,2,20260817,gmm_high_20260813_0079,gmm,high,78.97833333333332,46.04795225000001,-32.930381083333316,32.930381083333316,16.0,False
random_forest,2,20260817,gmm_low_20260813_0012,gmm,low,24.410666666666668,25.058304684303366,0.647638017636698,0.647638017636698,34.0,False
random_forest,2,20260817,gmm_low_20260813_0036,gmm,low,25.197,25.67871147089949,0.48171147089949073,0.48171147089949073,30.0,False
random_forest,2,20260817,gmm_low_20260813_0072,gmm,low,24.93733333333333,25.205761929453267,0.26842859611993575,0.26842859611993575,33.0,False
random_forest,2,20260817,gmm_medium_20260813_0010,gmm,medium,28.833666666666662,31.880381378306858,3.0467147116401954,3.0467147116401954,21.0,False
random_forest,2,20260817,gmm_medium_20260813_0077,gmm,medium,28.415,29.835921162698416,1.4209211626984164,1.4209211626984164,23.0,False
random_forest,2,20260817,gmm_medium_20260813_0102,gmm,medium,33.226,31.591714759259272,-1.6342852407407271,1.6342852407407271,22.0,False
random_forest,2,20260817,lhs_critical_20260813_0036,lhs,critical,52.37566666666667,52.62486980820103,0.24920314153436607,0.24920314153436607,8.0,True
random_forest,2,20260817,lhs_critical_20260813_0055,lhs,critical,50.272,61.848116675925894,11.576116675925896,11.576116675925896,2.0,True
random_forest,2,20260817,lhs_critical_20260813_0101,lhs,critical,48.968,60.00099576455025,11.032995764550243,11.032995764550243,4.0,True
random_forest,2,20260817,lhs_high_20260813_0024,lhs,high,50.318666666666665,44.47605531084657,-5.842611355820097,5.842611355820097,17.0,False
random_forest,2,20260817,lhs_high_20260813_0077,lhs,high,44.736,49.809627051587285,5.073627051587287,5.073627051587287,13.0,False
random_forest,2,20260817,lhs_high_20260813_0106,lhs,high,51.74733333333334,52.12959578306882,0.3822624497354852,0.3822624497354852,11.0,False
random_forest,2,20260817,lhs_low_20260813_0010,lhs,low,25.866333333333333,25.82425171296299,-0.04208162037034313,0.04208162037034313,29.0,False
random_forest,2,20260817,lhs_low_20260813_0077,lhs,low,24.584666666666667,25.845055011463863,1.260388344797196,1.260388344797196,28.0,False
random_forest,2,20260817,lhs_low_20260813_0128,lhs,low,24.47433333333333,25.394303617283946,0.9199702839506152,0.9199702839506152,32.0,False
random_forest,2,20260817,lhs_medium_20260813_0026,lhs,medium,28.41333333333333,29.34824777248677,0.9349144391534381,0.9349144391534381,26.0,False
random_forest,2,20260817,lhs_medium_20260813_0041,lhs,medium,30.77,32.39494976190478,1.6249497619047837,1.6249497619047837,20.0,False
random_forest,2,20260817,lhs_medium_20260813_0110,lhs,medium,32.588,33.34458417195768,0.7565841719576767,0.7565841719576767,19.0,False
ridge,2,20260817,cvae_critical_20260813_0030,cvae,critical,46.97633333333333,61.209629031031746,14.233295697698416,14.233295697698416,4.0,True
ridge,2,20260817,cvae_critical_20260813_0042,cvae,critical,48.01533333333333,55.32430383166096,7.308970498327632,7.308970498327632,7.0,True
ridge,2,20260817,cvae_critical_20260813_0046,cvae,critical,53.062333333333335,51.24279038285251,-1.8195429504808232,1.8195429504808232,10.0,False
ridge,2,20260817,cvae_high_20260813_0033,cvae,high,45.74666666666666,52.370553996056955,6.623887329390293,6.623887329390293,9.0,True
ridge,2,20260817,cvae_high_20260813_0043,cvae,high,40.77,40.09696614471033,-0.673033855289674,0.673033855289674,21.0,False
ridge,2,20260817,cvae_high_20260813_0067,cvae,high,42.74,47.24892844054622,4.508928440546221,4.508928440546221,13.0,False
ridge,2,20260817,cvae_low_20260813_0001,cvae,low,25.207666666666668,27.46839363852572,2.26072697185905,2.26072697185905,28.0,False
ridge,2,20260817,cvae_low_20260813_0034,cvae,low,24.413666666666668,14.89906772997356,-9.514598936693108,9.514598936693108,34.0,False
ridge,2,20260817,cvae_low_20260813_0115,cvae,low,23.761666666666667,24.340293872097767,0.5786272054311006,0.5786272054311006,31.0,False
ridge,2,20260817,cvae_medium_20260813_0061,cvae,medium,26.52133333333333,28.916033724138273,2.3947003908049425,2.3947003908049425,27.0,False
ridge,2,20260817,cvae_medium_20260813_0082,cvae,medium,28.422666666666668,31.402715748042556,2.9800490813758884,2.9800490813758884,26.0,False
ridge,2,20260817,cvae_medium_20260813_0103,cvae,medium,27.532333333333334,36.411002615706266,8.878669282372933,8.878669282372933,24.0,False
ridge,2,20260817,gmm_critical_20260813_0004,gmm,critical,85.42566666666667,42.0076534062796,-43.41801326038707,43.41801326038707,20.0,False
ridge,2,20260817,gmm_critical_20260813_0067,gmm,critical,79.342,54.466028259521046,-24.875971740478953,24.875971740478953,8.0,True
ridge,2,20260817,gmm_critical_20260813_0072,gmm,critical,46.531,62.86182023413558,16.33082023413558,16.33082023413558,2.0,True
ridge,2,20260817,gmm_high_20260813_0005,gmm,high,44.719,56.8485919984863,12.129591998486298,12.129591998486298,6.0,True
ridge,2,20260817,gmm_high_20260813_0049,gmm,high,44.082,62.39764645520971,18.31564645520971,18.31564645520971,3.0,True
ridge,2,20260817,gmm_high_20260813_0079,gmm,high,78.97833333333332,45.80139962784904,-33.17693370548429,33.17693370548429,15.0,False
ridge,2,20260817,gmm_low_20260813_0012,gmm,low,24.410666666666668,25.681530097917634,1.270863431250966,1.270863431250966,30.0,False
ridge,2,20260817,gmm_low_20260813_0036,gmm,low,25.197,22.434883193058646,-2.7621168069413535,2.7621168069413535,33.0,False
ridge,2,20260817,gmm_low_20260813_0072,gmm,low,24.93733333333333,7.669234026808297,-17.268099306525034,17.268099306525034,35.0,False
ridge,2,20260817,gmm_medium_20260813_0010,gmm,medium,28.833666666666662,44.47139922869814,15.637732562031477,15.637732562031477,16.0,False
ridge,2,20260817,gmm_medium_20260813_0077,gmm,medium,28.415,42.09135393204878,13.676353932048784,13.676353932048784,19.0,False
ridge,2,20260817,gmm_medium_20260813_0102,gmm,medium,33.226,38.715502114856534,5.489502114856535,5.489502114856535,23.0,False
ridge,2,20260817,lhs_critical_20260813_0036,lhs,critical,52.37566666666667,49.37404018073525,-3.0016264859314177,3.0016264859314177,11.0,False
ridge,2,20260817,lhs_critical_20260813_0055,lhs,critical,50.272,65.28874738894312,15.016747388943124,15.016747388943124,1.0,True
ridge,2,20260817,lhs_critical_20260813_0101,lhs,critical,48.968,60.251287262609715,11.283287262609711,11.283287262609711,5.0,True
ridge,2,20260817,lhs_high_20260813_0024,lhs,high,50.318666666666665,42.70119803478434,-7.617468631882325,7.617468631882325,18.0,False
ridge,2,20260817,lhs_high_20260813_0077,lhs,high,44.736,47.33052079012321,2.5945207901232124,2.5945207901232124,12.0,False
ridge,2,20260817,lhs_high_20260813_0106,lhs,high,51.74733333333334,46.11440411158364,-5.6329292217496985,5.6329292217496985,14.0,False
ridge,2,20260817,lhs_low_20260813_0010,lhs,low,25.866333333333333,23.593228618773566,-2.273104714559768,2.273104714559768,32.0,False
ridge,2,20260817,lhs_low_20260813_0077,lhs,low,24.584666666666667,31.972495397746314,7.387828731079647,7.387828731079647,25.0,False
ridge,2,20260817,lhs_low_20260813_0128,lhs,low,24.47433333333333,2.6483946148856177,-21.825938718447713,21.825938718447713,36.0,False
ridge,2,20260817,lhs_medium_20260813_0026,lhs,medium,28.41333333333333,39.17683957671673,10.7635062433834,10.7635062433834,22.0,False
ridge,2,20260817,lhs_medium_20260813_0041,lhs,medium,30.77,26.403169119835745,-4.366830880164255,4.366830880164255,29.0,False
ridge,2,20260817,lhs_medium_20260813_0110,lhs,medium,32.588,43.243145273024325,10.655145273024324,10.655145273024324,17.0,False
random_forest,3,20260818,cvae_critical_20260813_0030,cvae,critical,46.97633333333333,57.21464814682538,10.238314813492053,10.238314813492053,5.0,True
random_forest,3,20260818,cvae_critical_20260813_0042,cvae,critical,48.01533333333333,60.30750632671958,12.292172993386252,12.292172993386252,2.0,True
random_forest,3,20260818,cvae_critical_20260813_0046,cvae,critical,53.062333333333335,56.519459639770645,3.45712630643731,3.45712630643731,6.0,True
random_forest,3,20260818,cvae_high_20260813_0033,cvae,high,45.74666666666666,55.02181250132277,9.275145834656108,9.275145834656108,7.0,True
random_forest,3,20260818,cvae_high_20260813_0043,cvae,high,40.77,46.798717677248675,6.028717677248672,6.028717677248672,15.0,False
random_forest,3,20260818,cvae_high_20260813_0067,cvae,high,42.74,44.20500417504406,1.4650041750440579,1.4650041750440579,18.0,False
random_forest,3,20260818,cvae_low_20260813_0001,cvae,low,25.207666666666668,25.03386545590829,-0.17380121075837707,0.17380121075837707,32.0,False
random_forest,3,20260818,cvae_low_20260813_0034,cvae,low,24.413666666666668,24.88003390163541,0.4663672349687431,0.4663672349687431,35.0,False
random_forest,3,20260818,cvae_low_20260813_0115,cvae,low,23.761666666666667,24.992439951058216,1.2307732843915495,1.2307732843915495,33.0,False
random_forest,3,20260818,cvae_medium_20260813_0061,cvae,medium,26.52133333333333,29.166279524250445,2.644946190917114,2.644946190917114,25.0,False
random_forest,3,20260818,cvae_medium_20260813_0082,cvae,medium,28.422666666666668,28.541707805555575,0.11904113888890677,0.11904113888890677,27.0,False
random_forest,3,20260818,cvae_medium_20260813_0103,cvae,medium,27.532333333333334,29.38482478968254,1.852491456349206,1.852491456349206,23.0,False
random_forest,3,20260818,gmm_critical_20260813_0004,gmm,critical,85.42566666666667,52.575536756613744,-32.85012991005293,32.85012991005293,9.0,True
random_forest,3,20260818,gmm_critical_20260813_0067,gmm,critical,79.342,50.653522313492026,-28.688477686507973,28.688477686507973,12.0,False
random_forest,3,20260818,gmm_critical_20260813_0072,gmm,critical,46.531,64.0729223783068,17.5419223783068,17.5419223783068,1.0,True
random_forest,3,20260818,gmm_high_20260813_0005,gmm,high,44.719,44.86366122089947,0.1446612208994722,0.1446612208994722,17.0,False
random_forest,3,20260818,gmm_high_20260813_0049,gmm,high,44.082,52.31619549250441,8.234195492504412,8.234195492504412,10.0,False
random_forest,3,20260818,gmm_high_20260813_0079,gmm,high,78.97833333333332,45.935959597001755,-33.04237373633157,33.04237373633157,16.0,False
random_forest,3,20260818,gmm_low_20260813_0012,gmm,low,24.410666666666668,24.974556754850074,0.5638900881834061,0.5638900881834061,34.0,False
random_forest,3,20260818,gmm_low_20260813_0036,gmm,low,25.197,25.601442932058674,0.4044429320586751,0.4044429320586751,30.0,False
random_forest,3,20260818,gmm_low_20260813_0072,gmm,low,24.93733333333333,25.74144666534393,0.8041133320105978,0.8041133320105978,28.0,False
random_forest,3,20260818,gmm_medium_20260813_0010,gmm,medium,28.833666666666662,32.133829162257506,3.3001624955908433,3.3001624955908433,20.0,False
random_forest,3,20260818,gmm_medium_20260813_0077,gmm,medium,28.415,28.77887412874778,0.36387412874778136,0.36387412874778136,26.0,False
random_forest,3,20260818,gmm_medium_20260813_0102,gmm,medium,33.226,31.251308761904784,-1.9746912380952146,1.9746912380952146,21.0,False
random_forest,3,20260818,lhs_critical_20260813_0036,lhs,critical,52.37566666666667,52.68998482010585,0.31431815343918146,0.31431815343918146,8.0,True
random_forest,3,20260818,lhs_critical_20260813_0055,lhs,critical,50.272,59.22400185185184,8.95200185185184,8.95200185185184,3.0,True
random_forest,3,20260818,lhs_critical_20260813_0101,lhs,critical,48.968,58.23158075881828,9.263580758818279,9.263580758818279,4.0,True
random_forest,3,20260818,lhs_high_20260813_0024,lhs,high,50.318666666666665,50.72854563095235,0.4098789642856815,0.4098789642856815,11.0,False
random_forest,3,20260818,lhs_high_20260813_0077,lhs,high,44.736,47.122710149470855,2.386710149470858,2.386710149470858,13.0,False
random_forest,3,20260818,lhs_high_20260813_0106,lhs,high,51.74733333333334,46.867984604497344,-4.879348728835993,4.879348728835993,14.0,False
random_forest,3,20260818,lhs_low_20260813_0010,lhs,low,25.866333333333333,25.365713272045852,-0.5006200612874814,0.5006200612874814,31.0,False
random_forest,3,20260818,lhs_low_20260813_0077,lhs,low,24.584666666666667,25.602971324074097,1.0183046574074304,1.0183046574074304,29.0,False
random_forest,3,20260818,lhs_low_20260813_0128,lhs,low,24.47433333333333,24.832632742905233,0.3582994095719023,0.3582994095719023,36.0,False
random_forest,3,20260818,lhs_medium_20260813_0026,lhs,medium,28.41333333333333,29.19490452380954,0.7815711904762104,0.7815711904762104,24.0,False
random_forest,3,20260818,lhs_medium_20260813_0041,lhs,medium,30.77,31.211228895061716,0.44122889506171603,0.44122889506171603,22.0,False
random_forest,3,20260818,lhs_medium_20260813_0110,lhs,medium,32.588,34.18458202380955,1.596582023809546,1.596582023809546,19.0,False
ridge,3,20260818,cvae_critical_20260813_0030,cvae,critical,46.97633333333333,61.34181830493135,14.365484971598022,14.365484971598022,4.0,True
ridge,3,20260818,cvae_critical_20260813_0042,cvae,critical,48.01533333333333,61.67991452268141,13.664581189348077,13.664581189348077,3.0,True
ridge,3,20260818,cvae_critical_20260813_0046,cvae,critical,53.062333333333335,59.23517044589982,6.172837112566484,6.172837112566484,6.0,True
ridge,3,20260818,cvae_high_20260813_0033,cvae,high,45.74666666666666,52.1479821488796,6.401315482212937,6.401315482212937,8.0,True
ridge,3,20260818,cvae_high_20260813_0043,cvae,high,40.77,45.4687443591724,4.6987443591723945,4.6987443591723945,13.0,False
ridge,3,20260818,cvae_high_20260813_0067,cvae,high,42.74,39.00942540066519,-3.7305745993348154,3.7305745993348154,19.0,False
ridge,3,20260818,cvae_low_20260813_0001,cvae,low,25.207666666666668,30.15968960819999,4.952022941533322,4.952022941533322,27.0,False
ridge,3,20260818,cvae_low_20260813_0034,cvae,low,24.413666666666668,18.11575210885866,-6.2979145578080065,6.2979145578080065,32.0,False
ridge,3,20260818,cvae_low_20260813_0115,cvae,low,23.761666666666667,24.13862152583762,0.3769548591709544,0.3769548591709544,29.0,False
ridge,3,20260818,cvae_medium_20260813_0061,cvae,medium,26.52133333333333,31.73376177183222,5.21242843849889,5.21242843849889,24.0,False
ridge,3,20260818,cvae_medium_20260813_0082,cvae,medium,28.422666666666668,31.407433397560645,2.984766730893977,2.984766730893977,25.0,False
ridge,3,20260818,cvae_medium_20260813_0103,cvae,medium,27.532333333333334,34.3508407431961,6.818507409862768,6.818507409862768,23.0,False
ridge,3,20260818,gmm_critical_20260813_0004,gmm,critical,85.42566666666667,41.035934246016666,-44.389732420650006,44.389732420650006,17.0,False
ridge,3,20260818,gmm_critical_20260813_0067,gmm,critical,79.342,48.890506027734624,-30.451493972265375,30.451493972265375,10.0,False
ridge,3,20260818,gmm_critical_20260813_0072,gmm,critical,46.531,62.57971844821535,16.048718448215354,16.048718448215354,2.0,True
ridge,3,20260818,gmm_high_20260813_0005,gmm,high,44.719,48.62393112396774,3.9049311239677422,3.9049311239677422,11.0,False
ridge,3,20260818,gmm_high_20260813_0049,gmm,high,44.082,71.79010304683159,27.70810304683159,27.70810304683159,1.0,True
ridge,3,20260818,gmm_high_20260813_0079,gmm,high,78.97833333333332,45.758533105273656,-33.21980022805967,33.21980022805967,12.0,False
ridge,3,20260818,gmm_low_20260813_0012,gmm,low,24.410666666666668,22.179154245969208,-2.2315124206974595,2.2315124206974595,31.0,False
ridge,3,20260818,gmm_low_20260813_0036,gmm,low,25.197,15.44799632725746,-9.749003672742539,9.749003672742539,35.0,False
ridge,3,20260818,gmm_low_20260813_0072,gmm,low,24.93733333333333,13.030834857213257,-11.906498476120074,11.906498476120074,36.0,False
ridge,3,20260818,gmm_medium_20260813_0010,gmm,medium,28.833666666666662,41.4052002408693,12.571533574202636,12.571533574202636,16.0,False
ridge,3,20260818,gmm_medium_20260813_0077,gmm,medium,28.415,38.61191935998898,10.196919359988982,10.196919359988982,20.0,False
ridge,3,20260818,gmm_medium_20260813_0102,gmm,medium,33.226,38.13766900233935,4.911669002339352,4.911669002339352,21.0,False
ridge,3,20260818,lhs_critical_20260813_0036,lhs,critical,52.37566666666667,49.317459593958276,-3.0582070727083916,3.0582070727083916,9.0,True
ridge,3,20260818,lhs_critical_20260813_0055,lhs,critical,50.272,57.06411135089337,6.7921113508933715,6.7921113508933715,7.0,True
ridge,3,20260818,lhs_critical_20260813_0101,lhs,critical,48.968,60.64296816239323,11.674968162393228,11.674968162393228,5.0,True
ridge,3,20260818,lhs_high_20260813_0024,lhs,high,50.318666666666665,42.937297664480305,-7.381369002186361,7.381369002186361,14.0,False
ridge,3,20260818,lhs_high_20260813_0077,lhs,high,44.736,40.24872303065263,-4.48727696934737,4.48727696934737,18.0,False
ridge,3,20260818,lhs_high_20260813_0106,lhs,high,51.74733333333334,38.103448680508365,-13.643884652824973,13.643884652824973,22.0,False
ridge,3,20260818,lhs_low_20260813_0010,lhs,low,25.866333333333333,16.237528042262326,-9.628805291071007,9.628805291071007,33.0,False
ridge,3,20260818,lhs_low_20260813_0077,lhs,low,24.584666666666667,29.210860452107216,4.626193785440549,4.626193785440549,28.0,False
ridge,3,20260818,lhs_low_20260813_0128,lhs,low,24.47433333333333,15.776465882544422,-8.697867450788909,8.697867450788909,34.0,False
ridge,3,20260818,lhs_medium_20260813_0026,lhs,medium,28.41333333333333,31.05942093225304,2.64608759891971,2.64608759891971,26.0,False
ridge,3,20260818,lhs_medium_20260813_0041,lhs,medium,30.77,23.290037967406278,-7.479962032593722,7.479962032593722,30.0,False
ridge,3,20260818,lhs_medium_20260813_0110,lhs,medium,32.588,42.1941158112805,9.606115811280496,9.606115811280496,15.0,False
random_forest,4,20260819,cvae_critical_20260813_0030,cvae,critical,46.97633333333333,55.76827901851846,8.791945685185134,8.791945685185134,5.0,True
random_forest,4,20260819,cvae_critical_20260813_0042,cvae,critical,48.01533333333333,60.98477516798944,12.96944183465611,12.96944183465611,2.0,True
random_forest,4,20260819,cvae_critical_20260813_0046,cvae,critical,53.062333333333335,50.62888921340386,-2.433444119929476,2.433444119929476,10.0,False
random_forest,4,20260819,cvae_high_20260813_0033,cvae,high,45.74666666666666,54.564586173280404,8.817919506613741,8.817919506613741,7.0,True
random_forest,4,20260819,cvae_high_20260813_0043,cvae,high,40.77,44.84166863712523,4.071668637125228,4.071668637125228,18.0,False
random_forest,4,20260819,cvae_high_20260813_0067,cvae,high,42.74,48.15511340476184,5.41511340476184,5.41511340476184,13.0,False
random_forest,4,20260819,cvae_low_20260813_0001,cvae,low,25.207666666666668,24.952861761904764,-0.25480490476190454,0.25480490476190454,35.0,False
random_forest,4,20260819,cvae_low_20260813_0034,cvae,low,24.413666666666668,24.810914534391532,0.39724786772486453,0.39724786772486453,36.0,False
random_forest,4,20260819,cvae_low_20260813_0115,cvae,low,23.761666666666667,25.025653418430366,1.2639867517636993,1.2639867517636993,33.0,False
random_forest,4,20260819,cvae_medium_20260813_0061,cvae,medium,26.52133333333333,28.18599766137566,1.6646643280423277,1.6646643280423277,27.0,False
random_forest,4,20260819,cvae_medium_20260813_0082,cvae,medium,28.422666666666668,29.16403306878306,0.741366402116391,0.741366402116391,25.0,False
random_forest,4,20260819,cvae_medium_20260813_0103,cvae,medium,27.532333333333334,28.610081051587294,1.0777477182539599,1.0777477182539599,26.0,False
random_forest,4,20260819,gmm_critical_20260813_0004,gmm,critical,85.42566666666667,50.69518514285712,-34.73048152380955,34.73048152380955,9.0,True
random_forest,4,20260819,gmm_critical_20260813_0067,gmm,critical,79.342,55.24524769973541,-24.09675230026459,24.09675230026459,6.0,True
random_forest,4,20260819,gmm_critical_20260813_0072,gmm,critical,46.531,62.6497552261905,16.1187552261905,16.1187552261905,1.0,True
random_forest,4,20260819,gmm_high_20260813_0005,gmm,high,44.719,46.914333983686014,2.1953339836860124,2.1953339836860124,14.0,False
random_forest,4,20260819,gmm_high_20260813_0049,gmm,high,44.082,49.746101832010545,5.6641018320105445,5.6641018320105445,11.0,False
random_forest,4,20260819,gmm_high_20260813_0079,gmm,high,78.97833333333332,46.53802409920636,-32.440309234126964,32.440309234126964,16.0,False
random_forest,4,20260819,gmm_low_20260813_0012,gmm,low,24.410666666666668,25.55465987874782,1.1439932120811527,1.1439932120811527,30.0,False
random_forest,4,20260819,gmm_low_20260813_0036,gmm,low,25.197,25.265164432980622,0.06816443298062325,0.06816443298062325,32.0,False
random_forest,4,20260819,gmm_low_20260813_0072,gmm,low,24.93733333333333,25.54134132804233,0.6040079947089971,0.6040079947089971,31.0,False
random_forest,4,20260819,gmm_medium_20260813_0010,gmm,medium,28.833666666666662,31.54280534788358,2.709138681216917,2.709138681216917,20.0,False
random_forest,4,20260819,gmm_medium_20260813_0077,gmm,medium,28.415,29.224061600529094,0.8090616005290947,0.8090616005290947,23.0,False
random_forest,4,20260819,gmm_medium_20260813_0102,gmm,medium,33.226,30.786773660052877,-2.4392263399471226,2.4392263399471226,22.0,False
random_forest,4,20260819,lhs_critical_20260813_0036,lhs,critical,52.37566666666667,60.95464573015874,8.57897906349207,8.57897906349207,3.0,True
random_forest,4,20260819,lhs_critical_20260813_0055,lhs,critical,50.272,51.17289265079369,0.9008926507936934,0.9008926507936934,8.0,True
random_forest,4,20260819,lhs_critical_20260813_0101,lhs,critical,48.968,56.84723843783066,7.879238437830658,7.879238437830658,4.0,True
random_forest,4,20260819,lhs_high_20260813_0024,lhs,high,50.318666666666665,46.747768026454956,-3.570898640211709,3.570898640211709,15.0,False
random_forest,4,20260819,lhs_high_20260813_0077,lhs,high,44.736,45.00586701807761,0.26986701807761193,0.26986701807761193,17.0,False
random_forest,4,20260819,lhs_high_20260813_0106,lhs,high,51.74733333333334,49.57795045634916,-2.16938287698418,2.16938287698418,12.0,False
random_forest,4,20260819,lhs_low_20260813_0010,lhs,low,25.866333333333333,25.60427917107585,-0.2620541622574848,0.2620541622574848,29.0,False
random_forest,4,20260819,lhs_low_20260813_0077,lhs,low,24.584666666666667,25.756350068783068,1.1716834021164004,1.1716834021164004,28.0,False
random_forest,4,20260819,lhs_low_20260813_0128,lhs,low,24.47433333333333,25.00223208774252,0.5278987544091898,0.5278987544091898,34.0,False
random_forest,4,20260819,lhs_medium_20260813_0026,lhs,medium,28.41333333333333,29.222882907407413,0.809549574074083,0.809549574074083,24.0,False
random_forest,4,20260819,lhs_medium_20260813_0041,lhs,medium,30.77,31.22796043518516,0.4579604351851607,0.4579604351851607,21.0,False
random_forest,4,20260819,lhs_medium_20260813_0110,lhs,medium,32.588,33.85858585052907,1.2705858505290664,1.2705858505290664,19.0,False
ridge,4,20260819,cvae_critical_20260813_0030,cvae,critical,46.97633333333333,53.292541015805085,6.316207682471756,6.316207682471756,6.0,True
ridge,4,20260819,cvae_critical_20260813_0042,cvae,critical,48.01533333333333,63.22547032432633,15.210136990993,15.210136990993,2.0,True
ridge,4,20260819,cvae_critical_20260813_0046,cvae,critical,53.062333333333335,51.62449233102712,-1.4378410023062145,1.4378410023062145,7.0,True
ridge,4,20260819,cvae_high_20260813_0033,cvae,high,45.74666666666666,55.18008662267131,9.433419956004649,9.433419956004649,5.0,True
ridge,4,20260819,cvae_high_20260813_0043,cvae,high,40.77,42.1467230558875,1.3767230558874957,1.3767230558874957,17.0,False
ridge,4,20260819,cvae_high_20260813_0067,cvae,high,42.74,44.05435239502494,1.3143523950249403,1.3143523950249403,16.0,False
ridge,4,20260819,cvae_low_20260813_0001,cvae,low,25.207666666666668,22.93374693857045,-2.2739197280962173,2.2739197280962173,32.0,False
ridge,4,20260819,cvae_low_20260813_0034,cvae,low,24.413666666666668,19.970512551129872,-4.443154115536796,4.443154115536796,34.0,False
ridge,4,20260819,cvae_low_20260813_0115,cvae,low,23.761666666666667,21.492594385947505,-2.2690722807191612,2.2690722807191612,33.0,False
ridge,4,20260819,cvae_medium_20260813_0061,cvae,medium,26.52133333333333,30.55313789876275,4.031804565429418,4.031804565429418,25.0,False
ridge,4,20260819,cvae_medium_20260813_0082,cvae,medium,28.422666666666668,30.535929588894053,2.113262922227385,2.113262922227385,26.0,False
ridge,4,20260819,cvae_medium_20260813_0103,cvae,medium,27.532333333333334,33.967918940090385,6.435585606757051,6.435585606757051,23.0,False
ridge,4,20260819,gmm_critical_20260813_0004,gmm,critical,85.42566666666667,47.71385415910484,-37.71181250756183,37.71181250756183,14.0,False
ridge,4,20260819,gmm_critical_20260813_0067,gmm,critical,79.342,51.443909646459986,-27.898090353540013,27.898090353540013,8.0,True
ridge,4,20260819,gmm_critical_20260813_0072,gmm,critical,46.531,62.37612519733284,15.845125197332841,15.845125197332841,3.0,True
ridge,4,20260819,gmm_high_20260813_0005,gmm,high,44.719,50.2709532161262,5.551953216126201,5.551953216126201,10.0,False
ridge,4,20260819,gmm_high_20260813_0049,gmm,high,44.082,50.996507164375956,6.914507164375955,6.914507164375955,9.0,True
ridge,4,20260819,gmm_high_20260813_0079,gmm,high,78.97833333333332,46.33415082296814,-32.644182510365184,32.644182510365184,15.0,False
ridge,4,20260819,gmm_low_20260813_0012,gmm,low,24.410666666666668,24.118586089583587,-0.29208057708308033,0.29208057708308033,30.0,False
ridge,4,20260819,gmm_low_20260813_0036,gmm,low,25.197,24.63428515892699,-0.5627148410730101,0.5627148410730101,28.0,False
ridge,4,20260819,gmm_low_20260813_0072,gmm,low,24.93733333333333,15.36223753283737,-9.575095800495962,9.575095800495962,35.0,False
ridge,4,20260819,gmm_medium_20260813_0010,gmm,medium,28.833666666666662,37.41474558868317,8.581078922016506,8.581078922016506,19.0,False
ridge,4,20260819,gmm_medium_20260813_0077,gmm,medium,28.415,33.29395691035415,4.878956910354148,4.878956910354148,24.0,False
ridge,4,20260819,gmm_medium_20260813_0102,gmm,medium,33.226,37.49262895937689,4.266628959376888,4.266628959376888,18.0,False
ridge,4,20260819,lhs_critical_20260813_0036,lhs,critical,52.37566666666667,63.94291622234623,11.56724955567956,11.56724955567956,1.0,True
ridge,4,20260819,lhs_critical_20260813_0055,lhs,critical,50.272,48.606482686355925,-1.6655173136440737,1.6655173136440737,12.0,False
ridge,4,20260819,lhs_critical_20260813_0101,lhs,critical,48.968,57.23192814101358,8.26392814101358,8.26392814101358,4.0,True
ridge,4,20260819,lhs_high_20260813_0024,lhs,high,50.318666666666665,48.838309318046484,-1.4803573486201813,1.4803573486201813,11.0,False
ridge,4,20260819,lhs_high_20260813_0077,lhs,high,44.736,34.70213281736994,-10.033867182630054,10.033867182630054,20.0,False
ridge,4,20260819,lhs_high_20260813_0106,lhs,high,51.74733333333334,48.389659360771034,-3.357673972562303,3.357673972562303,13.0,False
ridge,4,20260819,lhs_low_20260813_0010,lhs,low,25.866333333333333,24.496500175602776,-1.3698331577305574,1.3698331577305574,29.0,False
ridge,4,20260819,lhs_low_20260813_0077,lhs,low,24.584666666666667,28.562632899723432,3.9779662330567653,3.9779662330567653,27.0,False
ridge,4,20260819,lhs_low_20260813_0128,lhs,low,24.47433333333333,12.77894755712532,-11.69538577620801,11.69538577620801,36.0,False
ridge,4,20260819,lhs_medium_20260813_0026,lhs,medium,28.41333333333333,33.97400446122079,5.560671127887456,5.560671127887456,22.0,False
ridge,4,20260819,lhs_medium_20260813_0041,lhs,medium,30.77,23.654066270587467,-7.115933729412532,7.115933729412532,31.0,False
ridge,4,20260819,lhs_medium_20260813_0110,lhs,medium,32.588,34.639057001054354,2.051057001054353,2.051057001054353,21.0,False
random_forest,5,20260820,cvae_critical_20260813_0030,cvae,critical,46.97633333333333,56.075852824074055,9.099519490740725,9.099519490740725,5.0,True
random_forest,5,20260820,cvae_critical_20260813_0042,cvae,critical,48.01533333333333,53.24503437301587,5.2297010396825385,5.2297010396825385,7.0,True
random_forest,5,20260820,cvae_critical_20260813_0046,cvae,critical,53.062333333333335,61.8038269532628,8.741493619929464,8.741493619929464,2.0,True
random_forest,5,20260820,cvae_high_20260813_0033,cvae,high,45.74666666666666,45.25441972751326,-0.4922469391534037,0.4922469391534037,17.0,False
random_forest,5,20260820,cvae_high_20260813_0043,cvae,high,40.77,50.29603056834213,9.52603056834213,9.52603056834213,12.0,False
random_forest,5,20260820,cvae_high_20260813_0067,cvae,high,42.74,45.4620253161376,2.7220253161375965,2.7220253161375965,16.0,False
random_forest,5,20260820,cvae_low_20260813_0001,cvae,low,25.207666666666668,25.211962289682532,0.004295623015863725,0.004295623015863725,32.0,False
random_forest,5,20260820,cvae_low_20260813_0034,cvae,low,24.413666666666668,24.910305212962996,0.4966385462963281,0.4966385462963281,35.0,False
random_forest,5,20260820,cvae_low_20260813_0115,cvae,low,23.761666666666667,24.930143349206393,1.1684766825397261,1.1684766825397261,34.0,False
random_forest,5,20260820,cvae_medium_20260813_0061,cvae,medium,26.52133333333333,30.12348587389772,3.60215254056439,3.60215254056439,23.0,False
random_forest,5,20260820,cvae_medium_20260813_0082,cvae,medium,28.422666666666668,28.987943686507915,0.5652770198412469,0.5652770198412469,25.0,False
random_forest,5,20260820,cvae_medium_20260813_0103,cvae,medium,27.532333333333334,28.608774507936506,1.076441174603172,1.076441174603172,27.0,False
random_forest,5,20260820,gmm_critical_20260813_0004,gmm,critical,85.42566666666667,52.02668184391532,-33.39898482275135,33.39898482275135,8.0,True
random_forest,5,20260820,gmm_critical_20260813_0067,gmm,critical,79.342,55.11364987830686,-24.22835012169314,24.22835012169314,6.0,True
random_forest,5,20260820,gmm_critical_20260813_0072,gmm,critical,46.531,61.94611261992946,15.41511261992946,15.41511261992946,1.0,True
random_forest,5,20260820,gmm_high_20260813_0005,gmm,high,44.719,46.706349920194015,1.9873499201940135,1.9873499201940135,14.0,False
random_forest,5,20260820,gmm_high_20260813_0049,gmm,high,44.082,50.83362496516754,6.751624965167537,6.751624965167537,9.0,True
random_forest,5,20260820,gmm_high_20260813_0079,gmm,high,78.97833333333332,45.714685978836,-33.26364735449732,33.26364735449732,15.0,False
random_forest,5,20260820,gmm_low_20260813_0012,gmm,low,24.410666666666668,24.98489993342151,0.5742332667548418,0.5742332667548418,33.0,False
random_forest,5,20260820,gmm_low_20260813_0036,gmm,low,25.197,25.54864484656087,0.3516448465608697,0.3516448465608697,28.0,False
random_forest,5,20260820,gmm_low_20260813_0072,gmm,low,24.93733333333333,25.38530885185189,0.44797551851855744,0.44797551851855744,31.0,False
random_forest,5,20260820,gmm_medium_20260813_0010,gmm,medium,28.833666666666662,30.307237212522043,1.473570545855381,1.473570545855381,22.0,False
random_forest,5,20260820,gmm_medium_20260813_0077,gmm,medium,28.415,28.755787774691374,0.3407877746913748,0.3407877746913748,26.0,False
random_forest,5,20260820,gmm_medium_20260813_0102,gmm,medium,33.226,31.058280941798948,-2.167719058201051,2.167719058201051,21.0,False
random_forest,5,20260820,lhs_critical_20260813_0036,lhs,critical,52.37566666666667,58.92486762257493,6.549200955908262,6.549200955908262,3.0,True
random_forest,5,20260820,lhs_critical_20260813_0055,lhs,critical,50.272,50.83174367724865,0.5597436772486546,0.5597436772486546,10.0,False
random_forest,5,20260820,lhs_critical_20260813_0101,lhs,critical,48.968,56.807234853174535,7.839234853174531,7.839234853174531,4.0,True
random_forest,5,20260820,lhs_high_20260813_0024,lhs,high,50.318666666666665,43.76916381481481,-6.549502851851855,6.549502851851855,18.0,False
random_forest,5,20260820,lhs_high_20260813_0077,lhs,high,44.736,50.50928403130508,5.7732840313050815,5.7732840313050815,11.0,False
random_forest,5,20260820,lhs_high_20260813_0106,lhs,high,51.74733333333334,49.93944686243387,-1.8078864708994686,1.8078864708994686,13.0,False
random_forest,5,20260820,lhs_low_20260813_0010,lhs,low,25.866333333333333,25.450323638007056,-0.4160096953262773,0.4160096953262773,30.0,False
random_forest,5,20260820,lhs_low_20260813_0077,lhs,low,24.584666666666667,25.48361364153442,0.8989469748677514,0.8989469748677514,29.0,False
random_forest,5,20260820,lhs_low_20260813_0128,lhs,low,24.47433333333333,24.82276005291009,0.34842671957676075,0.34842671957676075,36.0,False
random_forest,5,20260820,lhs_medium_20260813_0026,lhs,medium,28.41333333333333,29.252843312169322,0.8395099788359914,0.8395099788359914,24.0,False
random_forest,5,20260820,lhs_medium_20260813_0041,lhs,medium,30.77,32.397620671957675,1.6276206719576756,1.6276206719576756,20.0,False
random_forest,5,20260820,lhs_medium_20260813_0110,lhs,medium,32.588,32.80690728042323,0.21890728042323104,0.21890728042323104,19.0,False
ridge,5,20260820,cvae_critical_20260813_0030,cvae,critical,46.97633333333333,51.09390056404814,4.117567230714812,4.117567230714812,7.0,True
ridge,5,20260820,cvae_critical_20260813_0042,cvae,critical,48.01533333333333,55.148254490981394,7.132921157648063,7.132921157648063,5.0,True
ridge,5,20260820,cvae_critical_20260813_0046,cvae,critical,53.062333333333335,65.30927341063335,12.246940077300017,12.246940077300017,2.0,True
ridge,5,20260820,cvae_high_20260813_0033,cvae,high,45.74666666666666,49.018092591366305,3.271425924699642,3.271425924699642,13.0,False
ridge,5,20260820,cvae_high_20260813_0043,cvae,high,40.77,40.65033387062278,-0.11966612937722232,0.11966612937722232,19.0,False
ridge,5,20260820,cvae_high_20260813_0067,cvae,high,42.74,47.533040711001384,4.793040711001382,4.793040711001382,15.0,False
ridge,5,20260820,cvae_low_20260813_0001,cvae,low,25.207666666666668,32.59776207779416,7.39009541112749,7.39009541112749,24.0,False
ridge,5,20260820,cvae_low_20260813_0034,cvae,low,24.413666666666668,18.138107283716167,-6.275559382950501,6.275559382950501,33.0,False
ridge,5,20260820,cvae_low_20260813_0115,cvae,low,23.761666666666667,22.580701725508703,-1.1809649411579635,1.1809649411579635,29.0,False
ridge,5,20260820,cvae_medium_20260813_0061,cvae,medium,26.52133333333333,33.22159002176702,6.70025668843369,6.70025668843369,23.0,False
ridge,5,20260820,cvae_medium_20260813_0082,cvae,medium,28.422666666666668,29.419932664548824,0.9972659978821561,0.9972659978821561,27.0,False
ridge,5,20260820,cvae_medium_20260813_0103,cvae,medium,27.532333333333334,31.769989956578897,4.237656623245563,4.237656623245563,25.0,False
ridge,5,20260820,gmm_critical_20260813_0004,gmm,critical,85.42566666666667,50.28041118551654,-35.14525548115013,35.14525548115013,11.0,False
ridge,5,20260820,gmm_critical_20260813_0067,gmm,critical,79.342,50.630773090191525,-28.711226909808474,28.711226909808474,10.0,False
ridge,5,20260820,gmm_critical_20260813_0072,gmm,critical,46.531,65.0926876981477,18.5616876981477,18.5616876981477,3.0,True
ridge,5,20260820,gmm_high_20260813_0005,gmm,high,44.719,50.74499714420719,6.025997144207189,6.025997144207189,8.0,True
ridge,5,20260820,gmm_high_20260813_0049,gmm,high,44.082,41.96070231809939,-2.1212976819006073,2.1212976819006073,17.0,False
ridge,5,20260820,gmm_high_20260813_0079,gmm,high,78.97833333333332,47.87245472649756,-31.105878606835766,31.105878606835766,14.0,False
ridge,5,20260820,gmm_low_20260813_0012,gmm,low,24.410666666666668,20.934148377638756,-3.4765182890279114,3.4765182890279114,30.0,False
ridge,5,20260820,gmm_low_20260813_0036,gmm,low,25.197,16.480673369953347,-8.716326630046652,8.716326630046652,34.0,False
ridge,5,20260820,gmm_low_20260813_0072,gmm,low,24.93733333333333,15.994884431623994,-8.942448901709337,8.942448901709337,35.0,False
ridge,5,20260820,gmm_medium_20260813_0010,gmm,medium,28.833666666666662,34.57002561039566,5.736358943728998,5.736358943728998,22.0,False
ridge,5,20260820,gmm_medium_20260813_0077,gmm,medium,28.415,50.67654404271371,22.26154404271371,22.26154404271371,9.0,True
ridge,5,20260820,gmm_medium_20260813_0102,gmm,medium,33.226,40.81323143366936,7.587231433669359,7.587231433669359,18.0,False
ridge,5,20260820,lhs_critical_20260813_0036,lhs,critical,52.37566666666667,67.09050384749168,14.714837180825008,14.714837180825008,1.0,True
ridge,5,20260820,lhs_critical_20260813_0055,lhs,critical,50.272,54.2807010827581,4.008701082758101,4.008701082758101,6.0,True
ridge,5,20260820,lhs_critical_20260813_0101,lhs,critical,48.968,62.14799369694304,13.179993696943036,13.179993696943036,4.0,True
ridge,5,20260820,lhs_high_20260813_0024,lhs,high,50.318666666666665,36.658224128730055,-13.66044253793661,13.66044253793661,21.0,False
ridge,5,20260820,lhs_high_20260813_0077,lhs,high,44.736,49.2928670116381,4.556867011638104,4.556867011638104,12.0,False
ridge,5,20260820,lhs_high_20260813_0106,lhs,high,51.74733333333334,44.5933795156891,-7.153953817644236,7.153953817644236,16.0,False
ridge,5,20260820,lhs_low_20260813_0010,lhs,low,25.866333333333333,11.687135805693728,-14.179197527639605,14.179197527639605,36.0,False
ridge,5,20260820,lhs_low_20260813_0077,lhs,low,24.584666666666667,31.38618911067332,6.801522444006654,6.801522444006654,26.0,False
ridge,5,20260820,lhs_low_20260813_0128,lhs,low,24.47433333333333,19.32540288385314,-5.14893044948019,5.14893044948019,32.0,False
ridge,5,20260820,lhs_medium_20260813_0026,lhs,medium,28.41333333333333,28.682210607984654,0.2688772746513237,0.2688772746513237,28.0,False
ridge,5,20260820,lhs_medium_20260813_0041,lhs,medium,30.77,19.55037580667744,-11.21962419332256,11.21962419332256,31.0,False
ridge,5,20260820,lhs_medium_20260813_0110,lhs,medium,32.588,38.658634664167685,6.0706346641676845,6.0706346641676845,20.0,False
random_forest,6,20260821,cvae_critical_20260813_0030,cvae,critical,46.97633333333333,56.40841960626099,9.432086272927663,9.432086272927663,6.0,True
random_forest,6,20260821,cvae_critical_20260813_0042,cvae,critical,48.01533333333333,55.541313554673664,7.525980221340333,7.525980221340333,7.0,True
random_forest,6,20260821,cvae_critical_20260813_0046,cvae,critical,53.062333333333335,61.31121436904759,8.248881035714255,8.248881035714255,1.0,True
random_forest,6,20260821,cvae_high_20260813_0033,cvae,high,45.74666666666666,46.999011693121666,1.2523450264550036,1.2523450264550036,15.0,False
random_forest,6,20260821,cvae_high_20260813_0043,cvae,high,40.77,50.48783127513225,9.717831275132248,9.717831275132248,11.0,False
random_forest,6,20260821,cvae_high_20260813_0067,cvae,high,42.74,47.4130534126984,4.673053412698401,4.673053412698401,14.0,False
random_forest,6,20260821,cvae_low_20260813_0001,cvae,low,25.207666666666668,26.160305529982377,0.952638863315709,0.952638863315709,29.0,False
random_forest,6,20260821,cvae_low_20260813_0034,cvae,low,24.413666666666668,24.935637708393436,0.5219710417267684,0.5219710417267684,35.0,False
random_forest,6,20260821,cvae_low_20260813_0115,cvae,low,23.761666666666667,24.72583683156969,0.9641701649030239,0.9641701649030239,36.0,False
random_forest,6,20260821,cvae_medium_20260813_0061,cvae,medium,26.52133333333333,28.442615427248704,1.921282093915373,1.921282093915373,27.0,False
random_forest,6,20260821,cvae_medium_20260813_0082,cvae,medium,28.422666666666668,29.535328585978817,1.1126619193121492,1.1126619193121492,25.0,False
random_forest,6,20260821,cvae_medium_20260813_0103,cvae,medium,27.532333333333334,28.964785507936497,1.4324521746031635,1.4324521746031635,26.0,False
random_forest,6,20260821,gmm_critical_20260813_0004,gmm,critical,85.42566666666667,52.47514705335093,-32.95051961331574,32.95051961331574,9.0,True
random_forest,6,20260821,gmm_critical_20260813_0067,gmm,critical,79.342,56.583563639329746,-22.758436360670252,22.758436360670252,5.0,True
random_forest,6,20260821,gmm_critical_20260813_0072,gmm,critical,46.531,59.65029182936504,13.11929182936504,13.11929182936504,3.0,True
random_forest,6,20260821,gmm_high_20260813_0005,gmm,high,44.719,46.221610806878275,1.5026108068782733,1.5026108068782733,17.0,False
random_forest,6,20260821,gmm_high_20260813_0049,gmm,high,44.082,52.46411366843033,8.382113668430328,8.382113668430328,10.0,False
random_forest,6,20260821,gmm_high_20260813_0079,gmm,high,78.97833333333332,46.27420702248675,-32.704126310846576,32.704126310846576,16.0,False
random_forest,6,20260821,gmm_low_20260813_0012,gmm,low,24.410666666666668,25.3857509373898,0.9750842707231335,0.9750842707231335,33.0,False
random_forest,6,20260821,gmm_low_20260813_0036,gmm,low,25.197,25.669048630070566,0.4720486300705673,0.4720486300705673,31.0,False
random_forest,6,20260821,gmm_low_20260813_0072,gmm,low,24.93733333333333,25.665935053631554,0.7286017202982222,0.7286017202982222,32.0,False
random_forest,6,20260821,gmm_medium_20260813_0010,gmm,medium,28.833666666666662,32.251871847001745,3.4182051803350824,3.4182051803350824,20.0,False
random_forest,6,20260821,gmm_medium_20260813_0077,gmm,medium,28.415,30.42207754497354,2.0070775449735407,2.0070775449735407,24.0,False
random_forest,6,20260821,gmm_medium_20260813_0102,gmm,medium,33.226,30.731094368165813,-2.494905631834186,2.494905631834186,23.0,False
random_forest,6,20260821,lhs_critical_20260813_0036,lhs,critical,52.37566666666667,61.11061691446209,8.734950247795425,8.734950247795425,2.0,True
random_forest,6,20260821,lhs_critical_20260813_0055,lhs,critical,50.272,57.858584052910025,7.586584052910027,7.586584052910027,4.0,True
random_forest,6,20260821,lhs_critical_20260813_0101,lhs,critical,48.968,55.4802274488536,6.512227448853594,6.512227448853594,8.0,True
random_forest,6,20260821,lhs_high_20260813_0024,lhs,high,50.318666666666665,43.960741165343876,-6.357925501322789,6.357925501322789,18.0,False
random_forest,6,20260821,lhs_high_20260813_0077,lhs,high,44.736,47.52872154232803,2.7927215423280316,2.7927215423280316,13.0,False
random_forest,6,20260821,lhs_high_20260813_0106,lhs,high,51.74733333333334,49.778453306878305,-1.9688800264550324,1.9688800264550324,12.0,False
random_forest,6,20260821,lhs_low_20260813_0010,lhs,low,25.866333333333333,25.771546999559124,-0.0947863337742092,0.0947863337742092,30.0,False
random_forest,6,20260821,lhs_low_20260813_0077,lhs,low,24.584666666666667,26.58472822574957,2.0000615590829014,2.0000615590829014,28.0,False
random_forest,6,20260821,lhs_low_20260813_0128,lhs,low,24.47433333333333,24.939999242784975,0.4656659094516442,0.4656659094516442,34.0,False
random_forest,6,20260821,lhs_medium_20260813_0026,lhs,medium,28.41333333333333,30.88696378174603,2.473630448412699,2.473630448412699,22.0,False
random_forest,6,20260821,lhs_medium_20260813_0041,lhs,medium,30.77,31.538134281746068,0.7681342817460681,0.7681342817460681,21.0,False
random_forest,6,20260821,lhs_medium_20260813_0110,lhs,medium,32.588,34.340863683862416,1.7528636838624152,1.7528636838624152,19.0,False
ridge,6,20260821,cvae_critical_20260813_0030,cvae,critical,46.97633333333333,59.34058471775272,12.36425138441939,12.36425138441939,6.0,True
ridge,6,20260821,cvae_critical_20260813_0042,cvae,critical,48.01533333333333,53.861032381011825,5.845699047678494,5.845699047678494,9.0,True
ridge,6,20260821,cvae_critical_20260813_0046,cvae,critical,53.062333333333335,62.3835911040485,9.321257770715164,9.321257770715164,3.0,True
ridge,6,20260821,cvae_high_20260813_0033,cvae,high,45.74666666666666,52.915431136413126,7.168764469746463,7.168764469746463,10.0,False
ridge,6,20260821,cvae_high_20260813_0043,cvae,high,40.77,42.12420167930838,1.3542016793083747,1.3542016793083747,18.0,False
ridge,6,20260821,cvae_high_20260813_0067,cvae,high,42.74,43.28174349297704,0.5417434929770408,0.5417434929770408,15.0,False
ridge,6,20260821,cvae_low_20260813_0001,cvae,low,25.207666666666668,27.08670436872034,1.8790377020536724,1.8790377020536724,29.0,False
ridge,6,20260821,cvae_low_20260813_0034,cvae,low,24.413666666666668,11.733427217566657,-12.68023944910001,12.68023944910001,35.0,False
ridge,6,20260821,cvae_low_20260813_0115,cvae,low,23.761666666666667,21.440090076943186,-2.321576589723481,2.321576589723481,30.0,False
ridge,6,20260821,cvae_medium_20260813_0061,cvae,medium,26.52133333333333,30.806533663234397,4.285200329901066,4.285200329901066,24.0,False
ridge,6,20260821,cvae_medium_20260813_0082,cvae,medium,28.422666666666668,28.01944337607682,-0.4032232905898496,0.4032232905898496,28.0,False
ridge,6,20260821,cvae_medium_20260813_0103,cvae,medium,27.532333333333334,28.836726344459933,1.3043930111265993,1.3043930111265993,27.0,False
ridge,6,20260821,gmm_critical_20260813_0004,gmm,critical,85.42566666666667,44.2479723836285,-41.17769428303817,41.17769428303817,13.0,False
ridge,6,20260821,gmm_critical_20260813_0067,gmm,critical,79.342,49.29276908194099,-30.04923091805901,30.04923091805901,11.0,False
ridge,6,20260821,gmm_critical_20260813_0072,gmm,critical,46.531,61.23026608013812,14.699266080138123,14.699266080138123,5.0,True
ridge,6,20260821,gmm_high_20260813_0005,gmm,high,44.719,56.45928970235849,11.740289702358488,11.740289702358488,8.0,True
ridge,6,20260821,gmm_high_20260813_0049,gmm,high,44.082,64.84388922851869,20.76188922851869,20.76188922851869,1.0,True
ridge,6,20260821,gmm_high_20260813_0079,gmm,high,78.97833333333332,43.659621340152746,-35.31871199318058,35.31871199318058,14.0,False
ridge,6,20260821,gmm_low_20260813_0012,gmm,low,24.410666666666668,19.33117417214444,-5.079492494522228,5.079492494522228,32.0,False
ridge,6,20260821,gmm_low_20260813_0036,gmm,low,25.197,19.921490663197627,-5.275509336802372,5.275509336802372,31.0,False
ridge,6,20260821,gmm_low_20260813_0072,gmm,low,24.93733333333333,13.752197417673063,-11.185135915660268,11.185135915660268,34.0,False
ridge,6,20260821,gmm_medium_20260813_0010,gmm,medium,28.833666666666662,42.350449727465424,13.516783060798762,13.516783060798762,17.0,False
ridge,6,20260821,gmm_medium_20260813_0077,gmm,medium,28.415,42.72290928699199,14.307909286991993,14.307909286991993,16.0,False
ridge,6,20260821,gmm_medium_20260813_0102,gmm,medium,33.226,32.64790612051456,-0.5780938794854364,0.5780938794854364,22.0,False
ridge,6,20260821,lhs_critical_20260813_0036,lhs,critical,52.37566666666667,62.032878049251565,9.657211382584897,9.657211382584897,4.0,True
ridge,6,20260821,lhs_critical_20260813_0055,lhs,critical,50.272,57.440982273598394,7.168982273598395,7.168982273598395,7.0,True
ridge,6,20260821,lhs_critical_20260813_0101,lhs,critical,48.968,64.71810183092862,15.750101830928614,15.750101830928614,2.0,True
ridge,6,20260821,lhs_high_20260813_0024,lhs,high,50.318666666666665,37.51026871051485,-12.808397956151815,12.808397956151815,21.0,False
ridge,6,20260821,lhs_high_20260813_0077,lhs,high,44.736,38.995368390930295,-5.740631609069702,5.740631609069702,20.0,False
ridge,6,20260821,lhs_high_20260813_0106,lhs,high,51.74733333333334,45.25293639540687,-6.494396937926467,6.494396937926467,12.0,False
ridge,6,20260821,lhs_low_20260813_0010,lhs,low,25.866333333333333,19.180812645904975,-6.685520687428358,6.685520687428358,33.0,False
ridge,6,20260821,lhs_low_20260813_0077,lhs,low,24.584666666666667,29.391874125538443,4.807207458871776,4.807207458871776,26.0,False
ridge,6,20260821,lhs_low_20260813_0128,lhs,low,24.47433333333333,2.97618951586513,-21.4981438174682,21.4981438174682,36.0,False
ridge,6,20260821,lhs_medium_20260813_0026,lhs,medium,28.41333333333333,31.37664377866297,2.9633104453296397,2.9633104453296397,23.0,False
ridge,6,20260821,lhs_medium_20260813_0041,lhs,medium,30.77,30.502116247409774,-0.267883752590226,0.267883752590226,25.0,False
ridge,6,20260821,lhs_medium_20260813_0110,lhs,medium,32.588,39.41974940658195,6.831749406581949,6.831749406581949,19.0,False
random_forest,7,20260822,cvae_critical_20260813_0030,cvae,critical,46.97633333333333,58.45719404232798,11.480860708994648,11.480860708994648,3.0,True
random_forest,7,20260822,cvae_critical_20260813_0042,cvae,critical,48.01533333333333,56.008129599647276,7.992796266313945,7.992796266313945,4.0,True
random_forest,7,20260822,cvae_critical_20260813_0046,cvae,critical,53.062333333333335,55.84328067989416,2.780947346560822,2.780947346560822,5.0,True
random_forest,7,20260822,cvae_high_20260813_0033,cvae,high,45.74666666666666,52.043823874338635,6.297157207671972,6.297157207671972,10.0,False
random_forest,7,20260822,cvae_high_20260813_0043,cvae,high,40.77,45.84683937301586,5.076839373015858,5.076839373015858,15.0,False
random_forest,7,20260822,cvae_high_20260813_0067,cvae,high,42.74,46.26755985537918,3.527559855379181,3.527559855379181,14.0,False
random_forest,7,20260822,cvae_low_20260813_0001,cvae,low,25.207666666666668,25.492153652557317,0.28448698589064847,0.28448698589064847,29.0,False
random_forest,7,20260822,cvae_low_20260813_0034,cvae,low,24.413666666666668,24.800206231040594,0.3865395643739262,0.3865395643739262,35.0,False
random_forest,7,20260822,cvae_low_20260813_0115,cvae,low,23.761666666666667,24.754485841710782,0.9928191750441151,0.9928191750441151,36.0,False
random_forest,7,20260822,cvae_medium_20260813_0061,cvae,medium,26.52133333333333,29.80010382603815,3.278770492704819,3.278770492704819,24.0,False
random_forest,7,20260822,cvae_medium_20260813_0082,cvae,medium,28.422666666666668,29.20686365873012,0.7841969920634533,0.7841969920634533,26.0,False
random_forest,7,20260822,cvae_medium_20260813_0103,cvae,medium,27.532333333333334,28.037936989418,0.5056036560846664,0.5056036560846664,27.0,False
random_forest,7,20260822,gmm_critical_20260813_0004,gmm,critical,85.42566666666667,53.733043364197584,-31.692623302469087,31.692623302469087,7.0,True
random_forest,7,20260822,gmm_critical_20260813_0067,gmm,critical,79.342,51.16768887610229,-28.17431112389771,28.17431112389771,11.0,False
random_forest,7,20260822,gmm_critical_20260813_0072,gmm,critical,46.531,64.14485328968253,17.61385328968253,17.61385328968253,1.0,True
random_forest,7,20260822,gmm_high_20260813_0005,gmm,high,44.719,43.860867899470904,-0.8581321005290974,0.8581321005290974,18.0,False
random_forest,7,20260822,gmm_high_20260813_0049,gmm,high,44.082,52.891369395502636,8.809369395502635,8.809369395502635,9.0,True
random_forest,7,20260822,gmm_high_20260813_0079,gmm,high,78.97833333333332,45.823861714726604,-33.15447161860672,33.15447161860672,16.0,False
random_forest,7,20260822,gmm_low_20260813_0012,gmm,low,24.410666666666668,25.184671680776027,0.7740050141093597,0.7740050141093597,34.0,False
random_forest,7,20260822,gmm_low_20260813_0036,gmm,low,25.197,25.43180571007698,0.23480571007698003,0.23480571007698003,30.0,False
random_forest,7,20260822,gmm_low_20260813_0072,gmm,low,24.93733333333333,25.28498522001763,0.34765188668430014,0.34765188668430014,33.0,False
random_forest,7,20260822,gmm_medium_20260813_0010,gmm,medium,28.833666666666662,31.642408083774242,2.80874141710758,2.80874141710758,20.0,False
random_forest,7,20260822,gmm_medium_20260813_0077,gmm,medium,28.415,30.49757539217572,2.0825753921757197,2.0825753921757197,22.0,False
random_forest,7,20260822,gmm_medium_20260813_0102,gmm,medium,33.226,29.705193320546737,-3.520806679453262,3.520806679453262,25.0,False
random_forest,7,20260822,lhs_critical_20260813_0036,lhs,critical,52.37566666666667,53.70334782186954,1.3276811552028747,1.3276811552028747,8.0,True
random_forest,7,20260822,lhs_critical_20260813_0055,lhs,critical,50.272,55.48411679541439,5.2121167954143885,5.2121167954143885,6.0,True
random_forest,7,20260822,lhs_critical_20260813_0101,lhs,critical,48.968,60.82681772486771,11.858817724867706,11.858817724867706,2.0,True
random_forest,7,20260822,lhs_high_20260813_0024,lhs,high,50.318666666666665,51.04193710846561,0.7232704417989453,0.7232704417989453,13.0,False
random_forest,7,20260822,lhs_high_20260813_0077,lhs,high,44.736,45.04906904585534,0.3130690458553431,0.3130690458553431,17.0,False
random_forest,7,20260822,lhs_high_20260813_0106,lhs,high,51.74733333333334,51.055155014550216,-0.692178318783121,0.692178318783121,12.0,False
random_forest,7,20260822,lhs_low_20260813_0010,lhs,low,25.866333333333333,25.85290582407407,-0.013427509259262393,0.013427509259262393,28.0,False
random_forest,7,20260822,lhs_low_20260813_0077,lhs,low,24.584666666666667,25.421262285714285,0.8365956190476176,0.8365956190476176,31.0,False
random_forest,7,20260822,lhs_low_20260813_0128,lhs,low,24.47433333333333,25.4138653860029,0.9395320526695699,0.9395320526695699,32.0,False
random_forest,7,20260822,lhs_medium_20260813_0026,lhs,medium,28.41333333333333,30.1497341492304,1.7364008158970705,1.7364008158970705,23.0,False
random_forest,7,20260822,lhs_medium_20260813_0041,lhs,medium,30.77,30.8754016111111,0.1054016111111018,0.1054016111111018,21.0,False
random_forest,7,20260822,lhs_medium_20260813_0110,lhs,medium,32.588,35.156759363756585,2.568759363756584,2.568759363756584,19.0,False
ridge,7,20260822,cvae_critical_20260813_0030,cvae,critical,46.97633333333333,59.531234893729064,12.554901560395734,12.554901560395734,4.0,True
ridge,7,20260822,cvae_critical_20260813_0042,cvae,critical,48.01533333333333,59.52797934828522,11.51264601495189,11.51264601495189,5.0,True
ridge,7,20260822,cvae_critical_20260813_0046,cvae,critical,53.062333333333335,57.527354008963975,4.46502067563064,4.46502067563064,6.0,True
ridge,7,20260822,cvae_high_20260813_0033,cvae,high,45.74666666666666,54.577191527269974,8.830524860603312,8.830524860603312,8.0,True
ridge,7,20260822,cvae_high_20260813_0043,cvae,high,40.77,47.593458748834564,6.823458748834561,6.823458748834561,12.0,False
ridge,7,20260822,cvae_high_20260813_0067,cvae,high,42.74,43.3120589040204,0.5720589040203947,0.5720589040203947,17.0,False
ridge,7,20260822,cvae_low_20260813_0001,cvae,low,25.207666666666668,27.076422474672956,1.8687558080062878,1.8687558080062878,28.0,False
ridge,7,20260822,cvae_low_20260813_0034,cvae,low,24.413666666666668,24.101709076862917,-0.3119575898037503,0.3119575898037503,31.0,False
ridge,7,20260822,cvae_low_20260813_0115,cvae,low,23.761666666666667,19.62855115496909,-4.133115511697575,4.133115511697575,34.0,False
ridge,7,20260822,cvae_medium_20260813_0061,cvae,medium,26.52133333333333,28.216766152148434,1.695432818815103,1.695432818815103,27.0,False
ridge,7,20260822,cvae_medium_20260813_0082,cvae,medium,28.422666666666668,32.88029175986302,4.457625093196352,4.457625093196352,24.0,False
ridge,7,20260822,cvae_medium_20260813_0103,cvae,medium,27.532333333333334,31.462127077129438,3.929793743796104,3.929793743796104,25.0,False
ridge,7,20260822,gmm_critical_20260813_0004,gmm,critical,85.42566666666667,44.574287093993405,-40.85137957267327,40.85137957267327,15.0,False
ridge,7,20260822,gmm_critical_20260813_0067,gmm,critical,79.342,49.158283687558914,-30.183716312441085,30.183716312441085,11.0,False
ridge,7,20260822,gmm_critical_20260813_0072,gmm,critical,46.531,61.40184846059978,14.870848460599781,14.870848460599781,2.0,True
ridge,7,20260822,gmm_high_20260813_0005,gmm,high,44.719,52.35835902587613,7.639359025876132,7.639359025876132,9.0,True
ridge,7,20260822,gmm_high_20260813_0049,gmm,high,44.082,62.343584187997706,18.261584187997705,18.261584187997705,1.0,True
ridge,7,20260822,gmm_high_20260813_0079,gmm,high,78.97833333333332,43.43269644304865,-35.545636890284676,35.545636890284676,16.0,False
ridge,7,20260822,gmm_low_20260813_0012,gmm,low,24.410666666666668,26.793402930988652,2.3827362643219843,2.3827362643219843,29.0,False
ridge,7,20260822,gmm_low_20260813_0036,gmm,low,25.197,20.703605882159838,-4.493394117840161,4.493394117840161,32.0,False
ridge,7,20260822,gmm_low_20260813_0072,gmm,low,24.93733333333333,11.690059624867079,-13.247273708466253,13.247273708466253,35.0,False
ridge,7,20260822,gmm_medium_20260813_0010,gmm,medium,28.833666666666662,40.51553924269448,11.681872576027818,11.681872576027818,20.0,False
ridge,7,20260822,gmm_medium_20260813_0077,gmm,medium,28.415,40.10933808397815,11.694338083978153,11.694338083978153,21.0,False
ridge,7,20260822,gmm_medium_20260813_0102,gmm,medium,33.226,34.98011815618586,1.7541181561858608,1.7541181561858608,22.0,False
ridge,7,20260822,lhs_critical_20260813_0036,lhs,critical,52.37566666666667,50.77266044383266,-1.6030062228340043,1.6030062228340043,10.0,False
ridge,7,20260822,lhs_critical_20260813_0055,lhs,critical,50.272,54.90117354350349,4.629173543503491,4.629173543503491,7.0,True
ridge,7,20260822,lhs_critical_20260813_0101,lhs,critical,48.968,59.613344202869456,10.645344202869452,10.645344202869452,3.0,True
ridge,7,20260822,lhs_high_20260813_0024,lhs,high,50.318666666666665,41.748178718835156,-8.57048794783151,8.57048794783151,19.0,False
ridge,7,20260822,lhs_high_20260813_0077,lhs,high,44.736,47.09548475758179,2.3594847575817894,2.3594847575817894,13.0,False
ridge,7,20260822,lhs_high_20260813_0106,lhs,high,51.74733333333334,46.78669594872422,-4.9606373846091145,4.9606373846091145,14.0,False
ridge,7,20260822,lhs_low_20260813_0010,lhs,low,25.866333333333333,9.194120104684252,-16.67221322864908,16.67221322864908,36.0,False
ridge,7,20260822,lhs_low_20260813_0077,lhs,low,24.584666666666667,24.899824999820012,0.3151583331533452,0.3151583331533452,30.0,False
ridge,7,20260822,lhs_low_20260813_0128,lhs,low,24.47433333333333,20.1331694106798,-4.341163922653532,4.341163922653532,33.0,False
ridge,7,20260822,lhs_medium_20260813_0026,lhs,medium,28.41333333333333,29.484119102690432,1.0707857693571015,1.0707857693571015,26.0,False
ridge,7,20260822,lhs_medium_20260813_0041,lhs,medium,30.77,34.044488221893985,3.2744882218939857,3.2744882218939857,23.0,False
ridge,7,20260822,lhs_medium_20260813_0110,lhs,medium,32.588,42.0923351275833,9.504335127583296,9.504335127583296,18.0,False
random_forest,8,20260823,cvae_critical_20260813_0030,cvae,critical,46.97633333333333,56.54887733465605,9.572544001322719,9.572544001322719,4.0,True
random_forest,8,20260823,cvae_critical_20260813_0042,cvae,critical,48.01533333333333,59.637669965608424,11.622336632275093,11.622336632275093,3.0,True
random_forest,8,20260823,cvae_critical_20260813_0046,cvae,critical,53.062333333333335,53.96196085449729,0.8996275211639571,0.8996275211639571,9.0,True
random_forest,8,20260823,cvae_high_20260813_0033,cvae,high,45.74666666666666,54.107001260581974,8.360334593915312,8.360334593915312,7.0,True
random_forest,8,20260823,cvae_high_20260813_0043,cvae,high,40.77,46.9179593849206,6.147959384920597,6.147959384920597,14.0,False
random_forest,8,20260823,cvae_high_20260813_0067,cvae,high,42.74,45.55393518562607,2.8139351856260646,2.8139351856260646,16.0,False
random_forest,8,20260823,cvae_low_20260813_0001,cvae,low,25.207666666666668,24.949070458994697,-0.258596207671971,0.258596207671971,33.0,False
random_forest,8,20260823,cvae_low_20260813_0034,cvae,low,24.413666666666668,24.828234230960426,0.4145675642937583,0.4145675642937583,35.0,False
random_forest,8,20260823,cvae_low_20260813_0115,cvae,low,23.761666666666667,24.890898199735485,1.1292315330688183,1.1292315330688183,34.0,False
random_forest,8,20260823,cvae_medium_20260813_0061,cvae,medium,26.52133333333333,30.198256350529117,3.6769230171957865,3.6769230171957865,23.0,False
random_forest,8,20260823,cvae_medium_20260813_0082,cvae,medium,28.422666666666668,28.75441692857145,0.3317502619047836,0.3317502619047836,26.0,False
random_forest,8,20260823,cvae_medium_20260813_0103,cvae,medium,27.532333333333334,29.12328547178129,1.5909521384479568,1.5909521384479568,25.0,False
random_forest,8,20260823,gmm_critical_20260813_0004,gmm,critical,85.42566666666667,54.03032073015873,-31.395345936507944,31.395345936507944,8.0,True
random_forest,8,20260823,gmm_critical_20260813_0067,gmm,critical,79.342,50.72779370282182,-28.61420629717818,28.61420629717818,11.0,False
random_forest,8,20260823,gmm_critical_20260813_0072,gmm,critical,46.531,65.52542903968254,18.994429039682537,18.994429039682537,1.0,True
random_forest,8,20260823,gmm_high_20260813_0005,gmm,high,44.719,44.06479426322748,-0.6542057367725178,0.6542057367725178,18.0,False
random_forest,8,20260823,gmm_high_20260813_0049,gmm,high,44.082,50.46833910846555,6.386339108465549,6.386339108465549,12.0,False
random_forest,8,20260823,gmm_high_20260813_0079,gmm,high,78.97833333333332,46.2411544770723,-32.737178856261025,32.737178856261025,15.0,False
random_forest,8,20260823,gmm_low_20260813_0012,gmm,low,24.410666666666668,25.24543719789164,0.8347705312249722,0.8347705312249722,32.0,False
random_forest,8,20260823,gmm_low_20260813_0036,gmm,low,25.197,25.83644374470902,0.6394437447090198,0.6394437447090198,29.0,False
random_forest,8,20260823,gmm_low_20260813_0072,gmm,low,24.93733333333333,25.46619297089947,0.5288596375661392,0.5288596375661392,30.0,False
random_forest,8,20260823,gmm_medium_20260813_0010,gmm,medium,28.833666666666662,31.788036695767218,2.9543700291005557,2.9543700291005557,21.0,False
random_forest,8,20260823,gmm_medium_20260813_0077,gmm,medium,28.415,29.795453442239815,1.3804534422398156,1.3804534422398156,24.0,False
random_forest,8,20260823,gmm_medium_20260813_0102,gmm,medium,33.226,30.55585009391536,-2.6701499060846388,2.6701499060846388,22.0,False
random_forest,8,20260823,lhs_critical_20260813_0036,lhs,critical,52.37566666666667,54.27751238359784,1.9018457169311702,1.9018457169311702,6.0,True
random_forest,8,20260823,lhs_critical_20260813_0055,lhs,critical,50.272,54.59281139021166,4.320811390211659,4.320811390211659,5.0,True
random_forest,8,20260823,lhs_critical_20260813_0101,lhs,critical,48.968,61.221101675925915,12.253101675925912,12.253101675925912,2.0,True
random_forest,8,20260823,lhs_high_20260813_0024,lhs,high,50.318666666666665,49.333082123015856,-0.985584543650809,0.985584543650809,13.0,False
random_forest,8,20260823,lhs_high_20260813_0077,lhs,high,44.736,45.09774926014108,0.36174926014108166,0.36174926014108166,17.0,False
random_forest,8,20260823,lhs_high_20260813_0106,lhs,high,51.74733333333334,51.60577543650792,-0.14155789682541808,0.14155789682541808,10.0,False
random_forest,8,20260823,lhs_low_20260813_0010,lhs,low,25.866333333333333,26.035940236772515,0.16960690343918117,0.16960690343918117,28.0,False
random_forest,8,20260823,lhs_low_20260813_0077,lhs,low,24.584666666666667,25.4366280550345,0.8519613883678332,0.8519613883678332,31.0,False
random_forest,8,20260823,lhs_low_20260813_0128,lhs,low,24.47433333333333,24.54145686640211,0.06712353306878072,0.06712353306878072,36.0,False
random_forest,8,20260823,lhs_medium_20260813_0026,lhs,medium,28.41333333333333,28.698681683862464,0.28534835052913365,0.28534835052913365,27.0,False
random_forest,8,20260823,lhs_medium_20260813_0041,lhs,medium,30.77,33.693408870370355,2.9234088703703556,2.9234088703703556,19.0,False
random_forest,8,20260823,lhs_medium_20260813_0110,lhs,medium,32.588,32.74127379673716,0.15327379673716024,0.15327379673716024,20.0,False
ridge,8,20260823,cvae_critical_20260813_0030,cvae,critical,46.97633333333333,56.572060262917574,9.595726929584245,9.595726929584245,6.0,True
ridge,8,20260823,cvae_critical_20260813_0042,cvae,critical,48.01533333333333,64.59132706165292,16.575993728319588,16.575993728319588,2.0,True
ridge,8,20260823,cvae_critical_20260813_0046,cvae,critical,53.062333333333335,58.4680421869132,5.405708853579867,5.405708853579867,5.0,True
ridge,8,20260823,cvae_high_20260813_0033,cvae,high,45.74666666666666,53.73993304831011,7.993266381643444,7.993266381643444,7.0,True
ridge,8,20260823,cvae_high_20260813_0043,cvae,high,40.77,42.28844957925193,1.5184495792519286,1.5184495792519286,18.0,False
ridge,8,20260823,cvae_high_20260813_0067,cvae,high,42.74,43.36766347605873,0.6276634760587285,0.6276634760587285,17.0,False
ridge,8,20260823,cvae_low_20260813_0001,cvae,low,25.207666666666668,28.31316907708863,3.1055024104219626,3.1055024104219626,27.0,False
ridge,8,20260823,cvae_low_20260813_0034,cvae,low,24.413666666666668,21.74918930385688,-2.6644773628097873,2.6644773628097873,33.0,False
ridge,8,20260823,cvae_low_20260813_0115,cvae,low,23.761666666666667,22.84959236846288,-0.9120742982037875,0.9120742982037875,31.0,False
ridge,8,20260823,cvae_medium_20260813_0061,cvae,medium,26.52133333333333,26.357480129446678,-0.16385320388665292,0.16385320388665292,28.0,False
ridge,8,20260823,cvae_medium_20260813_0082,cvae,medium,28.422666666666668,36.73398358795175,8.31131692128508,8.31131692128508,22.0,False
ridge,8,20260823,cvae_medium_20260813_0103,cvae,medium,27.532333333333334,40.978508239202725,13.446174905869391,13.446174905869391,19.0,False
ridge,8,20260823,gmm_critical_20260813_0004,gmm,critical,85.42566666666667,45.54019349337263,-39.885473173294045,39.885473173294045,14.0,False
ridge,8,20260823,gmm_critical_20260813_0067,gmm,critical,79.342,48.249126022103745,-31.092873977896254,31.092873977896254,11.0,False
ridge,8,20260823,gmm_critical_20260813_0072,gmm,critical,46.531,58.581163002872465,12.050163002872466,12.050163002872466,4.0,True
ridge,8,20260823,gmm_high_20260813_0005,gmm,high,44.719,38.76849536183705,-5.950504638162954,5.950504638162954,20.0,False
ridge,8,20260823,gmm_high_20260813_0049,gmm,high,44.082,51.10310730824033,7.021107308240332,7.021107308240332,9.0,True
ridge,8,20260823,gmm_high_20260813_0079,gmm,high,78.97833333333332,43.685283109023786,-35.29305022430954,35.29305022430954,16.0,False
ridge,8,20260823,gmm_low_20260813_0012,gmm,low,24.410666666666668,22.072546538340834,-2.3381201283258335,2.3381201283258335,32.0,False
ridge,8,20260823,gmm_low_20260813_0036,gmm,low,25.197,24.328145431183017,-0.8688545688169818,0.8688545688169818,30.0,False
ridge,8,20260823,gmm_low_20260813_0072,gmm,low,24.93733333333333,21.559728603420723,-3.3776047299126084,3.3776047299126084,34.0,False
ridge,8,20260823,gmm_medium_20260813_0010,gmm,medium,28.833666666666662,32.568393236418586,3.734726569751924,3.734726569751924,25.0,False
ridge,8,20260823,gmm_medium_20260813_0077,gmm,medium,28.415,52.710463886772736,24.295463886772737,24.295463886772737,8.0,True
ridge,8,20260823,gmm_medium_20260813_0102,gmm,medium,33.226,36.29383371841259,3.0678337184125937,3.0678337184125937,23.0,False
ridge,8,20260823,lhs_critical_20260813_0036,lhs,critical,52.37566666666667,59.63285242134522,7.257185754678552,7.257185754678552,3.0,True
ridge,8,20260823,lhs_critical_20260813_0055,lhs,critical,50.272,46.954300286475714,-3.3176997135242843,3.3176997135242843,13.0,False
ridge,8,20260823,lhs_critical_20260813_0101,lhs,critical,48.968,70.51766946431616,21.549669464316153,21.549669464316153,1.0,True
ridge,8,20260823,lhs_high_20260813_0024,lhs,high,50.318666666666665,49.377714540628574,-0.9409521260380913,0.9409521260380913,10.0,False
ridge,8,20260823,lhs_high_20260813_0077,lhs,high,44.736,47.90891371237112,3.1729137123711197,3.1729137123711197,12.0,False
ridge,8,20260823,lhs_high_20260813_0106,lhs,high,51.74733333333334,44.71241982350376,-7.034913509829579,7.034913509829579,15.0,False
ridge,8,20260823,lhs_low_20260813_0010,lhs,low,25.866333333333333,18.576690275718498,-7.289643057614835,7.289643057614835,36.0,False
ridge,8,20260823,lhs_low_20260813_0077,lhs,low,24.584666666666667,29.603781502048463,5.019114835381796,5.019114835381796,26.0,False
ridge,8,20260823,lhs_low_20260813_0128,lhs,low,24.47433333333333,21.092292924725122,-3.3820404086082085,3.3820404086082085,35.0,False
ridge,8,20260823,lhs_medium_20260813_0026,lhs,medium,28.41333333333333,35.414176507292225,7.000843173958895,7.000843173958895,24.0,False
ridge,8,20260823,lhs_medium_20260813_0041,lhs,medium,30.77,25.01562013508182,-5.754379864918178,5.754379864918178,29.0,False
ridge,8,20260823,lhs_medium_20260813_0110,lhs,medium,32.588,37.411788516905744,4.8237885169057435,4.8237885169057435,21.0,False
random_forest,9,20260824,cvae_critical_20260813_0030,cvae,critical,46.97633333333333,55.477398780423236,8.501065447089907,8.501065447089907,5.0,True
random_forest,9,20260824,cvae_critical_20260813_0042,cvae,critical,48.01533333333333,53.61353433730162,5.598201003968292,5.598201003968292,7.0,True
random_forest,9,20260824,cvae_critical_20260813_0046,cvae,critical,53.062333333333335,61.31274412037033,8.250410787036998,8.250410787036998,1.0,True
random_forest,9,20260824,cvae_high_20260813_0033,cvae,high,45.74666666666666,53.5927670674603,7.846100400793638,7.846100400793638,8.0,True
random_forest,9,20260824,cvae_high_20260813_0043,cvae,high,40.77,48.884563798059936,8.114563798059933,8.114563798059933,13.0,False
random_forest,9,20260824,cvae_high_20260813_0067,cvae,high,42.74,44.481107015873036,1.741107015873034,1.741107015873034,18.0,False
random_forest,9,20260824,cvae_low_20260813_0001,cvae,low,25.207666666666668,25.500772099206344,0.2931054325396758,0.2931054325396758,30.0,False
random_forest,9,20260824,cvae_low_20260813_0034,cvae,low,24.413666666666668,24.936562774691346,0.5228961080246783,0.5228961080246783,35.0,False
random_forest,9,20260824,cvae_low_20260813_0115,cvae,low,23.761666666666667,24.923136777777795,1.1614701111111287,1.1614701111111287,36.0,False
random_forest,9,20260824,cvae_medium_20260813_0061,cvae,medium,26.52133333333333,28.23451741843034,1.7131840850970086,1.7131840850970086,27.0,False
random_forest,9,20260824,cvae_medium_20260813_0082,cvae,medium,28.422666666666668,28.89162885537915,0.4689621887124815,0.4689621887124815,25.0,False
random_forest,9,20260824,cvae_medium_20260813_0103,cvae,medium,27.532333333333334,29.227111906084666,1.694778572751332,1.694778572751332,24.0,False
random_forest,9,20260824,gmm_critical_20260813_0004,gmm,critical,85.42566666666667,52.15832002248681,-33.26734664417986,33.26734664417986,10.0,False
random_forest,9,20260824,gmm_critical_20260813_0067,gmm,critical,79.342,54.53459681481475,-24.80740318518525,24.80740318518525,6.0,True
random_forest,9,20260824,gmm_critical_20260813_0072,gmm,critical,46.531,59.342362116843006,12.811362116843007,12.811362116843007,2.0,True
random_forest,9,20260824,gmm_high_20260813_0005,gmm,high,44.719,46.59615408509698,1.8771540850969757,1.8771540850969757,15.0,False
random_forest,9,20260824,gmm_high_20260813_0049,gmm,high,44.082,51.88359295502638,7.801592955026379,7.801592955026379,12.0,False
random_forest,9,20260824,gmm_high_20260813_0079,gmm,high,78.97833333333332,46.37918956481481,-32.599143768518516,32.599143768518516,16.0,False
random_forest,9,20260824,gmm_low_20260813_0012,gmm,low,24.410666666666668,25.47578178527337,1.0651151186067018,1.0651151186067018,32.0,False
random_forest,9,20260824,gmm_low_20260813_0036,gmm,low,25.197,25.409818527777805,0.21281852777780585,0.21281852777780585,33.0,False
random_forest,9,20260824,gmm_low_20260813_0072,gmm,low,24.93733333333333,25.39230312874779,0.4549697954144598,0.4549697954144598,34.0,False
random_forest,9,20260824,gmm_medium_20260813_0010,gmm,medium,28.833666666666662,32.88698744268078,4.053320776014115,4.053320776014115,21.0,False
random_forest,9,20260824,gmm_medium_20260813_0077,gmm,medium,28.415,30.102824611111053,1.6878246111110542,1.6878246111110542,23.0,False
random_forest,9,20260824,gmm_medium_20260813_0102,gmm,medium,33.226,31.219405868606724,-2.0065941313932747,2.0065941313932747,22.0,False
random_forest,9,20260824,lhs_critical_20260813_0036,lhs,critical,52.37566666666667,51.952267552910094,-0.4233991137565738,0.4233991137565738,11.0,False
random_forest,9,20260824,lhs_critical_20260813_0055,lhs,critical,50.272,56.91323601631391,6.641236016313911,6.641236016313911,3.0,True
random_forest,9,20260824,lhs_critical_20260813_0101,lhs,critical,48.968,56.54537587213404,7.577375872134034,7.577375872134034,4.0,True
random_forest,9,20260824,lhs_high_20260813_0024,lhs,high,50.318666666666665,44.57452923809523,-5.744137428571435,5.744137428571435,17.0,False
random_forest,9,20260824,lhs_high_20260813_0077,lhs,high,44.736,47.72802169576717,2.9920216957671713,2.9920216957671713,14.0,False
random_forest,9,20260824,lhs_high_20260813_0106,lhs,high,51.74733333333334,52.74514538139329,0.9978120480599557,0.9978120480599557,9.0,True
random_forest,9,20260824,lhs_low_20260813_0010,lhs,low,25.866333333333333,25.602728876984145,-0.2636044563491886,0.2636044563491886,29.0,False
random_forest,9,20260824,lhs_low_20260813_0077,lhs,low,24.584666666666667,25.493800814373888,0.9091341477072206,0.9091341477072206,31.0,False
random_forest,9,20260824,lhs_low_20260813_0128,lhs,low,24.47433333333333,25.666883028659594,1.1925496953262638,1.1925496953262638,28.0,False
random_forest,9,20260824,lhs_medium_20260813_0026,lhs,medium,28.41333333333333,28.76882924867723,0.3554959153438979,0.3554959153438979,26.0,False
random_forest,9,20260824,lhs_medium_20260813_0041,lhs,medium,30.77,33.42538198059962,2.6553819805996177,2.6553819805996177,20.0,False
random_forest,9,20260824,lhs_medium_20260813_0110,lhs,medium,32.588,33.596861415343874,1.0088614153438726,1.0088614153438726,19.0,False
ridge,9,20260824,cvae_critical_20260813_0030,cvae,critical,46.97633333333333,52.89941191593342,5.923078582600091,5.923078582600091,8.0,True
ridge,9,20260824,cvae_critical_20260813_0042,cvae,critical,48.01533333333333,59.64421202281963,11.6288786894863,11.6288786894863,5.0,True
ridge,9,20260824,cvae_critical_20260813_0046,cvae,critical,53.062333333333335,60.93545858415669,7.873125250823357,7.873125250823357,2.0,True
ridge,9,20260824,cvae_high_20260813_0033,cvae,high,45.74666666666666,54.259781415611094,8.513114748944432,8.513114748944432,7.0,True
ridge,9,20260824,cvae_high_20260813_0043,cvae,high,40.77,41.26968310947343,0.4996831094734304,0.4996831094734304,16.0,False
ridge,9,20260824,cvae_high_20260813_0067,cvae,high,42.74,47.37891332383717,4.638913323837166,4.638913323837166,12.0,False
ridge,9,20260824,cvae_low_20260813_0001,cvae,low,25.207666666666668,25.13204003318549,-0.07562663348117837,0.07562663348117837,28.0,False
ridge,9,20260824,cvae_low_20260813_0034,cvae,low,24.413666666666668,21.966146070458212,-2.447520596208456,2.447520596208456,29.0,False
ridge,9,20260824,cvae_low_20260813_0115,cvae,low,23.761666666666667,20.95411201804817,-2.8075546486184955,2.8075546486184955,31.0,False
ridge,9,20260824,cvae_medium_20260813_0061,cvae,medium,26.52133333333333,29.497239443188846,2.975906109855515,2.975906109855515,23.0,False
ridge,9,20260824,cvae_medium_20260813_0082,cvae,medium,28.422666666666668,28.78700121939715,0.3643345527304831,0.3643345527304831,25.0,False
ridge,9,20260824,cvae_medium_20260813_0103,cvae,medium,27.532333333333334,27.346377741043884,-0.18595559228944936,0.18595559228944936,27.0,False
ridge,9,20260824,gmm_critical_20260813_0004,gmm,critical,85.42566666666667,42.07824478706453,-43.347421879602145,43.347421879602145,14.0,False
ridge,9,20260824,gmm_critical_20260813_0067,gmm,critical,79.342,51.977772166866146,-27.364227833133853,27.364227833133853,9.0,True
ridge,9,20260824,gmm_critical_20260813_0072,gmm,critical,46.531,60.24020067483626,13.70920067483626,13.70920067483626,4.0,True
ridge,9,20260824,gmm_high_20260813_0005,gmm,high,44.719,50.246675654452396,5.527675654452395,5.527675654452395,11.0,False
ridge,9,20260824,gmm_high_20260813_0049,gmm,high,44.082,64.08925447185513,20.007254471855127,20.007254471855127,1.0,True
ridge,9,20260824,gmm_high_20260813_0079,gmm,high,78.97833333333332,41.33936219559419,-37.638971137739134,37.638971137739134,15.0,False
ridge,9,20260824,gmm_low_20260813_0012,gmm,low,24.410666666666668,13.030224785037063,-11.380441881629604,11.380441881629604,36.0,False
ridge,9,20260824,gmm_low_20260813_0036,gmm,low,25.197,21.000499329711488,-4.196500670288511,4.196500670288511,30.0,False
ridge,9,20260824,gmm_low_20260813_0072,gmm,low,24.93733333333333,14.288469880262952,-10.64886345307038,10.64886345307038,35.0,False
ridge,9,20260824,gmm_medium_20260813_0010,gmm,medium,28.833666666666662,36.2035201946038,7.369853527937135,7.369853527937135,21.0,False
ridge,9,20260824,gmm_medium_20260813_0077,gmm,medium,28.415,37.90778232082885,9.492782320828852,9.492782320828852,20.0,False
ridge,9,20260824,gmm_medium_20260813_0102,gmm,medium,33.226,29.41460880587683,-3.8113911941231677,3.8113911941231677,24.0,False
ridge,9,20260824,lhs_critical_20260813_0036,lhs,critical,52.37566666666667,50.56617883089066,-1.809487835776011,1.809487835776011,10.0,False
ridge,9,20260824,lhs_critical_20260813_0055,lhs,critical,50.272,60.86908048585349,10.597080485853489,10.597080485853489,3.0,True
ridge,9,20260824,lhs_critical_20260813_0101,lhs,critical,48.968,57.94918618262653,8.98118618262653,8.98118618262653,6.0,True
ridge,9,20260824,lhs_high_20260813_0024,lhs,high,50.318666666666665,33.43636835998201,-16.882298306684653,16.882298306684653,22.0,False
ridge,9,20260824,lhs_high_20260813_0077,lhs,high,44.736,40.11562193736354,-4.620378062636455,4.620378062636455,17.0,False
ridge,9,20260824,lhs_high_20260813_0106,lhs,high,51.74733333333334,40.10271831442066,-11.644615018912674,11.644615018912674,18.0,False
ridge,9,20260824,lhs_low_20260813_0010,lhs,low,25.866333333333333,16.505690063938246,-9.360643269395087,9.360643269395087,34.0,False
ridge,9,20260824,lhs_low_20260813_0077,lhs,low,24.584666666666667,27.41869719347543,2.834030526808764,2.834030526808764,26.0,False
ridge,9,20260824,lhs_low_20260813_0128,lhs,low,24.47433333333333,17.113364279303354,-7.360969054029976,7.360969054029976,33.0,False
ridge,9,20260824,lhs_medium_20260813_0026,lhs,medium,28.41333333333333,38.47157422372283,10.058240890389502,10.058240890389502,19.0,False
ridge,9,20260824,lhs_medium_20260813_0041,lhs,medium,30.77,20.93310067683926,-9.83689932316074,9.83689932316074,32.0,False
ridge,9,20260824,lhs_medium_20260813_0110,lhs,medium,32.588,44.41637334864562,11.82837334864562,11.82837334864562,13.0,False
random_forest,10,20260825,cvae_critical_20260813_0030,cvae,critical,46.97633333333333,56.41114883024686,9.43481549691353,9.43481549691353,4.0,True
random_forest,10,20260825,cvae_critical_20260813_0042,cvae,critical,48.01533333333333,60.16735632583773,12.1520229925044,12.1520229925044,3.0,True
random_forest,10,20260825,cvae_critical_20260813_0046,cvae,critical,53.062333333333335,54.910148271604896,1.8478149382715614,1.8478149382715614,6.0,True
random_forest,10,20260825,cvae_high_20260813_0033,cvae,high,45.74666666666666,53.53525510185181,7.788588435185147,7.788588435185147,9.0,True
random_forest,10,20260825,cvae_high_20260813_0043,cvae,high,40.77,49.12893963447971,8.358939634479704,8.358939634479704,14.0,False
random_forest,10,20260825,cvae_high_20260813_0067,cvae,high,42.74,44.44475462566137,1.7047546256613657,1.7047546256613657,18.0,False
random_forest,10,20260825,cvae_low_20260813_0001,cvae,low,25.207666666666668,25.23599654232802,0.028329875661352588,0.028329875661352588,31.0,False
random_forest,10,20260825,cvae_low_20260813_0034,cvae,low,24.413666666666668,24.764237552910096,0.35057088624342825,0.35057088624342825,35.0,False
random_forest,10,20260825,cvae_low_20260813_0115,cvae,low,23.761666666666667,25.093932908730146,1.3322662420634792,1.3322662420634792,34.0,False
random_forest,10,20260825,cvae_medium_20260813_0061,cvae,medium,26.52133333333333,28.432334469135835,1.911001135802504,1.911001135802504,27.0,False
random_forest,10,20260825,cvae_medium_20260813_0082,cvae,medium,28.422666666666668,29.67838904761904,1.2557223809523705,1.2557223809523705,25.0,False
random_forest,10,20260825,cvae_medium_20260813_0103,cvae,medium,27.532333333333334,29.774874762345668,2.242541429012334,2.242541429012334,24.0,False
random_forest,10,20260825,gmm_critical_20260813_0004,gmm,critical,85.42566666666667,52.21335533421512,-33.21231133245155,33.21231133245155,10.0,False
random_forest,10,20260825,gmm_critical_20260813_0067,gmm,critical,79.342,51.82228790784826,-27.519712092151735,27.519712092151735,11.0,False
random_forest,10,20260825,gmm_critical_20260813_0072,gmm,critical,46.531,63.401862323192255,16.870862323192256,16.870862323192256,1.0,True
random_forest,10,20260825,gmm_high_20260813_0005,gmm,high,44.719,48.167244307319216,3.4482443073192144,3.4482443073192144,15.0,False
random_forest,10,20260825,gmm_high_20260813_0049,gmm,high,44.082,54.77654858421513,10.694548584215127,10.694548584215127,7.0,True
random_forest,10,20260825,gmm_high_20260813_0079,gmm,high,78.97833333333332,46.186859330687795,-32.79147400264553,32.79147400264553,17.0,False
random_forest,10,20260825,gmm_low_20260813_0012,gmm,low,24.410666666666668,25.160175461640204,0.7495087949735364,0.7495087949735364,32.0,False
random_forest,10,20260825,gmm_low_20260813_0036,gmm,low,25.197,25.153470822751334,-0.04352917724866501,0.04352917724866501,33.0,False
random_forest,10,20260825,gmm_low_20260813_0072,gmm,low,24.93733333333333,25.455934566578478,0.5186012332451462,0.5186012332451462,29.0,False
random_forest,10,20260825,gmm_medium_20260813_0010,gmm,medium,28.833666666666662,30.82519823015873,1.9915315634920674,1.9915315634920674,20.0,False
random_forest,10,20260825,gmm_medium_20260813_0077,gmm,medium,28.415,30.527673989858886,2.1126739898588873,2.1126739898588873,23.0,False
random_forest,10,20260825,gmm_medium_20260813_0102,gmm,medium,33.226,30.594045320105845,-2.6319546798941538,2.6319546798941538,22.0,False
random_forest,10,20260825,lhs_critical_20260813_0036,lhs,critical,52.37566666666667,54.53894669047617,2.163280023809506,2.163280023809506,8.0,True
random_forest,10,20260825,lhs_critical_20260813_0055,lhs,critical,50.272,60.31499710802471,10.042997108024714,10.042997108024714,2.0,True
random_forest,10,20260825,lhs_critical_20260813_0101,lhs,critical,48.968,56.34426869268072,7.376268692680718,7.376268692680718,5.0,True
random_forest,10,20260825,lhs_high_20260813_0024,lhs,high,50.318666666666665,50.17282562830687,-0.1458410383597979,0.1458410383597979,13.0,False
random_forest,10,20260825,lhs_high_20260813_0077,lhs,high,44.736,51.28626582098766,6.550265820987661,6.550265820987661,12.0,False
random_forest,10,20260825,lhs_high_20260813_0106,lhs,high,51.74733333333334,46.86408273412696,-4.883250599206377,4.883250599206377,16.0,False
random_forest,10,20260825,lhs_low_20260813_0010,lhs,low,25.866333333333333,25.80540761904763,-0.060925714285701815,0.060925714285701815,28.0,False
random_forest,10,20260825,lhs_low_20260813_0077,lhs,low,24.584666666666667,25.43166109259262,0.8469944259259528,0.8469944259259528,30.0,False
random_forest,10,20260825,lhs_low_20260813_0128,lhs,low,24.47433333333333,24.598837584656074,0.1245042513227439,0.1245042513227439,36.0,False
random_forest,10,20260825,lhs_medium_20260813_0026,lhs,medium,28.41333333333333,29.613654222222237,1.200320888888907,1.200320888888907,26.0,False
random_forest,10,20260825,lhs_medium_20260813_0041,lhs,medium,30.77,30.69190375396828,-0.07809624603171983,0.07809624603171983,21.0,False
random_forest,10,20260825,lhs_medium_20260813_0110,lhs,medium,32.588,34.07077514682536,1.482775146825361,1.482775146825361,19.0,False
ridge,10,20260825,cvae_critical_20260813_0030,cvae,critical,46.97633333333333,61.440452350827684,14.464119017494355,14.464119017494355,2.0,True
ridge,10,20260825,cvae_critical_20260813_0042,cvae,critical,48.01533333333333,61.407858952657094,13.392525619323763,13.392525619323763,3.0,True
ridge,10,20260825,cvae_critical_20260813_0046,cvae,critical,53.062333333333335,58.43853178221663,5.376198448883294,5.376198448883294,7.0,True
ridge,10,20260825,cvae_high_20260813_0033,cvae,high,45.74666666666666,53.66861145473354,7.921944788066874,7.921944788066874,9.0,True
ridge,10,20260825,cvae_high_20260813_0043,cvae,high,40.77,46.25143321189434,5.481433211894334,5.481433211894334,14.0,False
ridge,10,20260825,cvae_high_20260813_0067,cvae,high,42.74,42.98337403098269,0.24337403098268595,0.24337403098268595,17.0,False
ridge,10,20260825,cvae_low_20260813_0001,cvae,low,25.207666666666668,28.49806151171766,3.29039484505099,3.29039484505099,27.0,False
ridge,10,20260825,cvae_low_20260813_0034,cvae,low,24.413666666666668,24.860499125084935,0.44683245841826746,0.44683245841826746,31.0,False
ridge,10,20260825,cvae_low_20260813_0115,cvae,low,23.761666666666667,21.947390150625807,-1.8142765160408594,1.8142765160408594,33.0,False
ridge,10,20260825,cvae_medium_20260813_0061,cvae,medium,26.52133333333333,26.293570373525334,-0.22776295980799688,0.22776295980799688,30.0,False
ridge,10,20260825,cvae_medium_20260813_0082,cvae,medium,28.422666666666668,37.422969672914334,9.000303006247666,9.000303006247666,22.0,False
ridge,10,20260825,cvae_medium_20260813_0103,cvae,medium,27.532333333333334,43.41115534620225,15.878822012868916,15.878822012868916,16.0,False
ridge,10,20260825,gmm_critical_20260813_0004,gmm,critical,85.42566666666667,42.87098670547445,-42.55467996119222,42.55467996119222,18.0,False
ridge,10,20260825,gmm_critical_20260813_0067,gmm,critical,79.342,48.29600509719255,-31.04599490280745,31.04599490280745,12.0,False
ridge,10,20260825,gmm_critical_20260813_0072,gmm,critical,46.531,60.804228218856124,14.273228218856126,14.273228218856126,5.0,True
ridge,10,20260825,gmm_high_20260813_0005,gmm,high,44.719,47.28320913490907,2.5642091349090705,2.5642091349090705,13.0,False
ridge,10,20260825,gmm_high_20260813_0049,gmm,high,44.082,70.38187830305986,26.299878303059863,26.299878303059863,1.0,True
ridge,10,20260825,gmm_high_20260813_0079,gmm,high,78.97833333333332,40.606149491853685,-38.37218384147964,38.37218384147964,19.0,False
ridge,10,20260825,gmm_low_20260813_0012,gmm,low,24.410666666666668,28.607529412597138,4.196862745930471,4.196862745930471,26.0,False
ridge,10,20260825,gmm_low_20260813_0036,gmm,low,25.197,24.302498987924217,-0.8945010120757821,0.8945010120757821,32.0,False
ridge,10,20260825,gmm_low_20260813_0072,gmm,low,24.93733333333333,13.810114414617153,-11.127218918716178,11.127218918716178,36.0,False
ridge,10,20260825,gmm_medium_20260813_0010,gmm,medium,28.833666666666662,37.36204651673223,8.528379850065566,8.528379850065566,23.0,False
ridge,10,20260825,gmm_medium_20260813_0077,gmm,medium,28.415,51.51158317387957,23.096583173879573,23.096583173879573,11.0,False
ridge,10,20260825,gmm_medium_20260813_0102,gmm,medium,33.226,38.18550694349601,4.9595069434960095,4.9595069434960095,20.0,False
ridge,10,20260825,lhs_critical_20260813_0036,lhs,critical,52.37566666666667,58.09112788880786,5.715461222141194,5.715461222141194,8.0,True
ridge,10,20260825,lhs_critical_20260813_0055,lhs,critical,50.272,58.850435987010044,8.578435987010046,8.578435987010046,6.0,True
ridge,10,20260825,lhs_critical_20260813_0101,lhs,critical,48.968,61.19400953536531,12.226009535365307,12.226009535365307,4.0,True
ridge,10,20260825,lhs_high_20260813_0024,lhs,high,50.318666666666665,51.5171905585288,1.1985238918621377,1.1985238918621377,10.0,False
ridge,10,20260825,lhs_high_20260813_0077,lhs,high,44.736,44.89666925473403,0.1606692547340316,0.1606692547340316,15.0,False
ridge,10,20260825,lhs_high_20260813_0106,lhs,high,51.74733333333334,37.67849576219261,-14.068837571140726,14.068837571140726,21.0,False
ridge,10,20260825,lhs_low_20260813_0010,lhs,low,25.866333333333333,20.24511681727443,-5.6212165160589045,5.6212165160589045,34.0,False
ridge,10,20260825,lhs_low_20260813_0077,lhs,low,24.584666666666667,27.707268712071404,3.1226020454047365,3.1226020454047365,29.0,False
ridge,10,20260825,lhs_low_20260813_0128,lhs,low,24.47433333333333,18.425051189504053,-6.049282143829277,6.049282143829277,35.0,False
ridge,10,20260825,lhs_medium_20260813_0026,lhs,medium,28.41333333333333,34.60535160761408,6.192018274280752,6.192018274280752,25.0,False
ridge,10,20260825,lhs_medium_20260813_0041,lhs,medium,30.77,27.72382228001787,-3.046177719982129,3.046177719982129,28.0,False
ridge,10,20260825,lhs_medium_20260813_0110,lhs,medium,32.588,34.77630879945209,2.188308799452088,2.188308799452088,24.0,False
random_forest,11,20260826,cvae_critical_20260813_0030,cvae,critical,46.97633333333333,61.651446848765424,14.675113515432095,14.675113515432095,2.0,True
random_forest,11,20260826,cvae_critical_20260813_0042,cvae,critical,48.01533333333333,53.751093844356255,5.735760511022924,5.735760511022924,7.0,True
random_forest,11,20260826,cvae_critical_20260813_0046,cvae,critical,53.062333333333335,57.058578089506106,3.9962447561727714,3.9962447561727714,5.0,True
random_forest,11,20260826,cvae_high_20260813_0033,cvae,high,45.74666666666666,44.5673197184945,-1.1793469481721601,1.1793469481721601,18.0,False
random_forest,11,20260826,cvae_high_20260813_0043,cvae,high,40.77,53.62343711816577,12.853437118165765,12.853437118165765,8.0,True
random_forest,11,20260826,cvae_high_20260813_0067,cvae,high,42.74,47.93250891887122,5.192508918871219,5.192508918871219,13.0,False
random_forest,11,20260826,cvae_low_20260813_0001,cvae,low,25.207666666666668,25.113914764991183,-0.09375190167548553,0.09375190167548553,33.0,False
random_forest,11,20260826,cvae_low_20260813_0034,cvae,low,24.413666666666668,25.05718328791886,0.6435166212521928,0.6435166212521928,35.0,False
random_forest,11,20260826,cvae_low_20260813_0115,cvae,low,23.761666666666667,24.910291156525616,1.1486244898589497,1.1486244898589497,36.0,False
random_forest,11,20260826,cvae_medium_20260813_0061,cvae,medium,26.52133333333333,29.75973060317459,3.2383972698412578,3.2383972698412578,23.0,False
random_forest,11,20260826,cvae_medium_20260813_0082,cvae,medium,28.422666666666668,27.51696655070548,-0.9057001159611886,0.9057001159611886,27.0,False
random_forest,11,20260826,cvae_medium_20260813_0103,cvae,medium,27.532333333333334,29.721721202380948,2.1893878690476143,2.1893878690476143,24.0,False
random_forest,11,20260826,gmm_critical_20260813_0004,gmm,critical,85.42566666666667,52.14584697089948,-33.279819695767195,33.279819695767195,9.0,True
random_forest,11,20260826,gmm_critical_20260813_0067,gmm,critical,79.342,51.277952498677244,-28.064047501322754,28.064047501322754,12.0,False
random_forest,11,20260826,gmm_critical_20260813_0072,gmm,critical,46.531,64.46011687654317,17.92911687654317,17.92911687654317,1.0,True
random_forest,11,20260826,gmm_high_20260813_0005,gmm,high,44.719,46.111947124779526,1.3929471247795249,1.3929471247795249,16.0,False
random_forest,11,20260826,gmm_high_20260813_0049,gmm,high,44.082,54.27053713051144,10.188537130511442,10.188537130511442,6.0,True
random_forest,11,20260826,gmm_high_20260813_0079,gmm,high,78.97833333333332,45.84936015720701,-33.128973176126316,33.128973176126316,17.0,False
random_forest,11,20260826,gmm_low_20260813_0012,gmm,low,24.410666666666668,25.248702074955904,0.8380354082892367,0.8380354082892367,32.0,False
random_forest,11,20260826,gmm_low_20260813_0036,gmm,low,25.197,25.267727382716064,0.07072738271606482,0.07072738271606482,31.0,False
random_forest,11,20260826,gmm_low_20260813_0072,gmm,low,24.93733333333333,25.3986790665785,0.46134573324516737,0.46134573324516737,30.0,False
random_forest,11,20260826,gmm_medium_20260813_0010,gmm,medium,28.833666666666662,31.811278066137547,2.9776113994708844,2.9776113994708844,20.0,False
random_forest,11,20260826,gmm_medium_20260813_0077,gmm,medium,28.415,28.381125804232802,-0.03387419576719708,0.03387419576719708,26.0,False
random_forest,11,20260826,gmm_medium_20260813_0102,gmm,medium,33.226,31.369779639770712,-1.8562203602292868,1.8562203602292868,21.0,False
random_forest,11,20260826,lhs_critical_20260813_0036,lhs,critical,52.37566666666667,61.60099922971776,9.22533256305109,9.22533256305109,3.0,True
random_forest,11,20260826,lhs_critical_20260813_0055,lhs,critical,50.272,51.911261553791924,1.6392615537919255,1.6392615537919255,10.0,False
random_forest,11,20260826,lhs_critical_20260813_0101,lhs,critical,48.968,58.60708290828921,9.639082908289204,9.639082908289204,4.0,True
random_forest,11,20260826,lhs_high_20260813_0024,lhs,high,50.318666666666665,47.822053130511456,-2.496613536155209,2.496613536155209,14.0,False
random_forest,11,20260826,lhs_high_20260813_0077,lhs,high,44.736,51.2924392398589,6.5564392398589035,6.5564392398589035,11.0,False
random_forest,11,20260826,lhs_high_20260813_0106,lhs,high,51.74733333333334,47.43249968895301,-4.314833644380329,4.314833644380329,15.0,False
random_forest,11,20260826,lhs_low_20260813_0010,lhs,low,25.866333333333333,25.82938071252205,-0.036952620811284476,0.036952620811284476,28.0,False
random_forest,11,20260826,lhs_low_20260813_0077,lhs,low,24.584666666666667,25.71019378086424,1.125527114197574,1.125527114197574,29.0,False
random_forest,11,20260826,lhs_low_20260813_0128,lhs,low,24.47433333333333,25.11154715828923,0.6372138249559001,0.6372138249559001,34.0,False
random_forest,11,20260826,lhs_medium_20260813_0026,lhs,medium,28.41333333333333,29.634905876984128,1.2215725436507974,1.2215725436507974,25.0,False
random_forest,11,20260826,lhs_medium_20260813_0041,lhs,medium,30.77,30.91680656790124,0.14680656790124047,0.14680656790124047,22.0,False
random_forest,11,20260826,lhs_medium_20260813_0110,lhs,medium,32.588,34.399593133156955,1.8115931331569541,1.8115931331569541,19.0,False
ridge,11,20260826,cvae_critical_20260813_0030,cvae,critical,46.97633333333333,62.846263561122385,15.869930227789055,15.869930227789055,4.0,True
ridge,11,20260826,cvae_critical_20260813_0042,cvae,critical,48.01533333333333,58.77014325907488,10.754809925741547,10.754809925741547,7.0,True
ridge,11,20260826,cvae_critical_20260813_0046,cvae,critical,53.062333333333335,59.756635969909865,6.694302636576531,6.694302636576531,6.0,True
ridge,11,20260826,cvae_high_20260813_0033,cvae,high,45.74666666666666,46.898373758568304,1.1517070919016419,1.1517070919016419,15.0,False
ridge,11,20260826,cvae_high_20260813_0043,cvae,high,40.77,43.72541580085843,2.9554158008584253,2.9554158008584253,17.0,False
ridge,11,20260826,cvae_high_20260813_0067,cvae,high,42.74,50.204040840006414,7.464040840006412,7.464040840006412,11.0,False
ridge,11,20260826,cvae_low_20260813_0001,cvae,low,25.207666666666668,26.388851715628505,1.1811850489618365,1.1811850489618365,29.0,False
ridge,11,20260826,cvae_low_20260813_0034,cvae,low,24.413666666666668,18.52677784145299,-5.886888825213678,5.886888825213678,35.0,False
ridge,11,20260826,cvae_low_20260813_0115,cvae,low,23.761666666666667,25.330482643814094,1.5688159771474268,1.5688159771474268,30.0,False
ridge,11,20260826,cvae_medium_20260813_0061,cvae,medium,26.52133333333333,32.98700593091257,6.4656725975792355,6.4656725975792355,24.0,False
ridge,11,20260826,cvae_medium_20260813_0082,cvae,medium,28.422666666666668,31.336326810048952,2.913660143382284,2.913660143382284,25.0,False
ridge,11,20260826,cvae_medium_20260813_0103,cvae,medium,27.532333333333334,40.42342945952402,12.89109612619069,12.89109612619069,20.0,False
ridge,11,20260826,gmm_critical_20260813_0004,gmm,critical,85.42566666666667,41.08986975365958,-44.335796913007094,44.335796913007094,19.0,False
ridge,11,20260826,gmm_critical_20260813_0067,gmm,critical,79.342,50.710722550863714,-28.631277449136284,28.631277449136284,10.0,False
ridge,11,20260826,gmm_critical_20260813_0072,gmm,critical,46.531,64.38284812817932,17.85184812817932,17.85184812817932,3.0,True
ridge,11,20260826,gmm_high_20260813_0005,gmm,high,44.719,55.910080728392884,11.191080728392883,11.191080728392883,8.0,True
ridge,11,20260826,gmm_high_20260813_0049,gmm,high,44.082,65.13673428432017,21.05473428432017,21.05473428432017,2.0,True
ridge,11,20260826,gmm_high_20260813_0079,gmm,high,78.97833333333332,45.19699257575784,-33.781340757575485,33.781340757575485,16.0,False
ridge,11,20260826,gmm_low_20260813_0012,gmm,low,24.410666666666668,20.446436548304092,-3.9642301183625754,3.9642301183625754,33.0,False
ridge,11,20260826,gmm_low_20260813_0036,gmm,low,25.197,29.315856694732886,4.118856694732887,4.118856694732887,27.0,False
ridge,11,20260826,gmm_low_20260813_0072,gmm,low,24.93733333333333,25.325906912853803,0.38857357952047167,0.38857357952047167,31.0,False
ridge,11,20260826,gmm_medium_20260813_0010,gmm,medium,28.833666666666662,47.069963993718,18.236297327051336,18.236297327051336,14.0,False
ridge,11,20260826,gmm_medium_20260813_0077,gmm,medium,28.415,38.91485574392086,10.499855743920861,10.499855743920861,21.0,False
ridge,11,20260826,gmm_medium_20260813_0102,gmm,medium,33.226,43.59808556524189,10.372085565241889,10.372085565241889,18.0,False
ridge,11,20260826,lhs_critical_20260813_0036,lhs,critical,52.37566666666667,65.31905895536885,12.943392288702178,12.943392288702178,1.0,True
ridge,11,20260826,lhs_critical_20260813_0055,lhs,critical,50.272,51.15263075594649,0.8806307559464912,0.8806307559464912,9.0,True
ridge,11,20260826,lhs_critical_20260813_0101,lhs,critical,48.968,59.93670240021307,10.968702400213068,10.968702400213068,5.0,True
ridge,11,20260826,lhs_high_20260813_0024,lhs,high,50.318666666666665,47.239726799172274,-3.078939867494391,3.078939867494391,13.0,False
ridge,11,20260826,lhs_high_20260813_0077,lhs,high,44.736,37.5405098550375,-7.195490144962498,7.195490144962498,23.0,False
ridge,11,20260826,lhs_high_20260813_0106,lhs,high,51.74733333333334,37.74836618858972,-13.998967144743617,13.998967144743617,22.0,False
ridge,11,20260826,lhs_low_20260813_0010,lhs,low,25.866333333333333,18.817687668106995,-7.0486456652263385,7.0486456652263385,34.0,False
ridge,11,20260826,lhs_low_20260813_0077,lhs,low,24.584666666666667,23.12620050376168,-1.4584661629049869,1.4584661629049869,32.0,False
ridge,11,20260826,lhs_low_20260813_0128,lhs,low,24.47433333333333,1.9669356147249601,-22.50739771860837,22.50739771860837,36.0,False
ridge,11,20260826,lhs_medium_20260813_0026,lhs,medium,28.41333333333333,29.34164159614693,0.9283082628135979,0.9283082628135979,26.0,False
ridge,11,20260826,lhs_medium_20260813_0041,lhs,medium,30.77,28.70874469432227,-2.0612553056777294,2.0612553056777294,28.0,False
ridge,11,20260826,lhs_medium_20260813_0110,lhs,medium,32.588,48.04448230795807,15.456482307958069,15.456482307958069,12.0,False
random_forest,12,20260827,cvae_critical_20260813_0030,cvae,critical,46.97633333333333,55.938621385361536,8.962288052028207,8.962288052028207,5.0,True
random_forest,12,20260827,cvae_critical_20260813_0042,cvae,critical,48.01533333333333,55.74988431978514,7.734550986451808,7.734550986451808,6.0,True
random_forest,12,20260827,cvae_critical_20260813_0046,cvae,critical,53.062333333333335,59.04227570061721,5.979942367283876,5.979942367283876,3.0,True
random_forest,12,20260827,cvae_high_20260813_0033,cvae,high,45.74666666666666,54.80792235317462,9.061255686507955,9.061255686507955,7.0,True
random_forest,12,20260827,cvae_high_20260813_0043,cvae,high,40.77,44.810876380952365,4.040876380952362,4.040876380952362,18.0,False
random_forest,12,20260827,cvae_high_20260813_0067,cvae,high,42.74,47.284296057760145,4.544296057760143,4.544296057760143,15.0,False
random_forest,12,20260827,cvae_low_20260813_0001,cvae,low,25.207666666666668,25.36584047883598,0.1581738121693128,0.1581738121693128,32.0,False
random_forest,12,20260827,cvae_low_20260813_0034,cvae,low,24.413666666666668,24.819306583333347,0.4056399166666793,0.4056399166666793,36.0,False
random_forest,12,20260827,cvae_low_20260813_0115,cvae,low,23.761666666666667,24.90502748985891,1.1433608231922427,1.1433608231922427,34.0,False
random_forest,12,20260827,cvae_medium_20260813_0061,cvae,medium,26.52133333333333,29.264209789682567,2.7428764563492365,2.7428764563492365,23.0,False
random_forest,12,20260827,cvae_medium_20260813_0082,cvae,medium,28.422666666666668,29.20484677645504,0.7821801097883707,0.7821801097883707,24.0,False
random_forest,12,20260827,cvae_medium_20260813_0103,cvae,medium,27.532333333333334,29.129504357142864,1.5971710238095298,1.5971710238095298,25.0,False
random_forest,12,20260827,gmm_critical_20260813_0004,gmm,critical,85.42566666666667,53.055178962963,-32.370487703703674,32.370487703703674,9.0,True
random_forest,12,20260827,gmm_critical_20260813_0067,gmm,critical,79.342,51.91939659359465,-27.42260340640535,27.42260340640535,10.0,False
random_forest,12,20260827,gmm_critical_20260813_0072,gmm,critical,46.531,61.215010295855315,14.684010295855316,14.684010295855316,1.0,True
random_forest,12,20260827,gmm_high_20260813_0005,gmm,high,44.719,45.05438338492064,0.33538338492063957,0.33538338492063957,17.0,False
random_forest,12,20260827,gmm_high_20260813_0049,gmm,high,44.082,50.956982574955894,6.874982574955894,6.874982574955894,12.0,False
random_forest,12,20260827,gmm_high_20260813_0079,gmm,high,78.97833333333332,45.91972284535832,-33.058610487975,33.058610487975,16.0,False
random_forest,12,20260827,gmm_low_20260813_0012,gmm,low,24.410666666666668,25.34085924823633,0.9301925815696634,0.9301925815696634,33.0,False
random_forest,12,20260827,gmm_low_20260813_0036,gmm,low,25.197,25.470828902116413,0.27382890211641353,0.27382890211641353,31.0,False
random_forest,12,20260827,gmm_low_20260813_0072,gmm,low,24.93733333333333,25.562181665343928,0.6248483320105969,0.6248483320105969,30.0,False
random_forest,12,20260827,gmm_medium_20260813_0010,gmm,medium,28.833666666666662,32.18919637301585,3.3555297063491842,3.3555297063491842,20.0,False
random_forest,12,20260827,gmm_medium_20260813_0077,gmm,medium,28.415,28.910289796296297,0.4952897962962979,0.4952897962962979,27.0,False
random_forest,12,20260827,gmm_medium_20260813_0102,gmm,medium,33.226,31.86583284259261,-1.360167157407389,1.360167157407389,21.0,False
random_forest,12,20260827,lhs_critical_20260813_0036,lhs,critical,52.37566666666667,53.15557451058201,0.7799078439153391,0.7799078439153391,8.0,True
random_forest,12,20260827,lhs_critical_20260813_0055,lhs,critical,50.272,57.870698499999996,7.598698499999998,7.598698499999998,4.0,True
random_forest,12,20260827,lhs_critical_20260813_0101,lhs,critical,48.968,59.62680057639891,10.658800576398903,10.658800576398903,2.0,True
random_forest,12,20260827,lhs_high_20260813_0024,lhs,high,50.318666666666665,51.53632590564375,1.2176592389770846,1.2176592389770846,11.0,False
random_forest,12,20260827,lhs_high_20260813_0077,lhs,high,44.736,48.16663100925927,3.4306310092592724,3.4306310092592724,14.0,False
random_forest,12,20260827,lhs_high_20260813_0106,lhs,high,51.74733333333334,48.654244038480044,-3.093089294853293,3.093089294853293,13.0,False
random_forest,12,20260827,lhs_low_20260813_0010,lhs,low,25.866333333333333,25.698462328483256,-0.16787100485007755,0.16787100485007755,29.0,False
random_forest,12,20260827,lhs_low_20260813_0077,lhs,low,24.584666666666667,25.84353256878307,1.2588659021164013,1.2588659021164013,28.0,False
random_forest,12,20260827,lhs_low_20260813_0128,lhs,low,24.47433333333333,24.87405659126986,0.39972325793652885,0.39972325793652885,35.0,False
random_forest,12,20260827,lhs_medium_20260813_0026,lhs,medium,28.41333333333333,29.011124002645513,0.5977906693121824,0.5977906693121824,26.0,False
random_forest,12,20260827,lhs_medium_20260813_0041,lhs,medium,30.77,31.405097457671957,0.6350974576719572,0.6350974576719572,22.0,False
random_forest,12,20260827,lhs_medium_20260813_0110,lhs,medium,32.588,34.60923040343912,2.0212304034391195,2.0212304034391195,19.0,False
ridge,12,20260827,cvae_critical_20260813_0030,cvae,critical,46.97633333333333,57.13417359736218,10.157840264028849,10.157840264028849,5.0,True
ridge,12,20260827,cvae_critical_20260813_0042,cvae,critical,48.01533333333333,54.99436007905659,6.97902674572326,6.97902674572326,6.0,True
ridge,12,20260827,cvae_critical_20260813_0046,cvae,critical,53.062333333333335,59.21532607518585,6.152992741852515,6.152992741852515,4.0,True
ridge,12,20260827,cvae_high_20260813_0033,cvae,high,45.74666666666666,52.97868225758462,7.23201559091796,7.23201559091796,8.0,True
ridge,12,20260827,cvae_high_20260813_0043,cvae,high,40.77,36.17165354874701,-4.5983464512529935,4.5983464512529935,22.0,False
ridge,12,20260827,cvae_high_20260813_0067,cvae,high,42.74,47.82093329232452,5.0809332923245165,5.0809332923245165,10.0,False
ridge,12,20260827,cvae_low_20260813_0001,cvae,low,25.207666666666668,29.10513438279512,3.897467716128453,3.897467716128453,25.0,False
ridge,12,20260827,cvae_low_20260813_0034,cvae,low,24.413666666666668,19.65082263437768,-4.762844032288989,4.762844032288989,34.0,False
ridge,12,20260827,cvae_low_20260813_0115,cvae,low,23.761666666666667,23.51330299026178,-0.24836367640488533,0.24836367640488533,32.0,False
ridge,12,20260827,cvae_medium_20260813_0061,cvae,medium,26.52133333333333,27.30612396442442,0.7847906310910879,0.7847906310910879,30.0,False
ridge,12,20260827,cvae_medium_20260813_0082,cvae,medium,28.422666666666668,34.98436269047322,6.561696023806551,6.561696023806551,23.0,False
ridge,12,20260827,cvae_medium_20260813_0103,cvae,medium,27.532333333333334,33.30793131608126,5.775597982747925,5.775597982747925,24.0,False
ridge,12,20260827,gmm_critical_20260813_0004,gmm,critical,85.42566666666667,44.17470538655206,-41.25096128011461,41.25096128011461,13.0,False
ridge,12,20260827,gmm_critical_20260813_0067,gmm,critical,79.342,50.419852237595165,-28.922147762404833,28.922147762404833,9.0,True
ridge,12,20260827,gmm_critical_20260813_0072,gmm,critical,46.531,60.51981990975206,13.98881990975206,13.98881990975206,3.0,True
ridge,12,20260827,gmm_high_20260813_0005,gmm,high,44.719,37.373675918926146,-7.345324081073855,7.345324081073855,19.0,False
ridge,12,20260827,gmm_high_20260813_0049,gmm,high,44.082,47.15377854646049,3.071778546460486,3.071778546460486,11.0,False
ridge,12,20260827,gmm_high_20260813_0079,gmm,high,78.97833333333332,44.26932714542785,-34.70900618790547,34.70900618790547,12.0,False
ridge,12,20260827,gmm_low_20260813_0012,gmm,low,24.410666666666668,27.537544980507626,3.126878313840958,3.126878313840958,29.0,False
ridge,12,20260827,gmm_low_20260813_0036,gmm,low,25.197,25.55000432056851,0.3530043205685125,0.3530043205685125,31.0,False
ridge,12,20260827,gmm_low_20260813_0072,gmm,low,24.93733333333333,7.467216391634132,-17.4701169416992,17.4701169416992,36.0,False
ridge,12,20260827,gmm_medium_20260813_0010,gmm,medium,28.833666666666662,38.218758466699924,9.385091800033262,9.385091800033262,16.0,False
ridge,12,20260827,gmm_medium_20260813_0077,gmm,medium,28.415,37.46863237663867,9.053632376638674,9.053632376638674,18.0,False
ridge,12,20260827,gmm_medium_20260813_0102,gmm,medium,33.226,40.606314471003,7.380314471003004,7.380314471003004,14.0,False
ridge,12,20260827,lhs_critical_20260813_0036,lhs,critical,52.37566666666667,53.817886864873195,1.4422201982065275,1.4422201982065275,7.0,True
ridge,12,20260827,lhs_critical_20260813_0055,lhs,critical,50.272,63.18118052806654,12.909180528066543,12.909180528066543,1.0,True
ridge,12,20260827,lhs_critical_20260813_0101,lhs,critical,48.968,61.28799836742177,12.319998367421768,12.319998367421768,2.0,True
ridge,12,20260827,lhs_high_20260813_0024,lhs,high,50.318666666666665,37.65173459223077,-12.666932074435898,12.666932074435898,17.0,False
ridge,12,20260827,lhs_high_20260813_0077,lhs,high,44.736,36.432518138321925,-8.303481861678073,8.303481861678073,20.0,False
ridge,12,20260827,lhs_high_20260813_0106,lhs,high,51.74733333333334,36.40911532970826,-15.33821800362508,15.33821800362508,21.0,False
ridge,12,20260827,lhs_low_20260813_0010,lhs,low,25.866333333333333,19.579595300695576,-6.286738032637757,6.286738032637757,35.0,False
ridge,12,20260827,lhs_low_20260813_0077,lhs,low,24.584666666666667,27.93459877609192,3.3499321094252537,3.3499321094252537,27.0,False
ridge,12,20260827,lhs_low_20260813_0128,lhs,low,24.47433333333333,22.630569624990173,-1.8437637083431575,1.8437637083431575,33.0,False
ridge,12,20260827,lhs_medium_20260813_0026,lhs,medium,28.41333333333333,27.849691113354943,-0.5636422199783873,0.5636422199783873,28.0,False
ridge,12,20260827,lhs_medium_20260813_0041,lhs,medium,30.77,28.824408188067064,-1.9455918119329354,1.9455918119329354,26.0,False
ridge,12,20260827,lhs_medium_20260813_0110,lhs,medium,32.588,40.39465452656685,7.806654526566852,7.806654526566852,15.0,False
random_forest,13,20260828,cvae_critical_20260813_0030,cvae,critical,46.97633333333333,53.34735802116399,6.371024687830662,6.371024687830662,6.0,True
random_forest,13,20260828,cvae_critical_20260813_0042,cvae,critical,48.01533333333333,60.08397638624333,12.068643052909998,12.068643052909998,3.0,True
random_forest,13,20260828,cvae_critical_20260813_0046,cvae,critical,53.062333333333335,51.434462017195756,-1.627871316137579,1.627871316137579,11.0,False
random_forest,13,20260828,cvae_high_20260813_0033,cvae,high,45.74666666666666,52.08347446476667,6.336807798100004,6.336807798100004,9.0,True
random_forest,13,20260828,cvae_high_20260813_0043,cvae,high,40.77,46.43446917989417,5.664469179894169,5.664469179894169,18.0,False
random_forest,13,20260828,cvae_high_20260813_0067,cvae,high,42.74,47.140784037918856,4.400784037918854,4.400784037918854,15.0,False
random_forest,13,20260828,cvae_low_20260813_0001,cvae,low,25.207666666666668,24.941322455026448,-0.26634421164022015,0.26634421164022015,35.0,False
random_forest,13,20260828,cvae_low_20260813_0034,cvae,low,24.413666666666668,24.990547317460337,0.5768806507936688,0.5768806507936688,34.0,False
random_forest,13,20260828,cvae_low_20260813_0115,cvae,low,23.761666666666667,24.924259247354502,1.1625925806878357,1.1625925806878357,36.0,False
random_forest,13,20260828,cvae_medium_20260813_0061,cvae,medium,26.52133333333333,27.97975525352734,1.4584219201940094,1.4584219201940094,27.0,False
random_forest,13,20260828,cvae_medium_20260813_0082,cvae,medium,28.422666666666668,29.47922081746033,1.0565541507936622,1.0565541507936622,26.0,False
random_forest,13,20260828,cvae_medium_20260813_0103,cvae,medium,27.532333333333334,29.915949804232824,2.38361647089949,2.38361647089949,25.0,False
random_forest,13,20260828,gmm_critical_20260813_0004,gmm,critical,85.42566666666667,50.23572563359789,-35.189941033068784,35.189941033068784,13.0,False
random_forest,13,20260828,gmm_critical_20260813_0067,gmm,critical,79.342,53.09122694312168,-26.250773056878316,26.250773056878316,7.0,True
random_forest,13,20260828,gmm_critical_20260813_0072,gmm,critical,46.531,63.60852596869485,17.07752596869485,17.07752596869485,1.0,True
random_forest,13,20260828,gmm_high_20260813_0005,gmm,high,44.719,47.81449069400354,3.095490694003537,3.095490694003537,14.0,False
random_forest,13,20260828,gmm_high_20260813_0049,gmm,high,44.082,53.924158698412654,9.842158698412653,9.842158698412653,5.0,True
random_forest,13,20260828,gmm_high_20260813_0079,gmm,high,78.97833333333332,46.52628424911819,-32.45204908421513,32.45204908421513,17.0,False
random_forest,13,20260828,gmm_low_20260813_0012,gmm,low,24.410666666666668,25.331125533068796,0.9204588664021287,0.9204588664021287,33.0,False
random_forest,13,20260828,gmm_low_20260813_0036,gmm,low,25.197,25.391293673721346,0.1942936737213472,0.1942936737213472,32.0,False
random_forest,13,20260828,gmm_low_20260813_0072,gmm,low,24.93733333333333,25.776606841269828,0.8392735079364968,0.8392735079364968,29.0,False
random_forest,13,20260828,gmm_medium_20260813_0010,gmm,medium,28.833666666666662,30.666754753968267,1.8330880873016042,1.8330880873016042,23.0,False
random_forest,13,20260828,gmm_medium_20260813_0077,gmm,medium,28.415,31.539014693121693,3.124014693121694,3.124014693121694,21.0,False
random_forest,13,20260828,gmm_medium_20260813_0102,gmm,medium,33.226,31.48342880776012,-1.742571192239879,1.742571192239879,22.0,False
random_forest,13,20260828,lhs_critical_20260813_0036,lhs,critical,52.37566666666667,55.45051260626107,3.074845939594404,3.074845939594404,4.0,True
random_forest,13,20260828,lhs_critical_20260813_0055,lhs,critical,50.272,52.91274698809525,2.640746988095252,2.640746988095252,8.0,True
random_forest,13,20260828,lhs_critical_20260813_0101,lhs,critical,48.968,61.02853479100525,12.060534791005246,12.060534791005246,2.0,True
random_forest,13,20260828,lhs_high_20260813_0024,lhs,high,50.318666666666665,51.51849744312168,1.1998307764550162,1.1998307764550162,10.0,False
random_forest,13,20260828,lhs_high_20260813_0077,lhs,high,44.736,46.7598294074074,2.023829407407405,2.023829407407405,16.0,False
random_forest,13,20260828,lhs_high_20260813_0106,lhs,high,51.74733333333334,51.2230376203704,-0.5242957129629389,0.5242957129629389,12.0,False
random_forest,13,20260828,lhs_low_20260813_0010,lhs,low,25.866333333333333,25.873419609788375,0.007086276455041229,0.007086276455041229,28.0,False
random_forest,13,20260828,lhs_low_20260813_0077,lhs,low,24.584666666666667,25.436443427689618,0.8517767610229505,0.8517767610229505,31.0,False
random_forest,13,20260828,lhs_low_20260813_0128,lhs,low,24.47433333333333,25.716783912698403,1.242450579365073,1.242450579365073,30.0,False
random_forest,13,20260828,lhs_medium_20260813_0026,lhs,medium,28.41333333333333,29.934509982804236,1.521176649470906,1.521176649470906,24.0,False
random_forest,13,20260828,lhs_medium_20260813_0041,lhs,medium,30.77,31.99572260449735,1.2257226044973493,1.2257226044973493,20.0,False
random_forest,13,20260828,lhs_medium_20260813_0110,lhs,medium,32.588,32.65745545723102,0.06945545723102242,0.06945545723102242,19.0,False
ridge,13,20260828,cvae_critical_20260813_0030,cvae,critical,46.97633333333333,50.23182389100663,3.2554905576732978,3.2554905576732978,8.0,True
ridge,13,20260828,cvae_critical_20260813_0042,cvae,critical,48.01533333333333,63.30858569105436,15.29325235772103,15.29325235772103,3.0,True
ridge,13,20260828,cvae_critical_20260813_0046,cvae,critical,53.062333333333335,49.570147221108876,-3.4921861122244593,3.4921861122244593,9.0,True
ridge,13,20260828,cvae_high_20260813_0033,cvae,high,45.74666666666666,54.03711708869382,8.290450422027156,8.290450422027156,6.0,True
ridge,13,20260828,cvae_high_20260813_0043,cvae,high,40.77,40.94422666730635,0.17422666730634973,0.17422666730634973,21.0,False
ridge,13,20260828,cvae_high_20260813_0067,cvae,high,42.74,42.910725344046085,0.1707253440460832,0.1707253440460832,19.0,False
ridge,13,20260828,cvae_low_20260813_0001,cvae,low,25.207666666666668,28.223303309621855,3.0156366429551866,3.0156366429551866,28.0,False
ridge,13,20260828,cvae_low_20260813_0034,cvae,low,24.413666666666668,18.998995339285983,-5.414671327380685,5.414671327380685,34.0,False
ridge,13,20260828,cvae_low_20260813_0115,cvae,low,23.761666666666667,25.09609753293973,1.3344308662730633,1.3344308662730633,30.0,False
ridge,13,20260828,cvae_medium_20260813_0061,cvae,medium,26.52133333333333,32.19098419237266,5.669650859039329,5.669650859039329,27.0,False
ridge,13,20260828,cvae_medium_20260813_0082,cvae,medium,28.422666666666668,37.069816393919936,8.647149727253268,8.647149727253268,23.0,False
ridge,13,20260828,cvae_medium_20260813_0103,cvae,medium,27.532333333333334,41.49559220640093,13.963258873067595,13.963258873067595,20.0,False
ridge,13,20260828,gmm_critical_20260813_0004,gmm,critical,85.42566666666667,39.89868180151613,-45.52698486515054,45.52698486515054,22.0,False
ridge,13,20260828,gmm_critical_20260813_0067,gmm,critical,79.342,48.13750069220586,-31.204499307794137,31.204499307794137,11.0,False
ridge,13,20260828,gmm_critical_20260813_0072,gmm,critical,46.531,60.143699561731275,13.612699561731276,13.612699561731276,4.0,True
ridge,13,20260828,gmm_high_20260813_0005,gmm,high,44.719,49.02413501320516,4.30513501320516,4.30513501320516,10.0,False
ridge,13,20260828,gmm_high_20260813_0049,gmm,high,44.082,65.06084402453357,20.978844024533565,20.978844024533565,2.0,True
ridge,13,20260828,gmm_high_20260813_0079,gmm,high,78.97833333333332,43.029478157647276,-35.94885517568605,35.94885517568605,18.0,False
ridge,13,20260828,gmm_low_20260813_0012,gmm,low,24.410666666666668,12.202520606671996,-12.208146059994672,12.208146059994672,36.0,False
ridge,13,20260828,gmm_low_20260813_0036,gmm,low,25.197,21.456835718498446,-3.740164281501553,3.740164281501553,32.0,False
ridge,13,20260828,gmm_low_20260813_0072,gmm,low,24.93733333333333,21.733598202450082,-3.203735130883249,3.203735130883249,31.0,False
ridge,13,20260828,gmm_medium_20260813_0010,gmm,medium,28.833666666666662,36.346154270181785,7.5124876035151225,7.5124876035151225,24.0,False
ridge,13,20260828,gmm_medium_20260813_0077,gmm,medium,28.415,53.147709295876474,24.732709295876475,24.732709295876475,7.0,True
ridge,13,20260828,gmm_medium_20260813_0102,gmm,medium,33.226,43.85634376023364,10.630343760233643,10.630343760233643,17.0,False
ridge,13,20260828,lhs_critical_20260813_0036,lhs,critical,52.37566666666667,58.52261402667876,6.146947360012092,6.146947360012092,5.0,True
ridge,13,20260828,lhs_critical_20260813_0055,lhs,critical,50.272,45.905027450581,-4.366972549418996,4.366972549418996,16.0,False
ridge,13,20260828,lhs_critical_20260813_0101,lhs,critical,48.968,68.37476923523882,19.406769235238812,19.406769235238812,1.0,True
ridge,13,20260828,lhs_high_20260813_0024,lhs,high,50.318666666666665,47.57523043225049,-2.7434362344161727,2.7434362344161727,15.0,False
ridge,13,20260828,lhs_high_20260813_0077,lhs,high,44.736,48.08880289911817,3.352802899118174,3.352802899118174,12.0,False
ridge,13,20260828,lhs_high_20260813_0106,lhs,high,51.74733333333334,47.62524962803789,-4.122083705295445,4.122083705295445,14.0,False
ridge,13,20260828,lhs_low_20260813_0010,lhs,low,25.866333333333333,21.02438935561529,-4.841943977718042,4.841943977718042,33.0,False
ridge,13,20260828,lhs_low_20260813_0077,lhs,low,24.584666666666667,26.286728404630903,1.702061737964236,1.702061737964236,29.0,False
ridge,13,20260828,lhs_low_20260813_0128,lhs,low,24.47433333333333,16.919000965841313,-7.555332367492017,7.555332367492017,35.0,False
ridge,13,20260828,lhs_medium_20260813_0026,lhs,medium,28.41333333333333,32.810176658657944,4.396843325324614,4.396843325324614,26.0,False
ridge,13,20260828,lhs_medium_20260813_0041,lhs,medium,30.77,33.621165977844086,2.8511659778440865,2.8511659778440865,25.0,False
ridge,13,20260828,lhs_medium_20260813_0110,lhs,medium,32.588,47.734869669474065,15.146869669474064,15.146869669474064,13.0,False
random_forest,14,20260829,cvae_critical_20260813_0030,cvae,critical,46.97633333333333,56.350066887566065,9.373733554232736,9.373733554232736,6.0,True
random_forest,14,20260829,cvae_critical_20260813_0042,cvae,critical,48.01533333333333,60.428993747595,12.41366041426167,12.41366041426167,3.0,True
random_forest,14,20260829,cvae_critical_20260813_0046,cvae,critical,53.062333333333335,50.372534968253994,-2.6897983650793407,2.6897983650793407,10.0,False
random_forest,14,20260829,cvae_high_20260813_0033,cvae,high,45.74666666666666,48.64350742724867,2.896840760582009,2.896840760582009,12.0,False
random_forest,14,20260829,cvae_high_20260813_0043,cvae,high,40.77,46.75842631746032,5.988426317460316,5.988426317460316,15.0,False
random_forest,14,20260829,cvae_high_20260813_0067,cvae,high,42.74,44.680444552910075,1.9404445529100727,1.9404445529100727,18.0,False
random_forest,14,20260829,cvae_low_20260813_0001,cvae,low,25.207666666666668,25.186469859788374,-0.021196806878293728,0.021196806878293728,33.0,False
random_forest,14,20260829,cvae_low_20260813_0034,cvae,low,24.413666666666668,24.986664764550248,0.5729980978835805,0.5729980978835805,35.0,False
random_forest,14,20260829,cvae_low_20260813_0115,cvae,low,23.761666666666667,24.767750879629656,1.006084212962989,1.006084212962989,36.0,False
random_forest,14,20260829,cvae_medium_20260813_0061,cvae,medium,26.52133333333333,28.59103386199294,2.0697005286596095,2.0697005286596095,26.0,False
random_forest,14,20260829,cvae_medium_20260813_0082,cvae,medium,28.422666666666668,29.763250375661393,1.3405837089947248,1.3405837089947248,24.0,False
random_forest,14,20260829,cvae_medium_20260813_0103,cvae,medium,27.532333333333334,27.97404094356258,0.44170761022924765,0.44170761022924765,27.0,False
random_forest,14,20260829,gmm_critical_20260813_0004,gmm,critical,85.42566666666667,50.59660408862436,-34.82906257804231,34.82906257804231,9.0,True
random_forest,14,20260829,gmm_critical_20260813_0067,gmm,critical,79.342,57.75255037301585,-21.58944962698415,21.58944962698415,4.0,True
random_forest,14,20260829,gmm_critical_20260813_0072,gmm,critical,46.531,63.572922838864834,17.041922838864835,17.041922838864835,1.0,True
random_forest,14,20260829,gmm_high_20260813_0005,gmm,high,44.719,45.173399997354515,0.4543999973545141,0.4543999973545141,17.0,False
random_forest,14,20260829,gmm_high_20260813_0049,gmm,high,44.082,50.890964605820066,6.808964605820066,6.808964605820066,8.0,True
random_forest,14,20260829,gmm_high_20260813_0079,gmm,high,78.97833333333332,46.84841803174603,-32.129915301587296,32.129915301587296,14.0,False
random_forest,14,20260829,gmm_low_20260813_0012,gmm,low,24.410666666666668,25.428758171957664,1.0180915052909967,1.0180915052909967,30.0,False
random_forest,14,20260829,gmm_low_20260813_0036,gmm,low,25.197,25.68685806701943,0.4898580670194299,0.4898580670194299,28.0,False
random_forest,14,20260829,gmm_low_20260813_0072,gmm,low,24.93733333333333,25.654779780864203,0.7174464475308717,0.7174464475308717,29.0,False
random_forest,14,20260829,gmm_medium_20260813_0010,gmm,medium,28.833666666666662,31.193949562169333,2.360282895502671,2.360282895502671,21.0,False
random_forest,14,20260829,gmm_medium_20260813_0077,gmm,medium,28.415,28.909451410934743,0.49445141093474376,0.49445141093474376,25.0,False
random_forest,14,20260829,gmm_medium_20260813_0102,gmm,medium,33.226,30.157442784832437,-3.068557215167562,3.068557215167562,22.0,False
random_forest,14,20260829,lhs_critical_20260813_0036,lhs,critical,52.37566666666667,62.58514533249154,10.209478665824875,10.209478665824875,2.0,True
random_forest,14,20260829,lhs_critical_20260813_0055,lhs,critical,50.272,51.06409080026458,0.7920908002645817,0.7920908002645817,7.0,True
random_forest,14,20260829,lhs_critical_20260813_0101,lhs,critical,48.968,57.114710287037,8.146710287036996,8.146710287036996,5.0,True
random_forest,14,20260829,lhs_high_20260813_0024,lhs,high,50.318666666666665,48.43480239417987,-1.8838642724867967,1.8838642724867967,13.0,False
random_forest,14,20260829,lhs_high_20260813_0077,lhs,high,44.736,45.575542026455025,0.8395420264550282,0.8395420264550282,16.0,False
random_forest,14,20260829,lhs_high_20260813_0106,lhs,high,51.74733333333334,49.48903153306879,-2.2583018002645474,2.2583018002645474,11.0,False
random_forest,14,20260829,lhs_low_20260813_0010,lhs,low,25.866333333333333,25.383388133597897,-0.48294519973543615,0.48294519973543615,31.0,False
random_forest,14,20260829,lhs_low_20260813_0077,lhs,low,24.584666666666667,25.26622093121695,0.6815542645502823,0.6815542645502823,32.0,False
random_forest,14,20260829,lhs_low_20260813_0128,lhs,low,24.47433333333333,24.997939804232786,0.5236064708994554,0.5236064708994554,34.0,False
random_forest,14,20260829,lhs_medium_20260813_0026,lhs,medium,28.41333333333333,29.886747292328067,1.4734139589947368,1.4734139589947368,23.0,False
random_forest,14,20260829,lhs_medium_20260813_0041,lhs,medium,30.77,32.566297585537924,1.7962975855379248,1.7962975855379248,20.0,False
random_forest,14,20260829,lhs_medium_20260813_0110,lhs,medium,32.588,32.70783480335094,0.11983480335094043,0.11983480335094043,19.0,False
ridge,14,20260829,cvae_critical_20260813_0030,cvae,critical,46.97633333333333,54.41157509204076,7.435241758707434,7.435241758707434,5.0,True
ridge,14,20260829,cvae_critical_20260813_0042,cvae,critical,48.01533333333333,61.34230618310194,13.326972849768609,13.326972849768609,2.0,True
ridge,14,20260829,cvae_critical_20260813_0046,cvae,critical,53.062333333333335,50.34606629872292,-2.716267034610418,2.716267034610418,7.0,True
ridge,14,20260829,cvae_high_20260813_0033,cvae,high,45.74666666666666,48.60328537164408,2.8566187049774143,2.8566187049774143,10.0,False
ridge,14,20260829,cvae_high_20260813_0043,cvae,high,40.77,43.91200376475685,3.1420037647568435,3.1420037647568435,16.0,False
ridge,14,20260829,cvae_high_20260813_0067,cvae,high,42.74,43.79078724868747,1.0507872486874703,1.0507872486874703,17.0,False
ridge,14,20260829,cvae_low_20260813_0001,cvae,low,25.207666666666668,33.76926802593991,8.56160135927324,8.56160135927324,22.0,False
ridge,14,20260829,cvae_low_20260813_0034,cvae,low,24.413666666666668,16.042101441740826,-8.371565224925842,8.371565224925842,35.0,False
ridge,14,20260829,cvae_low_20260813_0115,cvae,low,23.761666666666667,22.25924235065417,-1.5024243160124975,1.5024243160124975,32.0,False
ridge,14,20260829,cvae_medium_20260813_0061,cvae,medium,26.52133333333333,29.62421619805222,3.1028828647188895,3.1028828647188895,27.0,False
ridge,14,20260829,cvae_medium_20260813_0082,cvae,medium,28.422666666666668,32.50568144557292,4.08301477890625,4.08301477890625,24.0,False
ridge,14,20260829,cvae_medium_20260813_0103,cvae,medium,27.532333333333334,31.291460692938138,3.759127359604804,3.759127359604804,25.0,False
ridge,14,20260829,gmm_critical_20260813_0004,gmm,critical,85.42566666666667,46.58942248658526,-38.83624418008141,38.83624418008141,14.0,False
ridge,14,20260829,gmm_critical_20260813_0067,gmm,critical,79.342,51.65845752392264,-27.683542476077356,27.683542476077356,6.0,True
ridge,14,20260829,gmm_critical_20260813_0072,gmm,critical,46.531,60.955557731613325,14.424557731613326,14.424557731613326,3.0,True
ridge,14,20260829,gmm_high_20260813_0005,gmm,high,44.719,49.79883052396061,5.079830523960609,5.079830523960609,8.0,True
ridge,14,20260829,gmm_high_20260813_0049,gmm,high,44.082,46.388759076346865,2.3067590763468644,2.3067590763468644,15.0,False
ridge,14,20260829,gmm_high_20260813_0079,gmm,high,78.97833333333332,47.42169110295333,-31.556642230379992,31.556642230379992,11.0,False
ridge,14,20260829,gmm_low_20260813_0012,gmm,low,24.410666666666668,25.46063953328067,1.0499728666140022,1.0499728666140022,29.0,False
ridge,14,20260829,gmm_low_20260813_0036,gmm,low,25.197,21.908605344421296,-3.2883946555787027,3.2883946555787027,33.0,False
ridge,14,20260829,gmm_low_20260813_0072,gmm,low,24.93733333333333,20.35013285140426,-4.58720048192907,4.58720048192907,34.0,False
ridge,14,20260829,gmm_medium_20260813_0010,gmm,medium,28.833666666666662,38.61647483680041,9.782808170133745,9.782808170133745,19.0,False
ridge,14,20260829,gmm_medium_20260813_0077,gmm,medium,28.415,47.15841765641141,18.74341765641141,18.74341765641141,12.0,False
ridge,14,20260829,gmm_medium_20260813_0102,gmm,medium,33.226,35.720236236436754,2.4942362364367554,2.4942362364367554,20.0,False
ridge,14,20260829,lhs_critical_20260813_0036,lhs,critical,52.37566666666667,63.085308005877934,10.709641339211267,10.709641339211267,1.0,True
ridge,14,20260829,lhs_critical_20260813_0055,lhs,critical,50.272,49.52819508408389,-0.7438049159161082,0.7438049159161082,9.0,True
ridge,14,20260829,lhs_critical_20260813_0101,lhs,critical,48.968,58.43490087044276,9.466900870442757,9.466900870442757,4.0,True
ridge,14,20260829,lhs_high_20260813_0024,lhs,high,50.318666666666665,46.802212942104376,-3.5164537245622896,3.5164537245622896,13.0,False
ridge,14,20260829,lhs_high_20260813_0077,lhs,high,44.736,33.29598892368965,-11.440011076310348,11.440011076310348,23.0,False
ridge,14,20260829,lhs_high_20260813_0106,lhs,high,51.74733333333334,42.170783081074866,-9.576550252258471,9.576550252258471,18.0,False
ridge,14,20260829,lhs_low_20260813_0010,lhs,low,25.866333333333333,24.214621834200226,-1.651711499133107,1.651711499133107,30.0,False
ridge,14,20260829,lhs_low_20260813_0077,lhs,low,24.584666666666667,31.27883416757337,6.694167500906701,6.694167500906701,26.0,False
ridge,14,20260829,lhs_low_20260813_0128,lhs,low,24.47433333333333,11.065961723441575,-13.408371609891756,13.408371609891756,36.0,False
ridge,14,20260829,lhs_medium_20260813_0026,lhs,medium,28.41333333333333,29.29432823068361,0.8809948973502806,0.8809948973502806,28.0,False
ridge,14,20260829,lhs_medium_20260813_0041,lhs,medium,30.77,23.84681752012975,-6.923182479870249,6.923182479870249,31.0,False
ridge,14,20260829,lhs_medium_20260813_0110,lhs,medium,32.588,35.6155791388555,3.0275791388555007,3.0275791388555007,21.0,False
random_forest,15,20260830,cvae_critical_20260813_0030,cvae,critical,46.97633333333333,57.25565199559079,10.27931866225746,10.27931866225746,5.0,True
random_forest,15,20260830,cvae_critical_20260813_0042,cvae,critical,48.01533333333333,53.781137523809534,5.765804190476203,5.765804190476203,7.0,True
random_forest,15,20260830,cvae_critical_20260813_0046,cvae,critical,53.062333333333335,64.34693509391536,11.284601760582028,11.284601760582028,1.0,True
random_forest,15,20260830,cvae_high_20260813_0033,cvae,high,45.74666666666666,51.73626916305914,5.989602496392479,5.989602496392479,8.0,True
random_forest,15,20260830,cvae_high_20260813_0043,cvae,high,40.77,47.07801932407408,6.308019324074074,6.308019324074074,13.0,False
random_forest,15,20260830,cvae_high_20260813_0067,cvae,high,42.74,44.27920363756615,1.5392036375661462,1.5392036375661462,17.0,False
random_forest,15,20260830,cvae_low_20260813_0001,cvae,low,25.207666666666668,25.57942981084655,0.3717631441798801,0.3717631441798801,31.0,False
random_forest,15,20260830,cvae_low_20260813_0034,cvae,low,24.413666666666668,24.774400653439162,0.3607339867724946,0.3607339867724946,36.0,False
random_forest,15,20260830,cvae_low_20260813_0115,cvae,low,23.761666666666667,25.018001143739,1.2563344770723326,1.2563344770723326,35.0,False
random_forest,15,20260830,cvae_medium_20260813_0061,cvae,medium,26.52133333333333,29.241842130952378,2.720508797619047,2.720508797619047,24.0,False
random_forest,15,20260830,cvae_medium_20260813_0082,cvae,medium,28.422666666666668,29.152722070546698,0.73005540388003,0.73005540388003,25.0,False
random_forest,15,20260830,cvae_medium_20260813_0103,cvae,medium,27.532333333333334,28.836201169753082,1.303867836419748,1.303867836419748,27.0,False
random_forest,15,20260830,gmm_critical_20260813_0004,gmm,critical,85.42566666666667,51.01293201587303,-34.412734650793645,34.412734650793645,9.0,True
random_forest,15,20260830,gmm_critical_20260813_0067,gmm,critical,79.342,56.95015278130509,-22.391847218694906,22.391847218694906,6.0,True
random_forest,15,20260830,gmm_critical_20260813_0072,gmm,critical,46.531,64.19688324647268,17.66588324647268,17.66588324647268,2.0,True
random_forest,15,20260830,gmm_high_20260813_0005,gmm,high,44.719,46.72891336640212,2.0099133664021167,2.0099133664021167,15.0,False
random_forest,15,20260830,gmm_high_20260813_0049,gmm,high,44.082,47.061912523809475,2.9799125238094746,2.9799125238094746,14.0,False
random_forest,15,20260830,gmm_high_20260813_0079,gmm,high,78.97833333333332,46.0335292632275,-32.944804070105825,32.944804070105825,16.0,False
random_forest,15,20260830,gmm_low_20260813_0012,gmm,low,24.410666666666668,25.44410059082893,1.0334339241622637,1.0334339241622637,33.0,False
random_forest,15,20260830,gmm_low_20260813_0036,gmm,low,25.197,25.858710763227503,0.6617107632275037,0.6617107632275037,28.0,False
random_forest,15,20260830,gmm_low_20260813_0072,gmm,low,24.93733333333333,25.80872797883598,0.8713946455026473,0.8713946455026473,29.0,False
random_forest,15,20260830,gmm_medium_20260813_0010,gmm,medium,28.833666666666662,32.44844843650793,3.6147817698412688,3.6147817698412688,20.0,False
random_forest,15,20260830,gmm_medium_20260813_0077,gmm,medium,28.415,30.154175672398566,1.7391756723985665,1.7391756723985665,23.0,False
random_forest,15,20260830,gmm_medium_20260813_0102,gmm,medium,33.226,31.038324388007084,-2.1876756119929155,2.1876756119929155,22.0,False
random_forest,15,20260830,lhs_critical_20260813_0036,lhs,critical,52.37566666666667,50.71000933068781,-1.6656573359788567,1.6656573359788567,10.0,False
random_forest,15,20260830,lhs_critical_20260813_0055,lhs,critical,50.272,59.88808927733685,9.616089277336854,9.616089277336854,4.0,True
random_forest,15,20260830,lhs_critical_20260813_0101,lhs,critical,48.968,61.246271496913565,12.278271496913561,12.278271496913561,3.0,True
random_forest,15,20260830,lhs_high_20260813_0024,lhs,high,50.318666666666665,43.39534369708997,-6.923322969576695,6.923322969576695,18.0,False
random_forest,15,20260830,lhs_high_20260813_0077,lhs,high,44.736,50.11905681649827,5.383056816498275,5.383056816498275,12.0,False
random_forest,15,20260830,lhs_high_20260813_0106,lhs,high,51.74733333333334,50.6117141133157,-1.135619220017638,1.135619220017638,11.0,False
random_forest,15,20260830,lhs_low_20260813_0010,lhs,low,25.866333333333333,25.423450955026457,-0.4428823783068765,0.4428823783068765,34.0,False
random_forest,15,20260830,lhs_low_20260813_0077,lhs,low,24.584666666666667,25.575208675925925,0.9905420092592578,0.9905420092592578,32.0,False
random_forest,15,20260830,lhs_low_20260813_0128,lhs,low,24.47433333333333,25.7867253447972,1.3123920114638707,1.3123920114638707,30.0,False
random_forest,15,20260830,lhs_medium_20260813_0026,lhs,medium,28.41333333333333,29.048364420634915,0.6350310873015843,0.6350310873015843,26.0,False
random_forest,15,20260830,lhs_medium_20260813_0041,lhs,medium,30.77,32.404197013227524,1.6341970132275243,1.6341970132275243,21.0,False
random_forest,15,20260830,lhs_medium_20260813_0110,lhs,medium,32.588,33.65365117901234,1.0656511790123417,1.0656511790123417,19.0,False
ridge,15,20260830,cvae_critical_20260813_0030,cvae,critical,46.97633333333333,51.989733327634895,5.013399994301565,5.013399994301565,8.0,True
ridge,15,20260830,cvae_critical_20260813_0042,cvae,critical,48.01533333333333,55.05640843140054,7.0410750980672105,7.0410750980672105,4.0,True
ridge,15,20260830,cvae_critical_20260813_0046,cvae,critical,53.062333333333335,62.37422238525012,9.311889051916786,9.311889051916786,2.0,True
ridge,15,20260830,cvae_high_20260813_0033,cvae,high,45.74666666666666,53.12292753683439,7.376260870167727,7.376260870167727,6.0,True
ridge,15,20260830,cvae_high_20260813_0043,cvae,high,40.77,42.5907968765091,1.8207968765090996,1.8207968765090996,18.0,False
ridge,15,20260830,cvae_high_20260813_0067,cvae,high,42.74,46.91445327076559,4.174453270765589,4.174453270765589,14.0,False
ridge,15,20260830,cvae_low_20260813_0001,cvae,low,25.207666666666668,32.249520634128544,7.041853967461876,7.041853967461876,24.0,False
ridge,15,20260830,cvae_low_20260813_0034,cvae,low,24.413666666666668,23.3606916063352,-1.052975060331466,1.052975060331466,31.0,False
ridge,15,20260830,cvae_low_20260813_0115,cvae,low,23.761666666666667,24.60034993153691,0.8386832648702445,0.8386832648702445,29.0,False
ridge,15,20260830,cvae_medium_20260813_0061,cvae,medium,26.52133333333333,30.607701571515562,4.0863682381822315,4.0863682381822315,26.0,False
ridge,15,20260830,cvae_medium_20260813_0082,cvae,medium,28.422666666666668,31.921503440219862,3.498836773553194,3.498836773553194,25.0,False
ridge,15,20260830,cvae_medium_20260813_0103,cvae,medium,27.532333333333334,33.456446184950465,5.9241128516171315,5.9241128516171315,23.0,False
ridge,15,20260830,gmm_critical_20260813_0004,gmm,critical,85.42566666666667,49.399923367162515,-36.02574329950416,36.02574329950416,11.0,False
ridge,15,20260830,gmm_critical_20260813_0067,gmm,critical,79.342,49.67795095275984,-29.664049047240155,29.664049047240155,10.0,False
ridge,15,20260830,gmm_critical_20260813_0072,gmm,critical,46.531,59.68972580514243,13.158725805142431,13.158725805142431,3.0,True
ridge,15,20260830,gmm_high_20260813_0005,gmm,high,44.719,52.19733056426224,7.478330564262237,7.478330564262237,7.0,True
ridge,15,20260830,gmm_high_20260813_0049,gmm,high,44.082,42.69557703602525,-1.386422963974752,1.386422963974752,17.0,False
ridge,15,20260830,gmm_high_20260813_0079,gmm,high,78.97833333333332,44.88600664585946,-34.092326687473864,34.092326687473864,16.0,False
ridge,15,20260830,gmm_low_20260813_0012,gmm,low,24.410666666666668,22.29406377949146,-2.1166028871752083,2.1166028871752083,33.0,False
ridge,15,20260830,gmm_low_20260813_0036,gmm,low,25.197,16.804935622924273,-8.392064377075727,8.392064377075727,35.0,False
ridge,15,20260830,gmm_low_20260813_0072,gmm,low,24.93733333333333,18.164691898332386,-6.772641435000946,6.772641435000946,34.0,False
ridge,15,20260830,gmm_medium_20260813_0010,gmm,medium,28.833666666666662,34.34818472741723,5.514518060750564,5.514518060750564,22.0,False
ridge,15,20260830,gmm_medium_20260813_0077,gmm,medium,28.415,47.899364002995206,19.484364002995207,19.484364002995207,13.0,False
ridge,15,20260830,gmm_medium_20260813_0102,gmm,medium,33.226,28.521020137018795,-4.7049798629812045,4.7049798629812045,28.0,False
ridge,15,20260830,lhs_critical_20260813_0036,lhs,critical,52.37566666666667,48.289066427293015,-4.086600239373652,4.086600239373652,12.0,False
ridge,15,20260830,lhs_critical_20260813_0055,lhs,critical,50.272,53.55880738145687,3.2868073814568746,3.2868073814568746,5.0,True
ridge,15,20260830,lhs_critical_20260813_0101,lhs,critical,48.968,68.73410263677448,19.766102636774477,19.766102636774477,1.0,True
ridge,15,20260830,lhs_high_20260813_0024,lhs,high,50.318666666666665,35.51002552415947,-14.808641142507199,14.808641142507199,21.0,False
ridge,15,20260830,lhs_high_20260813_0077,lhs,high,44.736,50.140404616911425,5.404404616911428,5.404404616911428,9.0,True
ridge,15,20260830,lhs_high_20260813_0106,lhs,high,51.74733333333334,46.31772807897375,-5.429605254359586,5.429605254359586,15.0,False
ridge,15,20260830,lhs_low_20260813_0010,lhs,low,25.866333333333333,23.00806325590092,-2.8582700774324117,2.8582700774324117,32.0,False
ridge,15,20260830,lhs_low_20260813_0077,lhs,low,24.584666666666667,29.214567086993064,4.629900420326397,4.629900420326397,27.0,False
ridge,15,20260830,lhs_low_20260813_0128,lhs,low,24.47433333333333,15.926784744580917,-8.547548588752413,8.547548588752413,36.0,False
ridge,15,20260830,lhs_medium_20260813_0026,lhs,medium,28.41333333333333,35.86094239060301,7.447609057269677,7.447609057269677,20.0,False
ridge,15,20260830,lhs_medium_20260813_0041,lhs,medium,30.77,23.6063535116108,-7.163646488389201,7.163646488389201,30.0,False
ridge,15,20260830,lhs_medium_20260813_0110,lhs,medium,32.588,39.27648076057453,6.688480760574528,6.688480760574528,19.0,False
random_forest,16,20260831,cvae_critical_20260813_0030,cvae,critical,46.97633333333333,53.08830790873013,6.1119745753968004,6.1119745753968004,9.0,True
random_forest,16,20260831,cvae_critical_20260813_0042,cvae,critical,48.01533333333333,53.868315571869445,5.852982238536114,5.852982238536114,7.0,True
random_forest,16,20260831,cvae_critical_20260813_0046,cvae,critical,53.062333333333335,64.60141166269845,11.539078329365118,11.539078329365118,2.0,True
random_forest,16,20260831,cvae_high_20260813_0033,cvae,high,45.74666666666666,49.58760618298059,3.840939516313931,3.840939516313931,10.0,False
random_forest,16,20260831,cvae_high_20260813_0043,cvae,high,40.77,44.476641735449746,3.706641735449743,3.706641735449743,18.0,False
random_forest,16,20260831,cvae_high_20260813_0067,cvae,high,42.74,48.130416368606646,5.390416368606644,5.390416368606644,13.0,False
random_forest,16,20260831,cvae_low_20260813_0001,cvae,low,25.207666666666668,25.97998365343914,0.7723169867724735,0.7723169867724735,29.0,False
random_forest,16,20260831,cvae_low_20260813_0034,cvae,low,24.413666666666668,24.856899744708997,0.44323307804232925,0.44323307804232925,36.0,False
random_forest,16,20260831,cvae_low_20260813_0115,cvae,low,23.761666666666667,24.890046796737238,1.1283801300705711,1.1283801300705711,35.0,False
random_forest,16,20260831,cvae_medium_20260813_0061,cvae,medium,26.52133333333333,29.21395420370369,2.6926208703703587,2.6926208703703587,26.0,False
random_forest,16,20260831,cvae_medium_20260813_0082,cvae,medium,28.422666666666668,29.85698760229277,1.4343209356261006,1.4343209356261006,25.0,False
random_forest,16,20260831,cvae_medium_20260813_0103,cvae,medium,27.532333333333334,28.270882324955927,0.7385489916225936,0.7385489916225936,27.0,False
random_forest,16,20260831,gmm_critical_20260813_0004,gmm,critical,85.42566666666667,53.814581484126975,-31.611085182539696,31.611085182539696,8.0,True
random_forest,16,20260831,gmm_critical_20260813_0067,gmm,critical,79.342,56.005164081128726,-23.336835918871273,23.336835918871273,5.0,True
random_forest,16,20260831,gmm_critical_20260813_0072,gmm,critical,46.531,62.575110155643756,16.044110155643757,16.044110155643757,3.0,True
random_forest,16,20260831,gmm_high_20260813_0005,gmm,high,44.719,46.582242334215124,1.8632423342151228,1.8632423342151228,17.0,False
random_forest,16,20260831,gmm_high_20260813_0049,gmm,high,44.082,47.53346993827155,3.4514699382715506,3.4514699382715506,14.0,False
random_forest,16,20260831,gmm_high_20260813_0079,gmm,high,78.97833333333332,47.33969533152956,-31.638638001803763,31.638638001803763,15.0,False
random_forest,16,20260831,gmm_low_20260813_0012,gmm,low,24.410666666666668,25.345624369047638,0.9349577023809701,0.9349577023809701,33.0,False
random_forest,16,20260831,gmm_low_20260813_0036,gmm,low,25.197,25.391249318783103,0.19424931878310403,0.19424931878310403,32.0,False
random_forest,16,20260831,gmm_low_20260813_0072,gmm,low,24.93733333333333,25.585160039682528,0.6478267063491963,0.6478267063491963,31.0,False
random_forest,16,20260831,gmm_medium_20260813_0010,gmm,medium,28.833666666666662,32.72653035978831,3.892863693121651,3.892863693121651,20.0,False
random_forest,16,20260831,gmm_medium_20260813_0077,gmm,medium,28.415,30.33954806878306,1.9245480687830607,1.9245480687830607,24.0,False
random_forest,16,20260831,gmm_medium_20260813_0102,gmm,medium,33.226,30.957763145943584,-2.268236854056415,2.268236854056415,22.0,False
random_forest,16,20260831,lhs_critical_20260813_0036,lhs,critical,52.37566666666667,54.346849424603164,1.9711827579364964,1.9711827579364964,6.0,True
random_forest,16,20260831,lhs_critical_20260813_0055,lhs,critical,50.272,58.23721391402115,7.965213914021149,7.965213914021149,4.0,True
random_forest,16,20260831,lhs_critical_20260813_0101,lhs,critical,48.968,66.969724239418,18.001724239417996,18.001724239417996,1.0,True
random_forest,16,20260831,lhs_high_20260813_0024,lhs,high,50.318666666666665,48.88932911507934,-1.4293375515873237,1.4293375515873237,11.0,False
random_forest,16,20260831,lhs_high_20260813_0077,lhs,high,44.736,48.188312141975246,3.4523121419752485,3.4523121419752485,12.0,False
random_forest,16,20260831,lhs_high_20260813_0106,lhs,high,51.74733333333334,46.81713511195282,-4.930198221380515,4.930198221380515,16.0,False
random_forest,16,20260831,lhs_low_20260813_0010,lhs,low,25.866333333333333,25.821400080687845,-0.044933252645488864,0.044933252645488864,30.0,False
random_forest,16,20260831,lhs_low_20260813_0077,lhs,low,24.584666666666667,26.39025524074076,1.8055885740740933,1.8055885740740933,28.0,False
random_forest,16,20260831,lhs_low_20260813_0128,lhs,low,24.47433333333333,25.00055183377426,0.5262185004409297,0.5262185004409297,34.0,False
random_forest,16,20260831,lhs_medium_20260813_0026,lhs,medium,28.41333333333333,30.39920703174604,1.9858736984127106,1.9858736984127106,23.0,False
random_forest,16,20260831,lhs_medium_20260813_0041,lhs,medium,30.77,31.636810473104063,0.8668104731040636,0.8668104731040636,21.0,False
random_forest,16,20260831,lhs_medium_20260813_0110,lhs,medium,32.588,34.56126912037034,1.9732691203703396,1.9732691203703396,19.0,False
ridge,16,20260831,cvae_critical_20260813_0030,cvae,critical,46.97633333333333,56.915558137153326,9.939224803819997,9.939224803819997,4.0,True
ridge,16,20260831,cvae_critical_20260813_0042,cvae,critical,48.01533333333333,56.045161077110386,8.029827743777055,8.029827743777055,5.0,True
ridge,16,20260831,cvae_critical_20260813_0046,cvae,critical,53.062333333333335,64.26859668970909,11.20626335637575,11.20626335637575,2.0,True
ridge,16,20260831,cvae_high_20260813_0033,cvae,high,45.74666666666666,50.49005263225496,4.7433859655882955,4.7433859655882955,9.0,True
ridge,16,20260831,cvae_high_20260813_0043,cvae,high,40.77,39.101040577783245,-1.6689594222167585,1.6689594222167585,19.0,False
ridge,16,20260831,cvae_high_20260813_0067,cvae,high,42.74,48.127818094276066,5.387818094276064,5.387818094276064,11.0,False
ridge,16,20260831,cvae_low_20260813_0001,cvae,low,25.207666666666668,26.647639525988133,1.4399728593214647,1.4399728593214647,29.0,False
ridge,16,20260831,cvae_low_20260813_0034,cvae,low,24.413666666666668,15.0527878326664,-9.360878834000268,9.360878834000268,36.0,False
ridge,16,20260831,cvae_low_20260813_0115,cvae,low,23.761666666666667,23.00634254590617,-0.7553241207604984,0.7553241207604984,32.0,False
ridge,16,20260831,cvae_medium_20260813_0061,cvae,medium,26.52133333333333,32.74328077946874,6.22194744613541,6.22194744613541,26.0,False
ridge,16,20260831,cvae_medium_20260813_0082,cvae,medium,28.422666666666668,34.09726459283418,5.674597926167511,5.674597926167511,25.0,False
ridge,16,20260831,cvae_medium_20260813_0103,cvae,medium,27.532333333333334,34.242033045312866,6.709699711979532,6.709699711979532,24.0,False
ridge,16,20260831,gmm_critical_20260813_0004,gmm,critical,85.42566666666667,44.781398338624825,-40.644268328041846,40.644268328041846,12.0,False
ridge,16,20260831,gmm_critical_20260813_0067,gmm,critical,79.342,50.6572213922332,-28.684778607766802,28.684778607766802,8.0,True
ridge,16,20260831,gmm_critical_20260813_0072,gmm,critical,46.531,58.73215197908601,12.201151979086013,12.201151979086013,3.0,True
ridge,16,20260831,gmm_high_20260813_0005,gmm,high,44.719,37.32533062883366,-7.3936693711663395,7.3936693711663395,21.0,False
ridge,16,20260831,gmm_high_20260813_0049,gmm,high,44.082,42.321562508593715,-1.760437491406286,1.760437491406286,15.0,False
ridge,16,20260831,gmm_high_20260813_0079,gmm,high,78.97833333333332,43.77070601100338,-35.20762732232995,35.20762732232995,14.0,False
ridge,16,20260831,gmm_low_20260813_0012,gmm,low,24.410666666666668,23.639228742162054,-0.7714379245046139,0.7714379245046139,31.0,False
ridge,16,20260831,gmm_low_20260813_0036,gmm,low,25.197,22.96896944762748,-2.2280305523725197,2.2280305523725197,33.0,False
ridge,16,20260831,gmm_low_20260813_0072,gmm,low,24.93733333333333,26.495542303433044,1.558208970099713,1.558208970099713,30.0,False
ridge,16,20260831,gmm_medium_20260813_0010,gmm,medium,28.833666666666662,35.07426418646206,6.240597519795397,6.240597519795397,23.0,False
ridge,16,20260831,gmm_medium_20260813_0077,gmm,medium,28.415,38.520440268781144,10.105440268781145,10.105440268781145,20.0,False
ridge,16,20260831,gmm_medium_20260813_0102,gmm,medium,33.226,35.89826545182235,2.672265451822348,2.672265451822348,22.0,False
ridge,16,20260831,lhs_critical_20260813_0036,lhs,critical,52.37566666666667,50.43296242089305,-1.9427042457736192,1.9427042457736192,10.0,False
ridge,16,20260831,lhs_critical_20260813_0055,lhs,critical,50.272,53.696791509027506,3.424791509027507,3.424791509027507,6.0,True
ridge,16,20260831,lhs_critical_20260813_0101,lhs,critical,48.968,68.84696414602055,19.87896414602055,19.87896414602055,1.0,True
ridge,16,20260831,lhs_high_20260813_0024,lhs,high,50.318666666666665,43.935988761894365,-6.382677904772301,6.382677904772301,13.0,False
ridge,16,20260831,lhs_high_20260813_0077,lhs,high,44.736,50.695932710154246,5.9599327101542485,5.9599327101542485,7.0,True
ridge,16,20260831,lhs_high_20260813_0106,lhs,high,51.74733333333334,41.45432378558023,-10.293009547753108,10.293009547753108,16.0,False
ridge,16,20260831,lhs_low_20260813_0010,lhs,low,25.866333333333333,15.570997933200974,-10.295335400132359,10.295335400132359,35.0,False
ridge,16,20260831,lhs_low_20260813_0077,lhs,low,24.584666666666667,29.65688620370056,5.072219537033892,5.072219537033892,27.0,False
ridge,16,20260831,lhs_low_20260813_0128,lhs,low,24.47433333333333,19.374213674887038,-5.1001196584462924,5.1001196584462924,34.0,False
ridge,16,20260831,lhs_medium_20260813_0026,lhs,medium,28.41333333333333,39.16603331392054,10.752699980587213,10.752699980587213,18.0,False
ridge,16,20260831,lhs_medium_20260813_0041,lhs,medium,30.77,27.109340253624914,-3.660659746375085,3.660659746375085,28.0,False
ridge,16,20260831,lhs_medium_20260813_0110,lhs,medium,32.588,40.75800843292954,8.170008432929542,8.170008432929542,17.0,False
random_forest,17,20260832,cvae_critical_20260813_0030,cvae,critical,46.97633333333333,56.00810682936506,9.031773496031732,9.031773496031732,4.0,True
random_forest,17,20260832,cvae_critical_20260813_0042,cvae,critical,48.01533333333333,60.75815514417996,12.742821810846628,12.742821810846628,2.0,True
random_forest,17,20260832,cvae_critical_20260813_0046,cvae,critical,53.062333333333335,51.79204849470897,-1.270284838624363,1.270284838624363,10.0,False
random_forest,17,20260832,cvae_high_20260813_0033,cvae,high,45.74666666666666,50.880344351851825,5.133677685185162,5.133677685185162,13.0,False
random_forest,17,20260832,cvae_high_20260813_0043,cvae,high,40.77,51.03391047089944,10.26391047089944,10.26391047089944,12.0,False
random_forest,17,20260832,cvae_high_20260813_0067,cvae,high,42.74,44.632198568342154,1.8921985683421525,1.8921985683421525,18.0,False
random_forest,17,20260832,cvae_low_20260813_0001,cvae,low,25.207666666666668,25.61453581481484,0.40686914814817143,0.40686914814817143,32.0,False
random_forest,17,20260832,cvae_low_20260813_0034,cvae,low,24.413666666666668,24.84718039858907,0.43351373192240317,0.43351373192240317,35.0,False
random_forest,17,20260832,cvae_low_20260813_0115,cvae,low,23.761666666666667,24.82176132539685,1.0600946587301827,1.0600946587301827,36.0,False
random_forest,17,20260832,cvae_medium_20260813_0061,cvae,medium,26.52133333333333,29.784572172398608,3.263238839065277,3.263238839065277,23.0,False
random_forest,17,20260832,cvae_medium_20260813_0082,cvae,medium,28.422666666666668,29.42321883686068,1.0005521701940125,1.0005521701940125,25.0,False
random_forest,17,20260832,cvae_medium_20260813_0103,cvae,medium,27.532333333333334,28.877113055555558,1.3447797222222242,1.3447797222222242,26.0,False
random_forest,17,20260832,gmm_critical_20260813_0004,gmm,critical,85.42566666666667,51.31376844708992,-34.11189821957675,34.11189821957675,11.0,False
random_forest,17,20260832,gmm_critical_20260813_0067,gmm,critical,79.342,54.88563653703704,-24.456363462962962,24.456363462962962,6.0,True
random_forest,17,20260832,gmm_critical_20260813_0072,gmm,critical,46.531,62.3035475767196,15.772547576719603,15.772547576719603,1.0,True
random_forest,17,20260832,gmm_high_20260813_0005,gmm,high,44.719,46.412526305996494,1.6935263059964925,1.6935263059964925,15.0,False
random_forest,17,20260832,gmm_high_20260813_0049,gmm,high,44.082,53.54997815343916,9.467978153439162,9.467978153439162,8.0,True
random_forest,17,20260832,gmm_high_20260813_0079,gmm,high,78.97833333333332,45.90825794929454,-33.07007538403879,33.07007538403879,16.0,False
random_forest,17,20260832,gmm_low_20260813_0012,gmm,low,24.410666666666668,25.140664847883606,0.7299981812169385,0.7299981812169385,34.0,False
random_forest,17,20260832,gmm_low_20260813_0036,gmm,low,25.197,25.46594384964728,0.26894384964728246,0.26894384964728246,33.0,False
random_forest,17,20260832,gmm_low_20260813_0072,gmm,low,24.93733333333333,25.815559170634945,0.8782258373016134,0.8782258373016134,30.0,False
random_forest,17,20260832,gmm_medium_20260813_0010,gmm,medium,28.833666666666662,30.69397260141091,1.8603059347442468,1.8603059347442468,21.0,False
random_forest,17,20260832,gmm_medium_20260813_0077,gmm,medium,28.415,29.584083074074083,1.1690830740740843,1.1690830740740843,24.0,False
random_forest,17,20260832,gmm_medium_20260813_0102,gmm,medium,33.226,30.45755969047621,-2.7684403095237897,2.7684403095237897,22.0,False
random_forest,17,20260832,lhs_critical_20260813_0036,lhs,critical,52.37566666666667,55.52475545326282,3.1490887865961525,3.1490887865961525,5.0,True
random_forest,17,20260832,lhs_critical_20260813_0055,lhs,critical,50.272,53.63634206746032,3.3643420674603206,3.3643420674603206,7.0,True
random_forest,17,20260832,lhs_critical_20260813_0101,lhs,critical,48.968,56.562114896825406,7.594114896825403,7.594114896825403,3.0,True
random_forest,17,20260832,lhs_high_20260813_0024,lhs,high,50.318666666666665,45.176850705467345,-5.14181596119932,5.14181596119932,17.0,False
random_forest,17,20260832,lhs_high_20260813_0077,lhs,high,44.736,49.38563143694883,4.64963143694883,4.64963143694883,14.0,False
random_forest,17,20260832,lhs_high_20260813_0106,lhs,high,51.74733333333334,53.430023314814804,1.6826899814814666,1.6826899814814666,9.0,True
random_forest,17,20260832,lhs_low_20260813_0010,lhs,low,25.866333333333333,25.619027789682573,-0.24730554365076074,0.24730554365076074,31.0,False
random_forest,17,20260832,lhs_low_20260813_0077,lhs,low,24.584666666666667,25.884407260582027,1.2997405939153595,1.2997405939153595,28.0,False
random_forest,17,20260832,lhs_low_20260813_0128,lhs,low,24.47433333333333,25.83293041843034,1.35859708509701,1.35859708509701,29.0,False
random_forest,17,20260832,lhs_medium_20260813_0026,lhs,medium,28.41333333333333,28.68228807407407,0.2689547407407389,0.2689547407407389,27.0,False
random_forest,17,20260832,lhs_medium_20260813_0041,lhs,medium,30.77,34.10934354629633,3.3393435462963303,3.3393435462963303,19.0,False
random_forest,17,20260832,lhs_medium_20260813_0110,lhs,medium,32.588,33.97903466358026,1.3910346635802568,1.3910346635802568,20.0,False
ridge,17,20260832,cvae_critical_20260813_0030,cvae,critical,46.97633333333333,53.99166379297364,7.01533045964031,7.01533045964031,6.0,True
ridge,17,20260832,cvae_critical_20260813_0042,cvae,critical,48.01533333333333,59.65532347320698,11.639990139873646,11.639990139873646,3.0,True
ridge,17,20260832,cvae_critical_20260813_0046,cvae,critical,53.062333333333335,51.84906920763116,-1.2132641257021746,1.2132641257021746,8.0,True
ridge,17,20260832,cvae_high_20260813_0033,cvae,high,45.74666666666666,51.27759140842181,5.53092474175515,5.53092474175515,9.0,True
ridge,17,20260832,cvae_high_20260813_0043,cvae,high,40.77,43.15240607126319,2.3824060712631834,2.3824060712631834,17.0,False
ridge,17,20260832,cvae_high_20260813_0067,cvae,high,42.74,47.49582829982437,4.7558282998243655,4.7558282998243655,13.0,False
ridge,17,20260832,cvae_low_20260813_0001,cvae,low,25.207666666666668,27.726214842019886,2.5185481753532173,2.5185481753532173,26.0,False
ridge,17,20260832,cvae_low_20260813_0034,cvae,low,24.413666666666668,22.517136049391414,-1.8965306172752534,1.8965306172752534,30.0,False
ridge,17,20260832,cvae_low_20260813_0115,cvae,low,23.761666666666667,21.353149298358026,-2.4085173683086403,2.4085173683086403,31.0,False
ridge,17,20260832,cvae_medium_20260813_0061,cvae,medium,26.52133333333333,27.63211071773188,1.1107773843985491,1.1107773843985491,27.0,False
ridge,17,20260832,cvae_medium_20260813_0082,cvae,medium,28.422666666666668,32.41510045537124,3.99243378870457,3.99243378870457,23.0,False
ridge,17,20260832,cvae_medium_20260813_0103,cvae,medium,27.532333333333334,28.69969333432879,1.1673600009954548,1.1673600009954548,25.0,False
ridge,17,20260832,gmm_critical_20260813_0004,gmm,critical,85.42566666666667,44.67962822203084,-40.74603844463583,40.74603844463583,15.0,False
ridge,17,20260832,gmm_critical_20260813_0067,gmm,critical,79.342,52.636177521029836,-26.705822478970163,26.705822478970163,7.0,True
ridge,17,20260832,gmm_critical_20260813_0072,gmm,critical,46.531,61.83677177857477,15.305771778574773,15.305771778574773,1.0,True
ridge,17,20260832,gmm_high_20260813_0005,gmm,high,44.719,48.10749516617844,3.388495166178437,3.388495166178437,11.0,False
ridge,17,20260832,gmm_high_20260813_0049,gmm,high,44.082,59.602971075146804,15.520971075146804,15.520971075146804,4.0,True
ridge,17,20260832,gmm_high_20260813_0079,gmm,high,78.97833333333332,44.077335879077054,-34.90099745425627,34.90099745425627,16.0,False
ridge,17,20260832,gmm_low_20260813_0012,gmm,low,24.410666666666668,22.833622070567,-1.5770445960996682,1.5770445960996682,29.0,False
ridge,17,20260832,gmm_low_20260813_0036,gmm,low,25.197,18.52229200530328,-6.674707994696718,6.674707994696718,33.0,False
ridge,17,20260832,gmm_low_20260813_0072,gmm,low,24.93733333333333,13.353928855534207,-11.583404477799125,11.583404477799125,36.0,False
ridge,17,20260832,gmm_medium_20260813_0010,gmm,medium,28.833666666666662,36.23868288610715,7.405016219440487,7.405016219440487,21.0,False
ridge,17,20260832,gmm_medium_20260813_0077,gmm,medium,28.415,41.017246465232745,12.602246465232746,12.602246465232746,18.0,False
ridge,17,20260832,gmm_medium_20260813_0102,gmm,medium,33.226,37.04629327870118,3.820293278701179,3.820293278701179,20.0,False
ridge,17,20260832,lhs_critical_20260813_0036,lhs,critical,52.37566666666667,60.702483980851966,8.326817314185298,8.326817314185298,2.0,True
ridge,17,20260832,lhs_critical_20260813_0055,lhs,critical,50.272,48.08111683361439,-2.1908831663856105,2.1908831663856105,12.0,False
ridge,17,20260832,lhs_critical_20260813_0101,lhs,critical,48.968,55.9430356205598,6.975035620559794,6.975035620559794,5.0,True
ridge,17,20260832,lhs_high_20260813_0024,lhs,high,50.318666666666665,40.67029478186329,-9.648371884803375,9.648371884803375,19.0,False
ridge,17,20260832,lhs_high_20260813_0077,lhs,high,44.736,48.12961747615092,3.393617476150922,3.393617476150922,10.0,False
ridge,17,20260832,lhs_high_20260813_0106,lhs,high,51.74733333333334,45.27740910154152,-6.469924231791815,6.469924231791815,14.0,False
ridge,17,20260832,lhs_low_20260813_0010,lhs,low,25.866333333333333,16.612825640846395,-9.253507692486938,9.253507692486938,34.0,False
ridge,17,20260832,lhs_low_20260813_0077,lhs,low,24.584666666666667,24.604998988608305,0.020332321941637588,0.020332321941637588,28.0,False
ridge,17,20260832,lhs_low_20260813_0128,lhs,low,24.47433333333333,15.711847445468884,-8.762485887864447,8.762485887864447,35.0,False
ridge,17,20260832,lhs_medium_20260813_0026,lhs,medium,28.41333333333333,30.572871479954117,2.159538146620786,2.159538146620786,24.0,False
ridge,17,20260832,lhs_medium_20260813_0041,lhs,medium,30.77,21.11443832950485,-9.65556167049515,9.65556167049515,32.0,False
ridge,17,20260832,lhs_medium_20260813_0110,lhs,medium,32.588,33.197598108735484,0.6095981087354829,0.6095981087354829,22.0,False
random_forest,18,20260833,cvae_critical_20260813_0030,cvae,critical,46.97633333333333,55.31532286640209,8.338989533068762,8.338989533068762,9.0,True
random_forest,18,20260833,cvae_critical_20260813_0042,cvae,critical,48.01533333333333,55.49239506790125,7.4770617345679184,7.4770617345679184,7.0,True
random_forest,18,20260833,cvae_critical_20260813_0046,cvae,critical,53.062333333333335,52.41447656966493,-0.6478567636684076,0.6478567636684076,11.0,False
random_forest,18,20260833,cvae_high_20260813_0033,cvae,high,45.74666666666666,52.445123981922386,6.698457315255723,6.698457315255723,10.0,False
random_forest,18,20260833,cvae_high_20260813_0043,cvae,high,40.77,51.89692779012342,11.126927790123418,11.126927790123418,12.0,False
random_forest,18,20260833,cvae_high_20260813_0067,cvae,high,42.74,44.933655447089976,2.1936554470899736,2.1936554470899736,17.0,False
random_forest,18,20260833,cvae_low_20260813_0001,cvae,low,25.207666666666668,25.44637343474427,0.23870676807760205,0.23870676807760205,32.0,False
random_forest,18,20260833,cvae_low_20260813_0034,cvae,low,24.413666666666668,25.10382205908289,0.6901553924162229,0.6901553924162229,35.0,False
random_forest,18,20260833,cvae_low_20260813_0115,cvae,low,23.761666666666667,25.01322051763672,1.2515538509700548,1.2515538509700548,36.0,False
random_forest,18,20260833,cvae_medium_20260813_0061,cvae,medium,26.52133333333333,29.61323616578481,3.0919028324514777,3.0919028324514777,26.0,False
random_forest,18,20260833,cvae_medium_20260813_0082,cvae,medium,28.422666666666668,29.718684280423272,1.2960176137566037,1.2960176137566037,25.0,False
random_forest,18,20260833,cvae_medium_20260813_0103,cvae,medium,27.532333333333334,29.33489137778581,1.802558044452475,1.802558044452475,27.0,False
random_forest,18,20260833,gmm_critical_20260813_0004,gmm,critical,85.42566666666667,50.93562717945327,-34.4900394872134,34.4900394872134,13.0,False
random_forest,18,20260833,gmm_critical_20260813_0067,gmm,critical,79.342,57.045011800705495,-22.296988199294503,22.296988199294503,4.0,True
random_forest,18,20260833,gmm_critical_20260813_0072,gmm,critical,46.531,60.280249800264514,13.749249800264515,13.749249800264515,1.0,True
random_forest,18,20260833,gmm_high_20260813_0005,gmm,high,44.719,47.63680825793651,2.9178082579365068,2.9178082579365068,15.0,False
random_forest,18,20260833,gmm_high_20260813_0049,gmm,high,44.082,56.474793402557296,12.392793402557295,12.392793402557295,5.0,True
random_forest,18,20260833,gmm_high_20260813_0079,gmm,high,78.97833333333332,45.73393063395865,-33.244402699374675,33.244402699374675,16.0,False
random_forest,18,20260833,gmm_low_20260813_0012,gmm,low,24.410666666666668,25.335217514109356,0.9245508474426885,0.9245508474426885,33.0,False
random_forest,18,20260833,gmm_low_20260813_0036,gmm,low,25.197,25.747167976631413,0.550167976631414,0.550167976631414,29.0,False
random_forest,18,20260833,gmm_low_20260813_0072,gmm,low,24.93733333333333,25.481095276014116,0.5437619426807849,0.5437619426807849,31.0,False
random_forest,18,20260833,gmm_medium_20260813_0010,gmm,medium,28.833666666666662,32.08680354180695,3.2531368751402887,3.2531368751402887,21.0,False
random_forest,18,20260833,gmm_medium_20260813_0077,gmm,medium,28.415,30.0000353324515,1.5850353324515005,1.5850353324515005,24.0,False
random_forest,18,20260833,gmm_medium_20260813_0102,gmm,medium,33.226,32.37967296560844,-0.8463270343915568,0.8463270343915568,20.0,False
random_forest,18,20260833,lhs_critical_20260813_0036,lhs,critical,52.37566666666667,59.60495220282191,7.2292855361552455,7.2292855361552455,2.0,True
random_forest,18,20260833,lhs_critical_20260813_0055,lhs,critical,50.272,57.8850835889851,7.6130835889850985,7.6130835889850985,3.0,True
random_forest,18,20260833,lhs_critical_20260813_0101,lhs,critical,48.968,55.423604950617325,6.455604950617321,6.455604950617321,8.0,True
random_forest,18,20260833,lhs_high_20260813_0024,lhs,high,50.318666666666665,44.160549557239065,-6.1581171094276,6.1581171094276,18.0,False
random_forest,18,20260833,lhs_high_20260813_0077,lhs,high,44.736,48.888469198412686,4.152469198412689,4.152469198412689,14.0,False
random_forest,18,20260833,lhs_high_20260813_0106,lhs,high,51.74733333333334,55.638704037037,3.8913707037036644,3.8913707037036644,6.0,True
random_forest,18,20260833,lhs_low_20260813_0010,lhs,low,25.866333333333333,25.835407760141095,-0.03092557319223843,0.03092557319223843,28.0,False
random_forest,18,20260833,lhs_low_20260813_0077,lhs,low,24.584666666666667,25.58969508156965,1.0050284149029842,1.0050284149029842,30.0,False
random_forest,18,20260833,lhs_low_20260813_0128,lhs,low,24.47433333333333,25.195274369488565,0.7209410361552351,0.7209410361552351,34.0,False
random_forest,18,20260833,lhs_medium_20260813_0026,lhs,medium,28.41333333333333,30.161548901234564,1.7482155679012337,1.7482155679012337,23.0,False
random_forest,18,20260833,lhs_medium_20260813_0041,lhs,medium,30.77,31.75953244620811,0.9895324462081092,0.9895324462081092,22.0,False
random_forest,18,20260833,lhs_medium_20260813_0110,lhs,medium,32.588,35.60383155291005,3.0158315529100506,3.0158315529100506,19.0,False
ridge,18,20260833,cvae_critical_20260813_0030,cvae,critical,46.97633333333333,59.17400155626501,12.197668222931682,12.197668222931682,6.0,True
ridge,18,20260833,cvae_critical_20260813_0042,cvae,critical,48.01533333333333,56.49564144540112,8.480308112067789,8.480308112067789,7.0,True
ridge,18,20260833,cvae_critical_20260813_0046,cvae,critical,53.062333333333335,50.135305834058784,-2.9270274992745513,2.9270274992745513,13.0,False
ridge,18,20260833,cvae_high_20260813_0033,cvae,high,45.74666666666666,51.51425137280355,5.767584706136887,5.767584706136887,11.0,False
ridge,18,20260833,cvae_high_20260813_0043,cvae,high,40.77,42.57550113367631,1.8055011336763087,1.8055011336763087,20.0,False
ridge,18,20260833,cvae_high_20260813_0067,cvae,high,42.74,49.00185907815598,6.261859078155979,6.261859078155979,15.0,False
ridge,18,20260833,cvae_low_20260813_0001,cvae,low,25.207666666666668,26.89441863011298,1.6867519634463122,1.6867519634463122,28.0,False
ridge,18,20260833,cvae_low_20260813_0034,cvae,low,24.413666666666668,10.70336250889995,-13.710304157766718,13.710304157766718,34.0,False
ridge,18,20260833,cvae_low_20260813_0115,cvae,low,23.761666666666667,21.07113705533621,-2.690529611330458,2.690529611330458,31.0,False
ridge,18,20260833,cvae_medium_20260813_0061,cvae,medium,26.52133333333333,32.976232900071594,6.454899566738263,6.454899566738263,26.0,False
ridge,18,20260833,cvae_medium_20260813_0082,cvae,medium,28.422666666666668,35.1812467332956,6.758580066628934,6.758580066628934,24.0,False
ridge,18,20260833,cvae_medium_20260813_0103,cvae,medium,27.532333333333334,41.742017414569375,14.209684081236041,14.209684081236041,21.0,False
ridge,18,20260833,gmm_critical_20260813_0004,gmm,critical,85.42566666666667,40.822684205269375,-44.602982461397296,44.602982461397296,22.0,False
ridge,18,20260833,gmm_critical_20260813_0067,gmm,critical,79.342,50.30112914439934,-29.04087085560066,29.04087085560066,12.0,False
ridge,18,20260833,gmm_critical_20260813_0072,gmm,critical,46.531,62.23990727053126,15.708907270531263,15.708907270531263,2.0,True
ridge,18,20260833,gmm_high_20260813_0005,gmm,high,44.719,52.837209577643826,8.118209577643825,8.118209577643825,9.0,True
ridge,18,20260833,gmm_high_20260813_0049,gmm,high,44.082,67.47570366445231,23.39370366445231,23.39370366445231,1.0,True
ridge,18,20260833,gmm_high_20260813_0079,gmm,high,78.97833333333332,43.396116942162344,-35.58221639117098,35.58221639117098,18.0,False
ridge,18,20260833,gmm_low_20260813_0012,gmm,low,24.410666666666668,15.253316585538595,-9.157350081128072,9.157350081128072,32.0,False
ridge,18,20260833,gmm_low_20260813_0036,gmm,low,25.197,24.139815802018003,-1.0571841979819965,1.0571841979819965,29.0,False
ridge,18,20260833,gmm_low_20260813_0072,gmm,low,24.93733333333333,8.297296825468749,-16.640036507864583,16.640036507864583,35.0,False
ridge,18,20260833,gmm_medium_20260813_0010,gmm,medium,28.833666666666662,43.78429574984833,14.95062908318167,14.95062908318167,17.0,False
ridge,18,20260833,gmm_medium_20260813_0077,gmm,medium,28.415,45.85939700601838,17.444397006018384,17.444397006018384,16.0,False
ridge,18,20260833,gmm_medium_20260813_0102,gmm,medium,33.226,42.82063638483332,9.594636384833322,9.594636384833322,19.0,False
ridge,18,20260833,lhs_critical_20260813_0036,lhs,critical,52.37566666666667,61.88396159336875,9.508294926702085,9.508294926702085,3.0,True
ridge,18,20260833,lhs_critical_20260813_0055,lhs,critical,50.272,59.206985461840375,8.934985461840377,8.934985461840377,5.0,True
ridge,18,20260833,lhs_critical_20260813_0101,lhs,critical,48.968,60.688341602730404,11.7203416027304,11.7203416027304,4.0,True
ridge,18,20260833,lhs_high_20260813_0024,lhs,high,50.318666666666665,37.30941825625203,-13.009248410414635,13.009248410414635,23.0,False
ridge,18,20260833,lhs_high_20260813_0077,lhs,high,44.736,53.16323091079892,8.427230910798926,8.427230910798926,8.0,True
ridge,18,20260833,lhs_high_20260813_0106,lhs,high,51.74733333333334,52.30406973289089,0.5567363995575505,0.5567363995575505,10.0,False
ridge,18,20260833,lhs_low_20260813_0010,lhs,low,25.866333333333333,4.522488563289137,-21.343844770044196,21.343844770044196,36.0,False
ridge,18,20260833,lhs_low_20260813_0077,lhs,low,24.584666666666667,23.4156692381843,-1.168997428482367,1.168997428482367,30.0,False
ridge,18,20260833,lhs_low_20260813_0128,lhs,low,24.47433333333333,11.438713148478925,-13.035620184854405,13.035620184854405,33.0,False
ridge,18,20260833,lhs_medium_20260813_0026,lhs,medium,28.41333333333333,29.892517896818703,1.4791845634853722,1.4791845634853722,27.0,False
ridge,18,20260833,lhs_medium_20260813_0041,lhs,medium,30.77,35.15521989846755,4.38521989846755,4.38521989846755,25.0,False
ridge,18,20260833,lhs_medium_20260813_0110,lhs,medium,32.588,50.03078126707902,17.44278126707902,17.44278126707902,14.0,False
random_forest,19,20260834,cvae_critical_20260813_0030,cvae,critical,46.97633333333333,56.62022377777778,9.643890444444452,9.643890444444452,6.0,True
random_forest,19,20260834,cvae_critical_20260813_0042,cvae,critical,48.01533333333333,60.862572382715975,12.847239049382644,12.847239049382644,2.0,True
random_forest,19,20260834,cvae_critical_20260813_0046,cvae,critical,53.062333333333335,50.413697961640196,-2.648635371693139,2.648635371693139,9.0,True
random_forest,19,20260834,cvae_high_20260813_0033,cvae,high,45.74666666666666,45.025602400793645,-0.721064265873018,0.721064265873018,17.0,False
random_forest,19,20260834,cvae_high_20260813_0043,cvae,high,40.77,47.2265935008818,6.4565935008817945,6.4565935008817945,15.0,False
random_forest,19,20260834,cvae_high_20260813_0067,cvae,high,42.74,47.63291468474427,4.8929146847442695,4.8929146847442695,14.0,False
random_forest,19,20260834,cvae_low_20260813_0001,cvae,low,25.207666666666668,24.96940476102294,-0.2382619056437285,0.2382619056437285,35.0,False
random_forest,19,20260834,cvae_low_20260813_0034,cvae,low,24.413666666666668,24.848700828924162,0.43503416225749447,0.43503416225749447,36.0,False
random_forest,19,20260834,cvae_low_20260813_0115,cvae,low,23.761666666666667,25.091736579365094,1.330069912698427,1.330069912698427,34.0,False
random_forest,19,20260834,cvae_medium_20260813_0061,cvae,medium,26.52133333333333,29.08466888844798,2.563335555114648,2.563335555114648,27.0,False
random_forest,19,20260834,cvae_medium_20260813_0082,cvae,medium,28.422666666666668,29.350871247795414,0.928204581128746,0.928204581128746,25.0,False
random_forest,19,20260834,cvae_medium_20260813_0103,cvae,medium,27.532333333333334,30.82054827910056,3.2882149457672263,3.2882149457672263,22.0,False
random_forest,19,20260834,gmm_critical_20260813_0004,gmm,critical,85.42566666666667,50.606172542328025,-34.81949412433865,34.81949412433865,8.0,True
random_forest,19,20260834,gmm_critical_20260813_0067,gmm,critical,79.342,58.12058936860671,-21.22141063139329,21.22141063139329,5.0,True
random_forest,19,20260834,gmm_critical_20260813_0072,gmm,critical,46.531,63.97052594488534,17.43952594488534,17.43952594488534,1.0,True
random_forest,19,20260834,gmm_high_20260813_0005,gmm,high,44.719,46.35752360405644,1.638523604056438,1.638523604056438,16.0,False
random_forest,19,20260834,gmm_high_20260813_0049,gmm,high,44.082,49.17133464373891,5.089334643738908,5.089334643738908,12.0,False
random_forest,19,20260834,gmm_high_20260813_0079,gmm,high,78.97833333333332,48.12837198280424,-30.849961350529085,30.849961350529085,13.0,False
random_forest,19,20260834,gmm_low_20260813_0012,gmm,low,24.410666666666668,25.591683936507945,1.181017269841277,1.181017269841277,29.0,False
random_forest,19,20260834,gmm_low_20260813_0036,gmm,low,25.197,25.321235429453267,0.12423542945326815,0.12423542945326815,33.0,False
random_forest,19,20260834,gmm_low_20260813_0072,gmm,low,24.93733333333333,25.55748735582013,0.6201540224867976,0.6201540224867976,30.0,False
random_forest,19,20260834,gmm_medium_20260813_0010,gmm,medium,28.833666666666662,32.867730273809556,4.034063607142894,4.034063607142894,20.0,False
random_forest,19,20260834,gmm_medium_20260813_0077,gmm,medium,28.415,29.183474317460302,0.7684743174603028,0.7684743174603028,26.0,False
random_forest,19,20260834,gmm_medium_20260813_0102,gmm,medium,33.226,30.499691256172827,-2.726308743827172,2.726308743827172,23.0,False
random_forest,19,20260834,lhs_critical_20260813_0036,lhs,critical,52.37566666666667,58.73116155246914,6.355494885802472,6.355494885802472,4.0,True
random_forest,19,20260834,lhs_critical_20260813_0055,lhs,critical,50.272,59.78237794356258,9.510377943562581,9.510377943562581,3.0,True
random_forest,19,20260834,lhs_critical_20260813_0101,lhs,critical,48.968,53.709163604497384,4.74116360449738,4.74116360449738,7.0,True
random_forest,19,20260834,lhs_high_20260813_0024,lhs,high,50.318666666666665,50.216077603174604,-0.10258906349206143,0.10258906349206143,10.0,False
random_forest,19,20260834,lhs_high_20260813_0077,lhs,high,44.736,44.911192481481486,0.17519248148148847,0.17519248148148847,18.0,False
random_forest,19,20260834,lhs_high_20260813_0106,lhs,high,51.74733333333334,49.440213121693105,-2.307120211640232,2.307120211640232,11.0,False
random_forest,19,20260834,lhs_low_20260813_0010,lhs,low,25.866333333333333,25.607855995149926,-0.25847733818340757,0.25847733818340757,28.0,False
random_forest,19,20260834,lhs_low_20260813_0077,lhs,low,24.584666666666667,25.536038806878338,0.9513721402116708,0.9513721402116708,31.0,False
random_forest,19,20260834,lhs_low_20260813_0128,lhs,low,24.47433333333333,25.461532569664907,0.9871992363315769,0.9871992363315769,32.0,False
random_forest,19,20260834,lhs_medium_20260813_0026,lhs,medium,28.41333333333333,30.305822989418022,1.8924896560846918,1.8924896560846918,24.0,False
random_forest,19,20260834,lhs_medium_20260813_0041,lhs,medium,30.77,31.960090164021153,1.1900901640211536,1.1900901640211536,21.0,False
random_forest,19,20260834,lhs_medium_20260813_0110,lhs,medium,32.588,34.19646132936507,1.6084613293650705,1.6084613293650705,19.0,False
ridge,19,20260834,cvae_critical_20260813_0030,cvae,critical,46.97633333333333,49.641841380826364,2.6655080474930344,2.6655080474930344,8.0,True
ridge,19,20260834,cvae_critical_20260813_0042,cvae,critical,48.01533333333333,60.97139471995363,12.956061386620298,12.956061386620298,2.0,True
ridge,19,20260834,cvae_critical_20260813_0046,cvae,critical,53.062333333333335,51.59872127407421,-1.4636120592591269,1.4636120592591269,6.0,True
ridge,19,20260834,cvae_high_20260813_0033,cvae,high,45.74666666666666,48.270103780528956,2.5234371138622933,2.5234371138622933,10.0,False
ridge,19,20260834,cvae_high_20260813_0043,cvae,high,40.77,41.03109362460621,0.2610936246062039,0.2610936246062039,16.0,False
ridge,19,20260834,cvae_high_20260813_0067,cvae,high,42.74,49.669325766879616,6.929325766879614,6.929325766879614,7.0,True
ridge,19,20260834,cvae_low_20260813_0001,cvae,low,25.207666666666668,28.01132980634029,2.8036631396736205,2.8036631396736205,27.0,False
ridge,19,20260834,cvae_low_20260813_0034,cvae,low,24.413666666666668,16.795476463220613,-7.618190203446055,7.618190203446055,30.0,False
ridge,19,20260834,cvae_low_20260813_0115,cvae,low,23.761666666666667,22.21288497122348,-1.5487816954431857,1.5487816954431857,28.0,False
ridge,19,20260834,cvae_medium_20260813_0061,cvae,medium,26.52133333333333,31.403015024770827,4.881681691437496,4.881681691437496,24.0,False
ridge,19,20260834,cvae_medium_20260813_0082,cvae,medium,28.422666666666668,29.80469618446171,1.3820295177950435,1.3820295177950435,26.0,False
ridge,19,20260834,cvae_medium_20260813_0103,cvae,medium,27.532333333333334,34.13532921138533,6.602995878051999,6.602995878051999,22.0,False
ridge,19,20260834,gmm_critical_20260813_0004,gmm,critical,85.42566666666667,47.20526898263522,-38.220397684031454,38.220397684031454,12.0,False
ridge,19,20260834,gmm_critical_20260813_0067,gmm,critical,79.342,46.126077580055544,-33.215922419944455,33.215922419944455,14.0,False
ridge,19,20260834,gmm_critical_20260813_0072,gmm,critical,46.531,63.03218532755425,16.501185327554253,16.501185327554253,1.0,True
ridge,19,20260834,gmm_high_20260813_0005,gmm,high,44.719,48.91459678221535,4.195596782215347,4.195596782215347,9.0,True
ridge,19,20260834,gmm_high_20260813_0049,gmm,high,44.082,35.618577448538815,-8.463422551461186,8.463422551461186,21.0,False
ridge,19,20260834,gmm_high_20260813_0079,gmm,high,78.97833333333332,47.42330555209193,-31.555027781241392,31.555027781241392,11.0,False
ridge,19,20260834,gmm_low_20260813_0012,gmm,low,24.410666666666668,16.43310229324765,-7.977564373419018,7.977564373419018,31.0,False
ridge,19,20260834,gmm_low_20260813_0036,gmm,low,25.197,11.309405933430448,-13.887594066569552,13.887594066569552,34.0,False
ridge,19,20260834,gmm_low_20260813_0072,gmm,low,24.93733333333333,8.406735757525091,-16.53059757580824,16.53059757580824,35.0,False
ridge,19,20260834,gmm_medium_20260813_0010,gmm,medium,28.833666666666662,37.957107075075754,9.123440408409092,9.123440408409092,19.0,False
ridge,19,20260834,gmm_medium_20260813_0077,gmm,medium,28.415,46.80695931438346,18.391959314383463,18.391959314383463,13.0,False
ridge,19,20260834,gmm_medium_20260813_0102,gmm,medium,33.226,36.51931227602539,3.2933122760253895,3.2933122760253895,20.0,False
ridge,19,20260834,lhs_critical_20260813_0036,lhs,critical,52.37566666666667,58.92470249688959,6.54903583022292,6.54903583022292,4.0,True
ridge,19,20260834,lhs_critical_20260813_0055,lhs,critical,50.272,60.32661593678374,10.05461593678374,10.05461593678374,3.0,True
ridge,19,20260834,lhs_critical_20260813_0101,lhs,critical,48.968,58.441841738539246,9.473841738539242,9.473841738539242,5.0,True
ridge,19,20260834,lhs_high_20260813_0024,lhs,high,50.318666666666665,38.18540472573089,-12.133261940935775,12.133261940935775,18.0,False
ridge,19,20260834,lhs_high_20260813_0077,lhs,high,44.736,33.15909028866903,-11.57690971133097,11.57690971133097,23.0,False
ridge,19,20260834,lhs_high_20260813_0106,lhs,high,51.74733333333334,41.877063281502394,-9.870270051830943,9.870270051830943,15.0,False
ridge,19,20260834,lhs_low_20260813_0010,lhs,low,25.866333333333333,12.270589107179575,-13.595744226153759,13.595744226153759,33.0,False
ridge,19,20260834,lhs_low_20260813_0077,lhs,low,24.584666666666667,21.636204216113867,-2.9484624505527997,2.9484624505527997,29.0,False
ridge,19,20260834,lhs_low_20260813_0128,lhs,low,24.47433333333333,7.222957715351463,-17.251375617981868,17.251375617981868,36.0,False
ridge,19,20260834,lhs_medium_20260813_0026,lhs,medium,28.41333333333333,30.673867083822046,2.2605337504887153,2.2605337504887153,25.0,False
ridge,19,20260834,lhs_medium_20260813_0041,lhs,medium,30.77,14.531881775419421,-16.238118224580578,16.238118224580578,32.0,False
ridge,19,20260834,lhs_medium_20260813_0110,lhs,medium,32.588,39.510740053734196,6.922740053734195,6.922740053734195,17.0,False
random_forest,20,20260835,cvae_critical_20260813_0030,cvae,critical,46.97633333333333,51.022641986772484,4.046308653439155,4.046308653439155,12.0,False
random_forest,20,20260835,cvae_critical_20260813_0042,cvae,critical,48.01533333333333,54.802502316137605,6.787168982804275,6.787168982804275,5.0,True
random_forest,20,20260835,cvae_critical_20260813_0046,cvae,critical,53.062333333333335,64.03235971560848,10.970026382275144,10.970026382275144,1.0,True
random_forest,20,20260835,cvae_high_20260813_0033,cvae,high,45.74666666666666,53.719504007054674,7.972837340388011,7.972837340388011,8.0,True
random_forest,20,20260835,cvae_high_20260813_0043,cvae,high,40.77,47.866009668430294,7.096009668430291,7.096009668430291,14.0,False
random_forest,20,20260835,cvae_high_20260813_0067,cvae,high,42.74,45.94318611904759,3.2031861190475865,3.2031861190475865,17.0,False
random_forest,20,20260835,cvae_low_20260813_0001,cvae,low,25.207666666666668,25.314097163580275,0.10643049691360673,0.10643049691360673,33.0,False
random_forest,20,20260835,cvae_low_20260813_0034,cvae,low,24.413666666666668,24.84866862654322,0.4350019598765513,0.4350019598765513,36.0,False
random_forest,20,20260835,cvae_low_20260813_0115,cvae,low,23.761666666666667,24.95402503086422,1.1923583641975526,1.1923583641975526,35.0,False
random_forest,20,20260835,cvae_medium_20260813_0061,cvae,medium,26.52133333333333,28.76392221604939,2.24258888271606,2.24258888271606,26.0,False
random_forest,20,20260835,cvae_medium_20260813_0082,cvae,medium,28.422666666666668,30.148672375661377,1.726005708994709,1.726005708994709,23.0,False
random_forest,20,20260835,cvae_medium_20260813_0103,cvae,medium,27.532333333333334,28.360120025132254,0.8277866917989201,0.8277866917989201,27.0,False
random_forest,20,20260835,gmm_critical_20260813_0004,gmm,critical,85.42566666666667,53.94889713932982,-31.47676952733685,31.47676952733685,7.0,True
random_forest,20,20260835,gmm_critical_20260813_0067,gmm,critical,79.342,53.02127697354497,-26.320723026455028,26.320723026455028,9.0,True
random_forest,20,20260835,gmm_critical_20260813_0072,gmm,critical,46.531,63.8389636362434,17.3079636362434,17.3079636362434,2.0,True
random_forest,20,20260835,gmm_high_20260813_0005,gmm,high,44.719,46.04247729144622,1.323477291446217,1.323477291446217,16.0,False
random_forest,20,20260835,gmm_high_20260813_0049,gmm,high,44.082,51.197267968253904,7.115267968253903,7.115267968253903,11.0,False
random_forest,20,20260835,gmm_high_20260813_0079,gmm,high,78.97833333333332,45.6921807010582,-33.286152632275126,33.286152632275126,18.0,False
random_forest,20,20260835,gmm_low_20260813_0012,gmm,low,24.410666666666668,25.3490054691358,0.9383388024691328,0.9383388024691328,32.0,False
random_forest,20,20260835,gmm_low_20260813_0036,gmm,low,25.197,25.567578265432108,0.37057826543210837,0.37057826543210837,30.0,False
random_forest,20,20260835,gmm_low_20260813_0072,gmm,low,24.93733333333333,25.619993665784847,0.6826603324515155,0.6826603324515155,29.0,False
random_forest,20,20260835,gmm_medium_20260813_0010,gmm,medium,28.833666666666662,31.494365661375667,2.660698994709005,2.660698994709005,21.0,False
random_forest,20,20260835,gmm_medium_20260813_0077,gmm,medium,28.415,29.685905486772498,1.2709054867724987,1.2709054867724987,25.0,False
random_forest,20,20260835,gmm_medium_20260813_0102,gmm,medium,33.226,30.95281470370369,-2.273185296296308,2.273185296296308,22.0,False
random_forest,20,20260835,lhs_critical_20260813_0036,lhs,critical,52.37566666666667,54.324500346560875,1.9488336798942072,1.9488336798942072,6.0,True
random_forest,20,20260835,lhs_critical_20260813_0055,lhs,critical,50.272,56.77277950925922,6.500779509259225,6.500779509259225,4.0,True
random_forest,20,20260835,lhs_critical_20260813_0101,lhs,critical,48.968,62.11675935846554,13.14875935846554,13.14875935846554,3.0,True
random_forest,20,20260835,lhs_high_20260813_0024,lhs,high,50.318666666666665,49.987116320105784,-0.33155034656088134,0.33155034656088134,13.0,False
random_forest,20,20260835,lhs_high_20260813_0077,lhs,high,44.736,46.383476227513206,1.6474762275132093,1.6474762275132093,15.0,False
random_forest,20,20260835,lhs_high_20260813_0106,lhs,high,51.74733333333334,51.221815692239865,-0.5255176410934723,0.5255176410934723,10.0,False
random_forest,20,20260835,lhs_low_20260813_0010,lhs,low,25.866333333333333,26.102972927689606,0.2366395943562729,0.2366395943562729,28.0,False
random_forest,20,20260835,lhs_low_20260813_0077,lhs,low,24.584666666666667,25.372135656966517,0.7874689902998497,0.7874689902998497,31.0,False
random_forest,20,20260835,lhs_low_20260813_0128,lhs,low,24.47433333333333,25.219983873897707,0.7456505405643767,0.7456505405643767,34.0,False
random_forest,20,20260835,lhs_medium_20260813_0026,lhs,medium,28.41333333333333,29.958275257936524,1.5449419246031937,1.5449419246031937,24.0,False
random_forest,20,20260835,lhs_medium_20260813_0041,lhs,medium,30.77,32.12369241666668,1.3536924166666786,1.3536924166666786,20.0,False
random_forest,20,20260835,lhs_medium_20260813_0110,lhs,medium,32.588,34.83200838095237,2.2440083809523657,2.2440083809523657,19.0,False
ridge,20,20260835,cvae_critical_20260813_0030,cvae,critical,46.97633333333333,50.2571231544358,3.2807898211024735,3.2807898211024735,9.0,True
ridge,20,20260835,cvae_critical_20260813_0042,cvae,critical,48.01533333333333,57.58954070163111,9.574207368297778,9.574207368297778,4.0,True
ridge,20,20260835,cvae_critical_20260813_0046,cvae,critical,53.062333333333335,61.62395072249386,8.561617389160524,8.561617389160524,2.0,True
ridge,20,20260835,cvae_high_20260813_0033,cvae,high,45.74666666666666,53.84151028420844,8.094843617541777,8.094843617541777,6.0,True
ridge,20,20260835,cvae_high_20260813_0043,cvae,high,40.77,42.318414712121495,1.5484147121214917,1.5484147121214917,17.0,False
ridge,20,20260835,cvae_high_20260813_0067,cvae,high,42.74,45.016179650485846,2.276179650485844,2.276179650485844,14.0,False
ridge,20,20260835,cvae_low_20260813_0001,cvae,low,25.207666666666668,26.18536747477387,0.9777008081072012,0.9777008081072012,28.0,False
ridge,20,20260835,cvae_low_20260813_0034,cvae,low,24.413666666666668,17.083057549226886,-7.330609117439781,7.330609117439781,33.0,False
ridge,20,20260835,cvae_low_20260813_0115,cvae,low,23.761666666666667,23.770370335522525,0.008703668855858382,0.008703668855858382,30.0,False
ridge,20,20260835,cvae_medium_20260813_0061,cvae,medium,26.52133333333333,26.80012351362445,0.2787901802911179,0.2787901802911179,27.0,False
ridge,20,20260835,cvae_medium_20260813_0082,cvae,medium,28.422666666666668,36.88815376189916,8.465487095232493,8.465487095232493,21.0,False
ridge,20,20260835,cvae_medium_20260813_0103,cvae,medium,27.532333333333334,30.477351096069395,2.945017762736061,2.945017762736061,25.0,False
ridge,20,20260835,gmm_critical_20260813_0004,gmm,critical,85.42566666666667,47.192047838191186,-38.233618828475485,38.233618828475485,12.0,False
ridge,20,20260835,gmm_critical_20260813_0067,gmm,critical,79.342,48.68768426134335,-30.65431573865665,30.65431573865665,10.0,False
ridge,20,20260835,gmm_critical_20260813_0072,gmm,critical,46.531,59.319756514435426,12.788756514435427,12.788756514435427,3.0,True
ridge,20,20260835,gmm_high_20260813_0005,gmm,high,44.719,38.091425482897534,-6.627574517102467,6.627574517102467,20.0,False
ridge,20,20260835,gmm_high_20260813_0049,gmm,high,44.082,50.36950947675381,6.2875094767538116,6.2875094767538116,8.0,True
ridge,20,20260835,gmm_high_20260813_0079,gmm,high,78.97833333333332,42.79716850106483,-36.18116483226849,36.18116483226849,15.0,False
ridge,20,20260835,gmm_low_20260813_0012,gmm,low,24.410666666666668,19.743944888176713,-4.666721778489954,4.666721778489954,32.0,False
ridge,20,20260835,gmm_low_20260813_0036,gmm,low,25.197,20.711273758896382,-4.485726241103617,4.485726241103617,31.0,False
ridge,20,20260835,gmm_low_20260813_0072,gmm,low,24.93733333333333,11.662129676972803,-13.275203656360528,13.275203656360528,36.0,False
ridge,20,20260835,gmm_medium_20260813_0010,gmm,medium,28.833666666666662,36.15401129616316,7.3203446294965,7.3203446294965,22.0,False
ridge,20,20260835,gmm_medium_20260813_0077,gmm,medium,28.415,42.57598514410421,14.16098514410421,14.16098514410421,16.0,False
ridge,20,20260835,gmm_medium_20260813_0102,gmm,medium,33.226,33.82734747452954,0.6013474745295397,0.6013474745295397,23.0,False
ridge,20,20260835,lhs_critical_20260813_0036,lhs,critical,52.37566666666667,50.94257509228626,-1.4330915743804056,1.4330915743804056,7.0,True
ridge,20,20260835,lhs_critical_20260813_0055,lhs,critical,50.272,54.110406176657335,3.8384061766573367,3.8384061766573367,5.0,True
ridge,20,20260835,lhs_critical_20260813_0101,lhs,critical,48.968,66.97942923012444,18.011429230124435,18.011429230124435,1.0,True
ridge,20,20260835,lhs_high_20260813_0024,lhs,high,50.318666666666665,42.12030461039958,-8.198362056267086,8.198362056267086,18.0,False
ridge,20,20260835,lhs_high_20260813_0077,lhs,high,44.736,47.971622460896995,3.235622460896998,3.235622460896998,11.0,False
ridge,20,20260835,lhs_high_20260813_0106,lhs,high,51.74733333333334,46.539873488100035,-5.207459845233302,5.207459845233302,13.0,False
ridge,20,20260835,lhs_low_20260813_0010,lhs,low,25.866333333333333,14.660772667957346,-11.205560665375987,11.205560665375987,34.0,False
ridge,20,20260835,lhs_low_20260813_0077,lhs,low,24.584666666666667,25.47829899536219,0.8936323286955243,0.8936323286955243,29.0,False
ridge,20,20260835,lhs_low_20260813_0128,lhs,low,24.47433333333333,14.642797955269792,-9.831535378063538,9.831535378063538,35.0,False
ridge,20,20260835,lhs_medium_20260813_0026,lhs,medium,28.41333333333333,29.086082259164275,0.6727489258309447,0.6727489258309447,26.0,False
ridge,20,20260835,lhs_medium_20260813_0041,lhs,medium,30.77,33.717843947792176,2.947843947792176,2.947843947792176,24.0,False
ridge,20,20260835,lhs_medium_20260813_0110,lhs,medium,32.588,39.658534048861824,7.070534048861823,7.070534048861823,19.0,False
random_forest,21,20260836,cvae_critical_20260813_0030,cvae,critical,46.97633333333333,55.80459368121693,8.8282603478836,8.8282603478836,5.0,True
random_forest,21,20260836,cvae_critical_20260813_0042,cvae,critical,48.01533333333333,56.23929034082887,8.223957007495542,8.223957007495542,3.0,True
random_forest,21,20260836,cvae_critical_20260813_0046,cvae,critical,53.062333333333335,55.94069671737212,2.878363384038785,2.878363384038785,4.0,True
random_forest,21,20260836,cvae_high_20260813_0033,cvae,high,45.74666666666666,45.96416189417989,0.2174952275132256,0.2174952275132256,16.0,False
random_forest,21,20260836,cvae_high_20260813_0043,cvae,high,40.77,48.28974011155203,7.519740111552025,7.519740111552025,14.0,False
random_forest,21,20260836,cvae_high_20260813_0067,cvae,high,42.74,47.78783456701941,5.047834567019407,5.047834567019407,15.0,False
random_forest,21,20260836,cvae_low_20260813_0001,cvae,low,25.207666666666668,25.43771377160493,0.23004710493826153,0.23004710493826153,31.0,False
random_forest,21,20260836,cvae_low_20260813_0034,cvae,low,24.413666666666668,24.820529697971782,0.4068630313051145,0.4068630313051145,36.0,False
random_forest,21,20260836,cvae_low_20260813_0115,cvae,low,23.761666666666667,25.040867388888923,1.2792007222222566,1.2792007222222566,34.0,False
random_forest,21,20260836,cvae_medium_20260813_0061,cvae,medium,26.52133333333333,29.131202913580236,2.6098695802469045,2.6098695802469045,23.0,False
random_forest,21,20260836,cvae_medium_20260813_0082,cvae,medium,28.422666666666668,27.979116556677866,-0.4435501099888022,0.4435501099888022,27.0,False
random_forest,21,20260836,cvae_medium_20260813_0103,cvae,medium,27.532333333333334,29.035079629629617,1.5027462962962836,1.5027462962962836,25.0,False
random_forest,21,20260836,gmm_critical_20260813_0004,gmm,critical,85.42566666666667,53.83627027072308,-31.589396395943595,31.589396395943595,9.0,True
random_forest,21,20260836,gmm_critical_20260813_0067,gmm,critical,79.342,54.099478065696594,-25.242521934303404,25.242521934303404,8.0,True
random_forest,21,20260836,gmm_critical_20260813_0072,gmm,critical,46.531,60.49252117328038,13.961521173280381,13.961521173280381,1.0,True
random_forest,21,20260836,gmm_high_20260813_0005,gmm,high,44.719,44.080500978395,-0.6384990216049999,0.6384990216049999,18.0,False
random_forest,21,20260836,gmm_high_20260813_0049,gmm,high,44.082,50.78130991269838,6.699309912698382,6.699309912698382,12.0,False
random_forest,21,20260836,gmm_high_20260813_0079,gmm,high,78.97833333333332,49.10304744312169,-29.875285890211636,29.875285890211636,13.0,False
random_forest,21,20260836,gmm_low_20260813_0012,gmm,low,24.410666666666668,25.196556765873005,0.7858900992063376,0.7858900992063376,33.0,False
random_forest,21,20260836,gmm_low_20260813_0036,gmm,low,25.197,25.57715109788363,0.3801510978836298,0.3801510978836298,30.0,False
random_forest,21,20260836,gmm_low_20260813_0072,gmm,low,24.93733333333333,25.224082657848346,0.28674932451501434,0.28674932451501434,32.0,False
random_forest,21,20260836,gmm_medium_20260813_0010,gmm,medium,28.833666666666662,31.079308894179892,2.2456422275132297,2.2456422275132297,22.0,False
random_forest,21,20260836,gmm_medium_20260813_0077,gmm,medium,28.415,29.099186093033506,0.6841860930335066,0.6841860930335066,24.0,False
random_forest,21,20260836,gmm_medium_20260813_0102,gmm,medium,33.226,31.86975139506169,-1.3562486049383082,1.3562486049383082,21.0,False
random_forest,21,20260836,lhs_critical_20260813_0036,lhs,critical,52.37566666666667,55.341380638447944,2.965713971781277,2.965713971781277,7.0,True
random_forest,21,20260836,lhs_critical_20260813_0055,lhs,critical,50.272,56.90814694312164,6.636146943121645,6.636146943121645,2.0,True
random_forest,21,20260836,lhs_critical_20260813_0101,lhs,critical,48.968,55.46968084611993,6.501680846119925,6.501680846119925,6.0,True
random_forest,21,20260836,lhs_high_20260813_0024,lhs,high,50.318666666666665,44.86003712698409,-5.458629539682576,5.458629539682576,17.0,False
random_forest,21,20260836,lhs_high_20260813_0077,lhs,high,44.736,51.233685953262786,6.497685953262788,6.497685953262788,11.0,False
random_forest,21,20260836,lhs_high_20260813_0106,lhs,high,51.74733333333334,52.20335984523806,0.45602651190472443,0.45602651190472443,10.0,False
random_forest,21,20260836,lhs_low_20260813_0010,lhs,low,25.866333333333333,25.91661062742504,0.05027729409170689,0.05027729409170689,28.0,False
random_forest,21,20260836,lhs_low_20260813_0077,lhs,low,24.584666666666667,25.63113482828282,1.0464681616161542,1.0464681616161542,29.0,False
random_forest,21,20260836,lhs_low_20260813_0128,lhs,low,24.47433333333333,25.004644462963,0.5303111296296699,0.5303111296296699,35.0,False
random_forest,21,20260836,lhs_medium_20260813_0026,lhs,medium,28.41333333333333,28.871771349206348,0.4584380158730177,0.4584380158730177,26.0,False
random_forest,21,20260836,lhs_medium_20260813_0041,lhs,medium,30.77,32.46522017151676,1.6952201715167625,1.6952201715167625,20.0,False
random_forest,21,20260836,lhs_medium_20260813_0110,lhs,medium,32.588,33.61699396673079,1.0289939667307877,1.0289939667307877,19.0,False
ridge,21,20260836,cvae_critical_20260813_0030,cvae,critical,46.97633333333333,58.2778710345533,11.30153770121997,11.30153770121997,5.0,True
ridge,21,20260836,cvae_critical_20260813_0042,cvae,critical,48.01533333333333,60.191750874532325,12.176417541198994,12.176417541198994,3.0,True
ridge,21,20260836,cvae_critical_20260813_0046,cvae,critical,53.062333333333335,57.383572501297394,4.321239167964059,4.321239167964059,7.0,True
ridge,21,20260836,cvae_high_20260813_0033,cvae,high,45.74666666666666,50.182823189849955,4.436156523183293,4.436156523183293,9.0,True
ridge,21,20260836,cvae_high_20260813_0043,cvae,high,40.77,40.13142891321057,-0.6385710867894332,0.6385710867894332,22.0,False
ridge,21,20260836,cvae_high_20260813_0067,cvae,high,42.74,45.19307245133881,2.453072451338805,2.453072451338805,12.0,False
ridge,21,20260836,cvae_low_20260813_0001,cvae,low,25.207666666666668,33.85204785913075,8.644381192464081,8.644381192464081,26.0,False
ridge,21,20260836,cvae_low_20260813_0034,cvae,low,24.413666666666668,18.772396330330345,-5.641270336336323,5.641270336336323,33.0,False
ridge,21,20260836,cvae_low_20260813_0115,cvae,low,23.761666666666667,20.752007637146065,-3.009659029520602,3.009659029520602,31.0,False
ridge,21,20260836,cvae_medium_20260813_0061,cvae,medium,26.52133333333333,28.081139368215005,1.5598060348816745,1.5598060348816745,28.0,False
ridge,21,20260836,cvae_medium_20260813_0082,cvae,medium,28.422666666666668,35.9080186093621,7.485351942695434,7.485351942695434,24.0,False
ridge,21,20260836,cvae_medium_20260813_0103,cvae,medium,27.532333333333334,40.81517221167544,13.282838878342105,13.282838878342105,18.0,False
ridge,21,20260836,gmm_critical_20260813_0004,gmm,critical,85.42566666666667,49.66272276981667,-35.762943896850004,35.762943896850004,10.0,False
ridge,21,20260836,gmm_critical_20260813_0067,gmm,critical,79.342,46.91991109221315,-32.42208890778685,32.42208890778685,11.0,False
ridge,21,20260836,gmm_critical_20260813_0072,gmm,critical,46.531,61.29463954217103,14.763639542171035,14.763639542171035,2.0,True
ridge,21,20260836,gmm_high_20260813_0005,gmm,high,44.719,40.673604086723905,-4.045395913276096,4.045395913276096,19.0,False
ridge,21,20260836,gmm_high_20260813_0049,gmm,high,44.082,40.55664952811219,-3.525350471887812,3.525350471887812,20.0,False
ridge,21,20260836,gmm_high_20260813_0079,gmm,high,78.97833333333332,43.81541556111104,-35.162917772222286,35.162917772222286,15.0,False
ridge,21,20260836,gmm_low_20260813_0012,gmm,low,24.410666666666668,18.83135276572377,-5.579313900942896,5.579313900942896,32.0,False
ridge,21,20260836,gmm_low_20260813_0036,gmm,low,25.197,21.57190243662572,-3.625097563374279,3.625097563374279,30.0,False
ridge,21,20260836,gmm_low_20260813_0072,gmm,low,24.93733333333333,13.842601289086687,-11.094732044246644,11.094732044246644,35.0,False
ridge,21,20260836,gmm_medium_20260813_0010,gmm,medium,28.833666666666662,42.73567916665343,13.902012499986771,13.902012499986771,16.0,False
ridge,21,20260836,gmm_medium_20260813_0077,gmm,medium,28.415,45.026410693296285,16.611410693296286,16.611410693296286,13.0,False
ridge,21,20260836,gmm_medium_20260813_0102,gmm,medium,33.226,41.22448789782175,7.998487897821754,7.998487897821754,17.0,False
ridge,21,20260836,lhs_critical_20260813_0036,lhs,critical,52.37566666666667,59.9989056485174,7.623238981850733,7.623238981850733,4.0,True
ridge,21,20260836,lhs_critical_20260813_0055,lhs,critical,50.272,57.79511533681274,7.523115336812744,7.523115336812744,6.0,True
ridge,21,20260836,lhs_critical_20260813_0101,lhs,critical,48.968,64.2645078998059,15.296507899805903,15.296507899805903,1.0,True
ridge,21,20260836,lhs_high_20260813_0024,lhs,high,50.318666666666665,39.50818949149936,-10.810477175167307,10.810477175167307,23.0,False
ridge,21,20260836,lhs_high_20260813_0077,lhs,high,44.736,52.25892923267222,7.522929232672226,7.522929232672226,8.0,True
ridge,21,20260836,lhs_high_20260813_0106,lhs,high,51.74733333333334,44.62708784264926,-7.120245490684077,7.120245490684077,14.0,False
ridge,21,20260836,lhs_low_20260813_0010,lhs,low,25.866333333333333,15.178267646827145,-10.688065686506189,10.688065686506189,34.0,False
ridge,21,20260836,lhs_low_20260813_0077,lhs,low,24.584666666666667,30.095121557138878,5.510454890472211,5.510454890472211,27.0,False
ridge,21,20260836,lhs_low_20260813_0128,lhs,low,24.47433333333333,13.423138077660532,-11.051195255672798,11.051195255672798,36.0,False
ridge,21,20260836,lhs_medium_20260813_0026,lhs,medium,28.41333333333333,35.646445105583716,7.2331117722503855,7.2331117722503855,25.0,False
ridge,21,20260836,lhs_medium_20260813_0041,lhs,medium,30.77,23.365702730716958,-7.404297269283042,7.404297269283042,29.0,False
ridge,21,20260836,lhs_medium_20260813_0110,lhs,medium,32.588,40.5289465859772,7.940946585977201,7.940946585977201,21.0,False
random_forest,22,20260837,cvae_critical_20260813_0030,cvae,critical,46.97633333333333,57.78320988888888,10.806876555555547,10.806876555555547,4.0,True
random_forest,22,20260837,cvae_critical_20260813_0042,cvae,critical,48.01533333333333,55.422647941798935,7.4073146084656045,7.4073146084656045,5.0,True
random_forest,22,20260837,cvae_critical_20260813_0046,cvae,critical,53.062333333333335,63.349739987213376,10.28740665388004,10.28740665388004,2.0,True
random_forest,22,20260837,cvae_high_20260813_0033,cvae,high,45.74666666666666,53.24356998368607,7.4969033170194095,7.4969033170194095,9.0,True
random_forest,22,20260837,cvae_high_20260813_0043,cvae,high,40.77,43.49065260846563,2.7206526084656275,2.7206526084656275,18.0,False
random_forest,22,20260837,cvae_high_20260813_0067,cvae,high,42.74,49.49801220194005,6.758012201940048,6.758012201940048,13.0,False
random_forest,22,20260837,cvae_low_20260813_0001,cvae,low,25.207666666666668,25.707075289682525,0.49940862301585653,0.49940862301585653,29.0,False
random_forest,22,20260837,cvae_low_20260813_0034,cvae,low,24.413666666666668,24.699855931216945,0.28618926455027704,0.28618926455027704,36.0,False
random_forest,22,20260837,cvae_low_20260813_0115,cvae,low,23.761666666666667,24.964392820546774,1.202726153880107,1.202726153880107,35.0,False
random_forest,22,20260837,cvae_medium_20260813_0061,cvae,medium,26.52133333333333,29.29875886375661,2.7774255304232796,2.7774255304232796,25.0,False
random_forest,22,20260837,cvae_medium_20260813_0082,cvae,medium,28.422666666666668,30.009194511463853,1.5865278447971853,1.5865278447971853,23.0,False
random_forest,22,20260837,cvae_medium_20260813_0103,cvae,medium,27.532333333333334,29.02921885978835,1.4968855264550172,1.4968855264550172,26.0,False
random_forest,22,20260837,gmm_critical_20260813_0004,gmm,critical,85.42566666666667,52.99532288888886,-32.430343777777814,32.430343777777814,10.0,False
random_forest,22,20260837,gmm_critical_20260813_0067,gmm,critical,79.342,54.19947268783073,-25.14252731216927,25.14252731216927,7.0,True
random_forest,22,20260837,gmm_critical_20260813_0072,gmm,critical,46.531,65.25180074911815,18.720800749118148,18.720800749118148,1.0,True
random_forest,22,20260837,gmm_high_20260813_0005,gmm,high,44.719,48.267518806878286,3.5485188068782847,3.5485188068782847,15.0,False
random_forest,22,20260837,gmm_high_20260813_0049,gmm,high,44.082,52.39175029497353,8.309750294973526,8.309750294973526,11.0,False
random_forest,22,20260837,gmm_high_20260813_0079,gmm,high,78.97833333333332,45.84389310582013,-33.134440227513196,33.134440227513196,17.0,False
random_forest,22,20260837,gmm_low_20260813_0012,gmm,low,24.410666666666668,25.201649660052897,0.7909829933862298,0.7909829933862298,34.0,False
random_forest,22,20260837,gmm_low_20260813_0036,gmm,low,25.197,25.323485802910064,0.1264858029100644,0.1264858029100644,33.0,False
random_forest,22,20260837,gmm_low_20260813_0072,gmm,low,24.93733333333333,25.51214397795417,0.5748106446208396,0.5748106446208396,32.0,False
random_forest,22,20260837,gmm_medium_20260813_0010,gmm,medium,28.833666666666662,31.96235140696652,3.1286847402998568,3.1286847402998568,21.0,False
random_forest,22,20260837,gmm_medium_20260813_0077,gmm,medium,28.415,29.979947568783047,1.5649475687830474,1.5649475687830474,24.0,False
random_forest,22,20260837,gmm_medium_20260813_0102,gmm,medium,33.226,30.8406991521164,-2.385300847883599,2.385300847883599,22.0,False
random_forest,22,20260837,lhs_critical_20260813_0036,lhs,critical,52.37566666666667,53.5228472425044,1.14718057583773,1.14718057583773,8.0,True
random_forest,22,20260837,lhs_critical_20260813_0055,lhs,critical,50.272,54.27553800617286,4.00353800617286,4.00353800617286,6.0,True
random_forest,22,20260837,lhs_critical_20260813_0101,lhs,critical,48.968,60.40001913800703,11.432019138007028,11.432019138007028,3.0,True
random_forest,22,20260837,lhs_high_20260813_0024,lhs,high,50.318666666666665,50.467989824515,0.14932315784833605,0.14932315784833605,12.0,False
random_forest,22,20260837,lhs_high_20260813_0077,lhs,high,44.736,47.03958700881832,2.303587008818326,2.303587008818326,16.0,False
random_forest,22,20260837,lhs_high_20260813_0106,lhs,high,51.74733333333334,48.36466497883599,-3.3826683544973477,3.3826683544973477,14.0,False
random_forest,22,20260837,lhs_low_20260813_0010,lhs,low,25.866333333333333,25.99454510052909,0.1282117671957579,0.1282117671957579,28.0,False
random_forest,22,20260837,lhs_low_20260813_0077,lhs,low,24.584666666666667,25.690492183862418,1.1058255171957505,1.1058255171957505,30.0,False
random_forest,22,20260837,lhs_low_20260813_0128,lhs,low,24.47433333333333,25.65789116843036,1.1835578350970302,1.1835578350970302,31.0,False
random_forest,22,20260837,lhs_medium_20260813_0026,lhs,medium,28.41333333333333,28.674475078042324,0.26114174470899343,0.26114174470899343,27.0,False
random_forest,22,20260837,lhs_medium_20260813_0041,lhs,medium,30.77,32.22886610185185,1.45886610185185,1.45886610185185,20.0,False
random_forest,22,20260837,lhs_medium_20260813_0110,lhs,medium,32.588,33.02395257936504,0.4359525793650363,0.4359525793650363,19.0,False
ridge,22,20260837,cvae_critical_20260813_0030,cvae,critical,46.97633333333333,61.922269478944486,14.945936145611157,14.945936145611157,4.0,True
ridge,22,20260837,cvae_critical_20260813_0042,cvae,critical,48.01533333333333,53.336028892549365,5.320695559216034,5.320695559216034,7.0,True
ridge,22,20260837,cvae_critical_20260813_0046,cvae,critical,53.062333333333335,63.3064211176248,10.244087784291466,10.244087784291466,3.0,True
ridge,22,20260837,cvae_high_20260813_0033,cvae,high,45.74666666666666,51.88915319414443,6.1424865274777645,6.1424865274777645,8.0,True
ridge,22,20260837,cvae_high_20260813_0043,cvae,high,40.77,37.753356593972384,-3.016643406027619,3.016643406027619,20.0,False
ridge,22,20260837,cvae_high_20260813_0067,cvae,high,42.74,42.75301126064403,0.0130112606440278,0.0130112606440278,14.0,False
ridge,22,20260837,cvae_low_20260813_0001,cvae,low,25.207666666666668,31.06917594370737,5.861509277040703,5.861509277040703,27.0,False
ridge,22,20260837,cvae_low_20260813_0034,cvae,low,24.413666666666668,18.139911992795085,-6.273754673871583,6.273754673871583,34.0,False
ridge,22,20260837,cvae_low_20260813_0115,cvae,low,23.761666666666667,21.82224591547461,-1.9394207511920563,1.9394207511920563,32.0,False
ridge,22,20260837,cvae_medium_20260813_0061,cvae,medium,26.52133333333333,32.217475743263236,5.696142409929905,5.696142409929905,25.0,False
ridge,22,20260837,cvae_medium_20260813_0082,cvae,medium,28.422666666666668,25.857866477799504,-2.5648001888671637,2.5648001888671637,30.0,False
ridge,22,20260837,cvae_medium_20260813_0103,cvae,medium,27.532333333333334,41.36528092359909,13.832947590265753,13.832947590265753,18.0,False
ridge,22,20260837,gmm_critical_20260813_0004,gmm,critical,85.42566666666667,42.1919232691313,-43.23374339753537,43.23374339753537,15.0,False
ridge,22,20260837,gmm_critical_20260813_0067,gmm,critical,79.342,48.64203624600992,-30.699963753990076,30.699963753990076,12.0,False
ridge,22,20260837,gmm_critical_20260813_0072,gmm,critical,46.531,58.77798290268773,12.246982902687733,12.246982902687733,5.0,True
ridge,22,20260837,gmm_high_20260813_0005,gmm,high,44.719,49.4623229621479,4.7433229621479,4.7433229621479,11.0,False
ridge,22,20260837,gmm_high_20260813_0049,gmm,high,44.082,70.67486437856458,26.592864378564578,26.592864378564578,1.0,True
ridge,22,20260837,gmm_high_20260813_0079,gmm,high,78.97833333333332,41.47154556720781,-37.50678776612551,37.50678776612551,16.0,False
ridge,22,20260837,gmm_low_20260813_0012,gmm,low,24.410666666666668,25.862763989501474,1.4520973228348062,1.4520973228348062,29.0,False
ridge,22,20260837,gmm_low_20260813_0036,gmm,low,25.197,25.79522695401922,0.5982269540192213,0.5982269540192213,31.0,False
ridge,22,20260837,gmm_low_20260813_0072,gmm,low,24.93733333333333,11.539391421567696,-13.397941911765635,13.397941911765635,36.0,False
ridge,22,20260837,gmm_medium_20260813_0010,gmm,medium,28.833666666666662,41.40548872313307,12.571822056466406,12.571822056466406,17.0,False
ridge,22,20260837,gmm_medium_20260813_0077,gmm,medium,28.415,55.03951922284202,26.624519222842018,26.624519222842018,6.0,True
ridge,22,20260837,gmm_medium_20260813_0102,gmm,medium,33.226,31.629971311382963,-1.5960286886170358,1.5960286886170358,26.0,False
ridge,22,20260837,lhs_critical_20260813_0036,lhs,critical,52.37566666666667,50.78645696412698,-1.5892097025396907,1.5892097025396907,10.0,False
ridge,22,20260837,lhs_critical_20260813_0055,lhs,critical,50.272,50.95747274829124,0.6854727482912395,0.6854727482912395,9.0,True
ridge,22,20260837,lhs_critical_20260813_0101,lhs,critical,48.968,66.97947667452324,18.011476674523237,18.011476674523237,2.0,True
ridge,22,20260837,lhs_high_20260813_0024,lhs,high,50.318666666666665,47.11397349235567,-3.2046931743109965,3.2046931743109965,13.0,False
ridge,22,20260837,lhs_high_20260813_0077,lhs,high,44.736,38.74119095649416,-5.994809043505839,5.994809043505839,19.0,False
ridge,22,20260837,lhs_high_20260813_0106,lhs,high,51.74733333333334,37.57622700846132,-14.171106324872014,14.171106324872014,21.0,False
ridge,22,20260837,lhs_low_20260813_0010,lhs,low,25.866333333333333,18.706317225814686,-7.160016107518647,7.160016107518647,33.0,False
ridge,22,20260837,lhs_low_20260813_0077,lhs,low,24.584666666666667,33.73264195625872,9.14797528959205,9.14797528959205,23.0,False
ridge,22,20260837,lhs_low_20260813_0128,lhs,low,24.47433333333333,12.790795835376926,-11.683537497956404,11.683537497956404,35.0,False
ridge,22,20260837,lhs_medium_20260813_0026,lhs,medium,28.41333333333333,33.166822159419404,4.753488826086073,4.753488826086073,24.0,False
ridge,22,20260837,lhs_medium_20260813_0041,lhs,medium,30.77,25.923414957392453,-4.846585042607547,4.846585042607547,28.0,False
ridge,22,20260837,lhs_medium_20260813_0110,lhs,medium,32.588,35.89773904840352,3.3097390484035216,3.3097390484035216,22.0,False
random_forest,23,20260838,cvae_critical_20260813_0030,cvae,critical,46.97633333333333,55.50618601058201,8.529852677248684,8.529852677248684,7.0,True
random_forest,23,20260838,cvae_critical_20260813_0042,cvae,critical,48.01533333333333,61.58295882972584,13.567625496392509,13.567625496392509,3.0,True
random_forest,23,20260838,cvae_critical_20260813_0046,cvae,critical,53.062333333333335,52.29107834082892,-0.7712549925044172,0.7712549925044172,10.0,False
random_forest,23,20260838,cvae_high_20260813_0033,cvae,high,45.74666666666666,53.06551375793649,7.318847091269831,7.318847091269831,8.0,True
random_forest,23,20260838,cvae_high_20260813_0043,cvae,high,40.77,44.5887196643819,3.818719664381895,3.818719664381895,17.0,False
random_forest,23,20260838,cvae_high_20260813_0067,cvae,high,42.74,47.49488352160492,4.754883521604917,4.754883521604917,14.0,False
random_forest,23,20260838,cvae_low_20260813_0001,cvae,low,25.207666666666668,24.97486889550264,-0.23279777116402656,0.23279777116402656,35.0,False
random_forest,23,20260838,cvae_low_20260813_0034,cvae,low,24.413666666666668,25.022591482804252,0.6089248161375842,0.6089248161375842,34.0,False
random_forest,23,20260838,cvae_low_20260813_0115,cvae,low,23.761666666666667,24.866944529100532,1.1052778624338657,1.1052778624338657,36.0,False
random_forest,23,20260838,cvae_medium_20260813_0061,cvae,medium,26.52133333333333,28.643342318342153,2.122008985008822,2.122008985008822,27.0,False
random_forest,23,20260838,cvae_medium_20260813_0082,cvae,medium,28.422666666666668,29.857692175925944,1.435025509259276,1.435025509259276,25.0,False
random_forest,23,20260838,cvae_medium_20260813_0103,cvae,medium,27.532333333333334,28.922891216931202,1.390557883597868,1.390557883597868,26.0,False
random_forest,23,20260838,gmm_critical_20260813_0004,gmm,critical,85.42566666666667,52.74118013844798,-32.68448652821869,32.68448652821869,9.0,True
random_forest,23,20260838,gmm_critical_20260813_0067,gmm,critical,79.342,57.97957864197534,-21.362421358024662,21.362421358024662,5.0,True
random_forest,23,20260838,gmm_critical_20260813_0072,gmm,critical,46.531,63.960067253006294,17.429067253006295,17.429067253006295,2.0,True
random_forest,23,20260838,gmm_high_20260813_0005,gmm,high,44.719,46.11298008597883,1.393980085978832,1.393980085978832,15.0,False
random_forest,23,20260838,gmm_high_20260813_0049,gmm,high,44.082,51.018041809523766,6.936041809523765,6.936041809523765,12.0,False
random_forest,23,20260838,gmm_high_20260813_0079,gmm,high,78.97833333333332,46.0579593442761,-32.920373989057225,32.920373989057225,16.0,False
random_forest,23,20260838,gmm_low_20260813_0012,gmm,low,24.410666666666668,25.178990841269844,0.7683241746031761,0.7683241746031761,33.0,False
random_forest,23,20260838,gmm_low_20260813_0036,gmm,low,25.197,25.502209769841294,0.30520976984129433,0.30520976984129433,29.0,False
random_forest,23,20260838,gmm_low_20260813_0072,gmm,low,24.93733333333333,25.363958382275158,0.4266250489418262,0.4266250489418262,30.0,False
random_forest,23,20260838,gmm_medium_20260813_0010,gmm,medium,28.833666666666662,31.492517790564357,2.658851123897694,2.658851123897694,21.0,False
random_forest,23,20260838,gmm_medium_20260813_0077,gmm,medium,28.415,30.613953186507946,2.1989531865079464,2.1989531865079464,23.0,False
random_forest,23,20260838,gmm_medium_20260813_0102,gmm,medium,33.226,31.136560100529085,-2.0894398994709142,2.0894398994709142,22.0,False
random_forest,23,20260838,lhs_critical_20260813_0036,lhs,critical,52.37566666666667,59.433907748677264,7.058241082010596,7.058241082010596,4.0,True
random_forest,23,20260838,lhs_critical_20260813_0055,lhs,critical,50.272,56.59934733950619,6.32734733950619,6.32734733950619,6.0,True
random_forest,23,20260838,lhs_critical_20260813_0101,lhs,critical,48.968,65.91481983068786,16.946819830687858,16.946819830687858,1.0,True
random_forest,23,20260838,lhs_high_20260813_0024,lhs,high,50.318666666666665,44.55484175962001,-5.763824907046654,5.763824907046654,18.0,False
random_forest,23,20260838,lhs_high_20260813_0077,lhs,high,44.736,48.3207096962081,3.584709696208101,3.584709696208101,13.0,False
random_forest,23,20260838,lhs_high_20260813_0106,lhs,high,51.74733333333334,51.35319110670195,-0.39414222663138787,0.39414222663138787,11.0,False
random_forest,23,20260838,lhs_low_20260813_0010,lhs,low,25.866333333333333,25.60906987962964,-0.2572634537036933,0.2572634537036933,28.0,False
random_forest,23,20260838,lhs_low_20260813_0077,lhs,low,24.584666666666667,25.31161950264551,0.7269528359788424,0.7269528359788424,31.0,False
random_forest,23,20260838,lhs_low_20260813_0128,lhs,low,24.47433333333333,25.183660234126997,0.7093269007936662,0.7093269007936662,32.0,False
random_forest,23,20260838,lhs_medium_20260813_0026,lhs,medium,28.41333333333333,29.952445731481482,1.539112398148152,1.539112398148152,24.0,False
random_forest,23,20260838,lhs_medium_20260813_0041,lhs,medium,30.77,31.83863304188713,1.0686330418871322,1.0686330418871322,20.0,False
random_forest,23,20260838,lhs_medium_20260813_0110,lhs,medium,32.588,33.46897030555554,0.880970305555536,0.880970305555536,19.0,False
ridge,23,20260838,cvae_critical_20260813_0030,cvae,critical,46.97633333333333,52.92295840848871,5.9466250751553815,5.9466250751553815,7.0,True
ridge,23,20260838,cvae_critical_20260813_0042,cvae,critical,48.01533333333333,60.55066604791104,12.535332714577706,12.535332714577706,3.0,True
ridge,23,20260838,cvae_critical_20260813_0046,cvae,critical,53.062333333333335,53.25376821760091,0.19143488426757216,0.19143488426757216,6.0,True
ridge,23,20260838,cvae_high_20260813_0033,cvae,high,45.74666666666666,53.299851536220174,7.553184869553512,7.553184869553512,5.0,True
ridge,23,20260838,cvae_high_20260813_0043,cvae,high,40.77,41.38813512735723,0.6181351273572275,0.6181351273572275,17.0,False
ridge,23,20260838,cvae_high_20260813_0067,cvae,high,42.74,44.45871809095064,1.718718090950638,1.718718090950638,13.0,False
ridge,23,20260838,cvae_low_20260813_0001,cvae,low,25.207666666666668,29.928710359825143,4.7210436931584745,4.7210436931584745,26.0,False
ridge,23,20260838,cvae_low_20260813_0034,cvae,low,24.413666666666668,20.85007078398737,-3.563595882679298,3.563595882679298,34.0,False
ridge,23,20260838,cvae_low_20260813_0115,cvae,low,23.761666666666667,22.20904793509915,-1.5526187315675166,1.5526187315675166,32.0,False
ridge,23,20260838,cvae_medium_20260813_0061,cvae,medium,26.52133333333333,30.298526226763244,3.7771928934299126,3.7771928934299126,24.0,False
ridge,23,20260838,cvae_medium_20260813_0082,cvae,medium,28.422666666666668,27.13794749053533,-1.2847191761313397,1.2847191761313397,28.0,False
ridge,23,20260838,cvae_medium_20260813_0103,cvae,medium,27.532333333333334,30.008530739027595,2.4761974056942613,2.4761974056942613,25.0,False
ridge,23,20260838,gmm_critical_20260813_0004,gmm,critical,85.42566666666667,45.983237730641015,-39.44242893602566,39.44242893602566,12.0,False
ridge,23,20260838,gmm_critical_20260813_0067,gmm,critical,79.342,50.14851979163269,-29.193480208367312,29.193480208367312,8.0,True
ridge,23,20260838,gmm_critical_20260813_0072,gmm,critical,46.531,60.23738662005967,13.706386620059668,13.706386620059668,4.0,True
ridge,23,20260838,gmm_high_20260813_0005,gmm,high,44.719,39.023477438892066,-5.695522561107936,5.695522561107936,20.0,False
ridge,23,20260838,gmm_high_20260813_0049,gmm,high,44.082,39.25181586001199,-4.830184139988013,4.830184139988013,19.0,False
ridge,23,20260838,gmm_high_20260813_0079,gmm,high,78.97833333333332,43.4848861818436,-35.493447151489725,35.493447151489725,14.0,False
ridge,23,20260838,gmm_low_20260813_0012,gmm,low,24.410666666666668,23.833406224586493,-0.5772604420801741,0.5772604420801741,30.0,False
ridge,23,20260838,gmm_low_20260813_0036,gmm,low,25.197,22.798160353191456,-2.3988396468085433,2.3988396468085433,31.0,False
ridge,23,20260838,gmm_low_20260813_0072,gmm,low,24.93733333333333,19.29596300441141,-5.641370328921923,5.641370328921923,36.0,False
ridge,23,20260838,gmm_medium_20260813_0010,gmm,medium,28.833666666666662,34.710126481418165,5.876459814751502,5.876459814751502,22.0,False
ridge,23,20260838,gmm_medium_20260813_0077,gmm,medium,28.415,42.085497486600374,13.670497486600375,13.670497486600375,15.0,False
ridge,23,20260838,gmm_medium_20260813_0102,gmm,medium,33.226,41.39060901203342,8.164609012033424,8.164609012033424,16.0,False
ridge,23,20260838,lhs_critical_20260813_0036,lhs,critical,52.37566666666667,61.127257793162244,8.751591126495576,8.751591126495576,2.0,True
ridge,23,20260838,lhs_critical_20260813_0055,lhs,critical,50.272,48.360559536483095,-1.9114404635169038,1.9114404635169038,9.0,True
ridge,23,20260838,lhs_critical_20260813_0101,lhs,critical,48.968,63.37504048633828,14.407040486338275,14.407040486338275,1.0,True
ridge,23,20260838,lhs_high_20260813_0024,lhs,high,50.318666666666665,40.411400124726704,-9.907266541939961,9.907266541939961,18.0,False
ridge,23,20260838,lhs_high_20260813_0077,lhs,high,44.736,46.47312517322514,1.7371251732251451,1.7371251732251451,10.0,False
ridge,23,20260838,lhs_high_20260813_0106,lhs,high,51.74733333333334,46.30847073308828,-5.438862600245059,5.438862600245059,11.0,False
ridge,23,20260838,lhs_low_20260813_0010,lhs,low,25.866333333333333,19.597711394760537,-6.268621938572796,6.268621938572796,35.0,False
ridge,23,20260838,lhs_low_20260813_0077,lhs,low,24.584666666666667,24.677037727294117,0.09237106062744971,0.09237106062744971,29.0,False
ridge,23,20260838,lhs_low_20260813_0128,lhs,low,24.47433333333333,21.175874463795896,-3.298458869537434,3.298458869537434,33.0,False
ridge,23,20260838,lhs_medium_20260813_0026,lhs,medium,28.41333333333333,29.62215826066227,1.2088249273289406,1.2088249273289406,27.0,False
ridge,23,20260838,lhs_medium_20260813_0041,lhs,medium,30.77,33.3970176673122,2.6270176673121988,2.6270176673121988,23.0,False
ridge,23,20260838,lhs_medium_20260813_0110,lhs,medium,32.588,37.848516772210495,5.260516772210494,5.260516772210494,21.0,False
random_forest,24,20260839,cvae_critical_20260813_0030,cvae,critical,46.97633333333333,55.863419942239794,8.887086608906465,8.887086608906465,5.0,True
random_forest,24,20260839,cvae_critical_20260813_0042,cvae,critical,48.01533333333333,52.79162176984129,4.776288436507961,4.776288436507961,8.0,True
random_forest,24,20260839,cvae_critical_20260813_0046,cvae,critical,53.062333333333335,61.15808713932975,8.095753805996416,8.095753805996416,2.0,True
random_forest,24,20260839,cvae_high_20260813_0033,cvae,high,45.74666666666666,52.81687408862434,7.070207421957676,7.070207421957676,7.0,True
random_forest,24,20260839,cvae_high_20260813_0043,cvae,high,40.77,44.9374006029341,4.167400602934094,4.167400602934094,18.0,False
random_forest,24,20260839,cvae_high_20260813_0067,cvae,high,42.74,47.407181227954105,4.667181227954103,4.667181227954103,14.0,False
random_forest,24,20260839,cvae_low_20260813_0001,cvae,low,25.207666666666668,24.858857201058207,-0.34880946560846127,0.34880946560846127,35.0,False
random_forest,24,20260839,cvae_low_20260813_0034,cvae,low,24.413666666666668,25.00650802785797,0.5928413611913008,0.5928413611913008,33.0,False
random_forest,24,20260839,cvae_low_20260813_0115,cvae,low,23.761666666666667,25.00510775264553,1.243441085978862,1.243441085978862,34.0,False
random_forest,24,20260839,cvae_medium_20260813_0061,cvae,medium,26.52133333333333,29.354758849206323,2.8334255158729924,2.8334255158729924,23.0,False
random_forest,24,20260839,cvae_medium_20260813_0082,cvae,medium,28.422666666666668,28.708303933421526,0.2856372667548577,0.2856372667548577,27.0,False
random_forest,24,20260839,cvae_medium_20260813_0103,cvae,medium,27.532333333333334,28.905895372655124,1.37356203932179,1.37356203932179,26.0,False
random_forest,24,20260839,gmm_critical_20260813_0004,gmm,critical,85.42566666666667,51.104358656084706,-34.321308010581966,34.321308010581966,9.0,True
random_forest,24,20260839,gmm_critical_20260813_0067,gmm,critical,79.342,55.00726755864192,-24.334732441358078,24.334732441358078,6.0,True
random_forest,24,20260839,gmm_critical_20260813_0072,gmm,critical,46.531,61.502474559964675,14.971474559964676,14.971474559964676,1.0,True
random_forest,24,20260839,gmm_high_20260813_0005,gmm,high,44.719,47.44775853218692,2.728758532186916,2.728758532186916,13.0,False
random_forest,24,20260839,gmm_high_20260813_0049,gmm,high,44.082,50.11617607539681,6.0341760753968074,6.0341760753968074,11.0,False
random_forest,24,20260839,gmm_high_20260813_0079,gmm,high,78.97833333333332,46.7827571055796,-32.195576227753726,32.195576227753726,16.0,False
random_forest,24,20260839,gmm_low_20260813_0012,gmm,low,24.410666666666668,25.136126858465616,0.7254601917989483,0.7254601917989483,31.0,False
random_forest,24,20260839,gmm_low_20260813_0036,gmm,low,25.197,25.03620066542409,-0.16079933457590911,0.16079933457590911,32.0,False
random_forest,24,20260839,gmm_low_20260813_0072,gmm,low,24.93733333333333,25.574542308201085,0.6372089748677539,0.6372089748677539,28.0,False
random_forest,24,20260839,gmm_medium_20260813_0010,gmm,medium,28.833666666666662,32.20436021296293,3.3706935462962697,3.3706935462962697,20.0,False
random_forest,24,20260839,gmm_medium_20260813_0077,gmm,medium,28.415,29.181861149911814,0.766861149911815,0.766861149911815,24.0,False
random_forest,24,20260839,gmm_medium_20260813_0102,gmm,medium,33.226,31.015516190035285,-2.210483809964714,2.210483809964714,22.0,False
random_forest,24,20260839,lhs_critical_20260813_0036,lhs,critical,52.37566666666667,50.10334317107587,-2.272323495590797,2.272323495590797,12.0,False
random_forest,24,20260839,lhs_critical_20260813_0055,lhs,critical,50.272,58.959470626984114,8.687470626984116,8.687470626984116,3.0,True
random_forest,24,20260839,lhs_critical_20260813_0101,lhs,critical,48.968,56.878153504850054,7.910153504850051,7.910153504850051,4.0,True
random_forest,24,20260839,lhs_high_20260813_0024,lhs,high,50.318666666666665,47.271598821428505,-3.0470678452381605,3.0470678452381605,15.0,False
random_forest,24,20260839,lhs_high_20260813_0077,lhs,high,44.736,45.47704764526215,0.7410476452621495,0.7410476452621495,17.0,False
random_forest,24,20260839,lhs_high_20260813_0106,lhs,high,51.74733333333334,50.71415281084658,-1.0331805224867594,1.0331805224867594,10.0,False
random_forest,24,20260839,lhs_low_20260813_0010,lhs,low,25.866333333333333,25.42353232627866,-0.4428010070546726,0.4428010070546726,29.0,False
random_forest,24,20260839,lhs_low_20260813_0077,lhs,low,24.584666666666667,25.20778921075838,0.6231225440917143,0.6231225440917143,30.0,False
random_forest,24,20260839,lhs_low_20260813_0128,lhs,low,24.47433333333333,24.833341133597923,0.35900780026459245,0.35900780026459245,36.0,False
random_forest,24,20260839,lhs_medium_20260813_0026,lhs,medium,28.41333333333333,28.955055039241614,0.5417217059082837,0.5417217059082837,25.0,False
random_forest,24,20260839,lhs_medium_20260813_0041,lhs,medium,30.77,31.901124670634907,1.1311246706349074,1.1311246706349074,21.0,False
random_forest,24,20260839,lhs_medium_20260813_0110,lhs,medium,32.588,33.97367836860669,1.3856783686066905,1.3856783686066905,19.0,False
ridge,24,20260839,cvae_critical_20260813_0030,cvae,critical,46.97633333333333,52.29513325672448,5.318799923391154,5.318799923391154,10.0,False
ridge,24,20260839,cvae_critical_20260813_0042,cvae,critical,48.01533333333333,54.8313902340207,6.8160569006873715,6.8160569006873715,5.0,True
ridge,24,20260839,cvae_critical_20260813_0046,cvae,critical,53.062333333333335,64.06922854983438,11.006895216501043,11.006895216501043,1.0,True
ridge,24,20260839,cvae_high_20260813_0033,cvae,high,45.74666666666666,58.22880387826371,12.482137211597049,12.482137211597049,4.0,True
ridge,24,20260839,cvae_high_20260813_0043,cvae,high,40.77,42.86585782565928,2.09585782565928,2.09585782565928,17.0,False
ridge,24,20260839,cvae_high_20260813_0067,cvae,high,42.74,40.09095597698981,-2.649044023010191,2.649044023010191,18.0,False
ridge,24,20260839,cvae_low_20260813_0001,cvae,low,25.207666666666668,32.14948297863111,6.941816311964445,6.941816311964445,26.0,False
ridge,24,20260839,cvae_low_20260813_0034,cvae,low,24.413666666666668,19.734721098423798,-4.67894556824287,4.67894556824287,34.0,False
ridge,24,20260839,cvae_low_20260813_0115,cvae,low,23.761666666666667,21.87596324135128,-1.8857034253153877,1.8857034253153877,29.0,False
ridge,24,20260839,cvae_medium_20260813_0061,cvae,medium,26.52133333333333,29.66963472300613,3.148301389672799,3.148301389672799,28.0,False
ridge,24,20260839,cvae_medium_20260813_0082,cvae,medium,28.422666666666668,32.17316339942472,3.750496732758055,3.750496732758055,25.0,False
ridge,24,20260839,cvae_medium_20260813_0103,cvae,medium,27.532333333333334,36.596789265443,9.064455932109666,9.064455932109666,20.0,False
ridge,24,20260839,gmm_critical_20260813_0004,gmm,critical,85.42566666666667,48.45533061002364,-36.970336056643035,36.970336056643035,13.0,False
ridge,24,20260839,gmm_critical_20260813_0067,gmm,critical,79.342,53.259759259209396,-26.082240740790603,26.082240740790603,7.0,True
ridge,24,20260839,gmm_critical_20260813_0072,gmm,critical,46.531,62.89897788801653,16.367977888016533,16.367977888016533,2.0,True
ridge,24,20260839,gmm_high_20260813_0005,gmm,high,44.719,49.09738331908109,4.378383319081088,4.378383319081088,12.0,False
ridge,24,20260839,gmm_high_20260813_0049,gmm,high,44.082,44.873140561233704,0.7911405612337035,0.7911405612337035,15.0,False
ridge,24,20260839,gmm_high_20260813_0079,gmm,high,78.97833333333332,47.65386235065462,-31.324470982678704,31.324470982678704,14.0,False
ridge,24,20260839,gmm_low_20260813_0012,gmm,low,24.410666666666668,21.219946803191405,-3.1907198634752625,3.1907198634752625,31.0,False
ridge,24,20260839,gmm_low_20260813_0036,gmm,low,25.197,18.705072125947613,-6.4919278740523865,6.4919278740523865,35.0,False
ridge,24,20260839,gmm_low_20260813_0072,gmm,low,24.93733333333333,21.229417069265313,-3.707916264068018,3.707916264068018,30.0,False
ridge,24,20260839,gmm_medium_20260813_0010,gmm,medium,28.833666666666662,34.96853835821142,6.134871691544756,6.134871691544756,23.0,False
ridge,24,20260839,gmm_medium_20260813_0077,gmm,medium,28.415,54.0141584051854,25.5991584051854,25.5991584051854,6.0,True
ridge,24,20260839,gmm_medium_20260813_0102,gmm,medium,33.226,38.51970600888146,5.293706008881458,5.293706008881458,19.0,False
ridge,24,20260839,lhs_critical_20260813_0036,lhs,critical,52.37566666666667,52.418558689036516,0.04289202236984835,0.04289202236984835,9.0,True
ridge,24,20260839,lhs_critical_20260813_0055,lhs,critical,50.272,53.09544376098048,2.8234437609804814,2.8234437609804814,8.0,True
ridge,24,20260839,lhs_critical_20260813_0101,lhs,critical,48.968,62.584920867603344,13.61692086760334,13.61692086760334,3.0,True
ridge,24,20260839,lhs_high_20260813_0024,lhs,high,50.318666666666665,49.95564495835157,-0.3630217083150953,0.3630217083150953,11.0,False
ridge,24,20260839,lhs_high_20260813_0077,lhs,high,44.736,35.5579094758253,-9.1780905241747,9.1780905241747,22.0,False
ridge,24,20260839,lhs_high_20260813_0106,lhs,high,51.74733333333334,43.98342299501042,-7.7639103383229155,7.7639103383229155,16.0,False
ridge,24,20260839,lhs_low_20260813_0010,lhs,low,25.866333333333333,11.805747131035076,-14.060586202298257,14.060586202298257,36.0,False
ridge,24,20260839,lhs_low_20260813_0077,lhs,low,24.584666666666667,32.204501648206616,7.619834981539949,7.619834981539949,24.0,False
ridge,24,20260839,lhs_low_20260813_0128,lhs,low,24.47433333333333,20.733300096002388,-3.7410332373309423,3.7410332373309423,32.0,False
ridge,24,20260839,lhs_medium_20260813_0026,lhs,medium,28.41333333333333,30.060290740900925,1.6469574075675943,1.6469574075675943,27.0,False
ridge,24,20260839,lhs_medium_20260813_0041,lhs,medium,30.77,19.982941223536614,-10.787058776463386,10.787058776463386,33.0,False
ridge,24,20260839,lhs_medium_20260813_0110,lhs,medium,32.588,36.545401139539486,3.957401139539485,3.957401139539485,21.0,False
random_forest,25,20260840,cvae_critical_20260813_0030,cvae,critical,46.97633333333333,55.40734715432101,8.43101382098768,8.43101382098768,6.0,True
random_forest,25,20260840,cvae_critical_20260813_0042,cvae,critical,48.01533333333333,54.93672377116401,6.921390437830681,6.921390437830681,7.0,True
random_forest,25,20260840,cvae_critical_20260813_0046,cvae,critical,53.062333333333335,64.17843842813052,11.116105094797184,11.116105094797184,2.0,True
random_forest,25,20260840,cvae_high_20260813_0033,cvae,high,45.74666666666666,54.39304615432103,8.646379487654364,8.646379487654364,8.0,True
random_forest,25,20260840,cvae_high_20260813_0043,cvae,high,40.77,46.5521623584656,5.782162358465598,5.782162358465598,15.0,False
random_forest,25,20260840,cvae_high_20260813_0067,cvae,high,42.74,44.495303826719564,1.7553038267195618,1.7553038267195618,18.0,False
random_forest,25,20260840,cvae_low_20260813_0001,cvae,low,25.207666666666668,25.380946254409185,0.17327958774251684,0.17327958774251684,30.0,False
random_forest,25,20260840,cvae_low_20260813_0034,cvae,low,24.413666666666668,24.844248326719576,0.43058166005290843,0.43058166005290843,35.0,False
random_forest,25,20260840,cvae_low_20260813_0115,cvae,low,23.761666666666667,24.77544647222224,1.013779805555572,1.013779805555572,36.0,False
random_forest,25,20260840,cvae_medium_20260813_0061,cvae,medium,26.52133333333333,29.14723913227511,2.62590579894178,2.62590579894178,24.0,False
random_forest,25,20260840,cvae_medium_20260813_0082,cvae,medium,28.422666666666668,29.681011465608467,1.258344798941799,1.258344798941799,23.0,False
random_forest,25,20260840,cvae_medium_20260813_0103,cvae,medium,27.532333333333334,28.813033669312166,1.2807003359788318,1.2807003359788318,27.0,False
random_forest,25,20260840,gmm_critical_20260813_0004,gmm,critical,85.42566666666667,52.54503874955905,-32.880627917107624,32.880627917107624,9.0,True
random_forest,25,20260840,gmm_critical_20260813_0067,gmm,critical,79.342,51.56147808730156,-27.78052191269844,27.78052191269844,10.0,False
random_forest,25,20260840,gmm_critical_20260813_0072,gmm,critical,46.531,66.21181574294536,19.680815742945363,19.680815742945363,1.0,True
random_forest,25,20260840,gmm_high_20260813_0005,gmm,high,44.719,46.199660904761885,1.4806609047618835,1.4806609047618835,16.0,False
random_forest,25,20260840,gmm_high_20260813_0049,gmm,high,44.082,49.114893667989406,5.032893667989406,5.032893667989406,13.0,False
random_forest,25,20260840,gmm_high_20260813_0079,gmm,high,78.97833333333332,44.947694301587305,-34.03063903174602,34.03063903174602,17.0,False
random_forest,25,20260840,gmm_low_20260813_0012,gmm,low,24.410666666666668,25.294862193562604,0.8841955268959367,0.8841955268959367,34.0,False
random_forest,25,20260840,gmm_low_20260813_0036,gmm,low,25.197,25.351894226190474,0.15489422619047488,0.15489422619047488,31.0,False
random_forest,25,20260840,gmm_low_20260813_0072,gmm,low,24.93733333333333,25.71382644708996,0.7764931137566293,0.7764931137566293,28.0,False
random_forest,25,20260840,gmm_medium_20260813_0010,gmm,medium,28.833666666666662,33.02188768165782,4.188221014991161,4.188221014991161,20.0,False
random_forest,25,20260840,gmm_medium_20260813_0077,gmm,medium,28.415,28.8499558769841,0.43495587698410176,0.43495587698410176,26.0,False
random_forest,25,20260840,gmm_medium_20260813_0102,gmm,medium,33.226,30.559634574074074,-2.6663654259259246,2.6663654259259246,22.0,False
random_forest,25,20260840,lhs_critical_20260813_0036,lhs,critical,52.37566666666667,59.880951261904784,7.505284595238116,7.505284595238116,3.0,True
random_forest,25,20260840,lhs_critical_20260813_0055,lhs,critical,50.272,56.01887172751319,5.746871727513195,5.746871727513195,5.0,True
random_forest,25,20260840,lhs_critical_20260813_0101,lhs,critical,48.968,58.40110026455024,9.433100264550234,9.433100264550234,4.0,True
random_forest,25,20260840,lhs_high_20260813_0024,lhs,high,50.318666666666665,50.48001660714286,0.16134994047619244,0.16134994047619244,12.0,False
random_forest,25,20260840,lhs_high_20260813_0077,lhs,high,44.736,51.04662456305114,6.310624563051142,6.310624563051142,11.0,False
random_forest,25,20260840,lhs_high_20260813_0106,lhs,high,51.74733333333334,47.00559971428565,-4.741733619047686,4.741733619047686,14.0,False
random_forest,25,20260840,lhs_low_20260813_0010,lhs,low,25.866333333333333,25.53340991402117,-0.33292341931216285,0.33292341931216285,29.0,False
random_forest,25,20260840,lhs_low_20260813_0077,lhs,low,24.584666666666667,25.318731532186952,0.7340648655202848,0.7340648655202848,32.0,False
random_forest,25,20260840,lhs_low_20260813_0128,lhs,low,24.47433333333333,25.297380059523796,0.8230467261904657,0.8230467261904657,33.0,False
random_forest,25,20260840,lhs_medium_20260813_0026,lhs,medium,28.41333333333333,28.995446472222216,0.5821131388888858,0.5821131388888858,25.0,False
random_forest,25,20260840,lhs_medium_20260813_0041,lhs,medium,30.77,31.891615989417982,1.1216159894179825,1.1216159894179825,21.0,False
random_forest,25,20260840,lhs_medium_20260813_0110,lhs,medium,32.588,35.784689344356245,3.196689344356244,3.196689344356244,19.0,False
ridge,25,20260840,cvae_critical_20260813_0030,cvae,critical,46.97633333333333,57.265890976017175,10.289557642683846,10.289557642683846,5.0,True
ridge,25,20260840,cvae_critical_20260813_0042,cvae,critical,48.01533333333333,54.450285267990104,6.434951934656773,6.434951934656773,6.0,True
ridge,25,20260840,cvae_critical_20260813_0046,cvae,critical,53.062333333333335,63.582007133482534,10.5196738001492,10.5196738001492,3.0,True
ridge,25,20260840,cvae_high_20260813_0033,cvae,high,45.74666666666666,51.142252923797514,5.3955862571308515,5.3955862571308515,7.0,True
ridge,25,20260840,cvae_high_20260813_0043,cvae,high,40.77,44.46960919900013,3.699609199000129,3.699609199000129,12.0,False
ridge,25,20260840,cvae_high_20260813_0067,cvae,high,42.74,39.770155009698364,-2.969844990301638,2.969844990301638,17.0,False
ridge,25,20260840,cvae_low_20260813_0001,cvae,low,25.207666666666668,29.474368080218728,4.26670141355206,4.26670141355206,26.0,False
ridge,25,20260840,cvae_low_20260813_0034,cvae,low,24.413666666666668,22.47869241635942,-1.9349742503072491,1.9349742503072491,32.0,False
ridge,25,20260840,cvae_low_20260813_0115,cvae,low,23.761666666666667,20.104186884205767,-3.6574797824609,3.6574797824609,33.0,False
ridge,25,20260840,cvae_medium_20260813_0061,cvae,medium,26.52133333333333,28.001786152140586,1.4804528188072545,1.4804528188072545,31.0,False
ridge,25,20260840,cvae_medium_20260813_0082,cvae,medium,28.422666666666668,34.587563362479074,6.164896695812406,6.164896695812406,23.0,False
ridge,25,20260840,cvae_medium_20260813_0103,cvae,medium,27.532333333333334,32.79037240033432,5.258039067000986,5.258039067000986,24.0,False
ridge,25,20260840,gmm_critical_20260813_0004,gmm,critical,85.42566666666667,44.49629280258828,-40.92937386407839,40.92937386407839,11.0,False
ridge,25,20260840,gmm_critical_20260813_0067,gmm,critical,79.342,49.645386571301074,-29.696613428698925,29.696613428698925,9.0,True
ridge,25,20260840,gmm_critical_20260813_0072,gmm,critical,46.531,64.12246805496994,17.591468054969944,17.591468054969944,2.0,True
ridge,25,20260840,gmm_high_20260813_0005,gmm,high,44.719,39.97148541055396,-4.747514589446041,4.747514589446041,16.0,False
ridge,25,20260840,gmm_high_20260813_0049,gmm,high,44.082,41.08707917171318,-2.9949208282868227,2.9949208282868227,15.0,False
ridge,25,20260840,gmm_high_20260813_0079,gmm,high,78.97833333333332,45.22818356875902,-33.7501497645743,33.7501497645743,10.0,False
ridge,25,20260840,gmm_low_20260813_0012,gmm,low,24.410666666666668,29.90618904904212,5.4955223823754515,5.4955223823754515,25.0,False
ridge,25,20260840,gmm_low_20260813_0036,gmm,low,25.197,29.3913960822919,4.194396082291902,4.194396082291902,27.0,False
ridge,25,20260840,gmm_low_20260813_0072,gmm,low,24.93733333333333,9.94679148030875,-14.990541853024581,14.990541853024581,35.0,False
ridge,25,20260840,gmm_medium_20260813_0010,gmm,medium,28.833666666666662,34.61147790926123,5.77781124259457,5.77781124259457,22.0,False
ridge,25,20260840,gmm_medium_20260813_0077,gmm,medium,28.415,38.351636721151856,9.936636721151856,9.936636721151856,19.0,False
ridge,25,20260840,gmm_medium_20260813_0102,gmm,medium,33.226,38.57910847876468,5.353108478764682,5.353108478764682,18.0,False
ridge,25,20260840,lhs_critical_20260813_0036,lhs,critical,52.37566666666667,64.88541201454753,12.509745347880859,12.509745347880859,1.0,True
ridge,25,20260840,lhs_critical_20260813_0055,lhs,critical,50.272,50.891314363260044,0.6193143632600453,0.6193143632600453,8.0,True
ridge,25,20260840,lhs_critical_20260813_0101,lhs,critical,48.968,61.03689695065057,12.068896950650569,12.068896950650569,4.0,True
ridge,25,20260840,lhs_high_20260813_0024,lhs,high,50.318666666666665,43.075842013293105,-7.24282465337356,7.24282465337356,14.0,False
ridge,25,20260840,lhs_high_20260813_0077,lhs,high,44.736,37.23453236239217,-7.501467637607824,7.501467637607824,20.0,False
ridge,25,20260840,lhs_high_20260813_0106,lhs,high,51.74733333333334,37.1075866232302,-14.63974671010314,14.63974671010314,21.0,False
ridge,25,20260840,lhs_low_20260813_0010,lhs,low,25.866333333333333,8.481563793425423,-17.38476953990791,17.38476953990791,36.0,False
ridge,25,20260840,lhs_low_20260813_0077,lhs,low,24.584666666666667,28.572677725041267,3.9880110583745996,3.9880110583745996,29.0,False
ridge,25,20260840,lhs_low_20260813_0128,lhs,low,24.47433333333333,20.02453486776465,-4.44979846556868,4.44979846556868,34.0,False
ridge,25,20260840,lhs_medium_20260813_0026,lhs,medium,28.41333333333333,29.340911529882277,0.9275781965489465,0.9275781965489465,28.0,False
ridge,25,20260840,lhs_medium_20260813_0041,lhs,medium,30.77,28.032098856467805,-2.737901143532195,2.737901143532195,30.0,False
ridge,25,20260840,lhs_medium_20260813_0110,lhs,medium,32.588,43.666181512841156,11.078181512841155,11.078181512841155,13.0,False
random_forest,26,20260841,cvae_critical_20260813_0030,cvae,critical,46.97633333333333,50.58138833862429,3.6050550052909642,3.6050550052909642,11.0,False
random_forest,26,20260841,cvae_critical_20260813_0042,cvae,critical,48.01533333333333,59.93713551984126,11.921802186507932,11.921802186507932,3.0,True
random_forest,26,20260841,cvae_critical_20260813_0046,cvae,critical,53.062333333333335,57.59068788007048,4.528354546737148,4.528354546737148,5.0,True
random_forest,26,20260841,cvae_high_20260813_0033,cvae,high,45.74666666666666,47.76937342255891,2.0227067558922442,2.0227067558922442,15.0,False
random_forest,26,20260841,cvae_high_20260813_0043,cvae,high,40.77,45.06643179100528,4.296431791005276,4.296431791005276,18.0,False
random_forest,26,20260841,cvae_high_20260813_0067,cvae,high,42.74,50.050567354497346,7.310567354497344,7.310567354497344,13.0,False
random_forest,26,20260841,cvae_low_20260813_0001,cvae,low,25.207666666666668,25.83415092813052,0.626484261463851,0.626484261463851,30.0,False
random_forest,26,20260841,cvae_low_20260813_0034,cvae,low,24.413666666666668,24.83789716446208,0.42423049779541344,0.42423049779541344,35.0,False
random_forest,26,20260841,cvae_low_20260813_0115,cvae,low,23.761666666666667,24.830341651234598,1.0686749845679309,1.0686749845679309,36.0,False
random_forest,26,20260841,cvae_medium_20260813_0061,cvae,medium,26.52133333333333,29.760518604497374,3.239185271164043,3.239185271164043,25.0,False
random_forest,26,20260841,cvae_medium_20260813_0082,cvae,medium,28.422666666666668,30.574712346119917,2.1520456794532485,2.1520456794532485,23.0,False
random_forest,26,20260841,cvae_medium_20260813_0103,cvae,medium,27.532333333333334,27.96951398148147,0.43718064814813573,0.43718064814813573,27.0,False
random_forest,26,20260841,gmm_critical_20260813_0004,gmm,critical,85.42566666666667,51.2988538518518,-34.12681281481487,34.12681281481487,7.0,True
random_forest,26,20260841,gmm_critical_20260813_0067,gmm,critical,79.342,54.7713845083774,-24.570615491622597,24.570615491622597,6.0,True
random_forest,26,20260841,gmm_critical_20260813_0072,gmm,critical,46.531,64.20063673280421,17.669636732804214,17.669636732804214,1.0,True
random_forest,26,20260841,gmm_high_20260813_0005,gmm,high,44.719,48.81603923280423,4.097039232804228,4.097039232804228,14.0,False
random_forest,26,20260841,gmm_high_20260813_0049,gmm,high,44.082,51.022113386243326,6.9401133862433255,6.9401133862433255,8.0,True
random_forest,26,20260841,gmm_high_20260813_0079,gmm,high,78.97833333333332,45.81045438492062,-33.16787894841271,33.16787894841271,16.0,False
random_forest,26,20260841,gmm_low_20260813_0012,gmm,low,24.410666666666668,25.17209660890654,0.7614299422398716,0.7614299422398716,32.0,False
random_forest,26,20260841,gmm_low_20260813_0036,gmm,low,25.197,25.571311956349227,0.37431195634922787,0.37431195634922787,31.0,False
random_forest,26,20260841,gmm_low_20260813_0072,gmm,low,24.93733333333333,25.128704200617296,0.19137086728396469,0.19137086728396469,33.0,False
random_forest,26,20260841,gmm_medium_20260813_0010,gmm,medium,28.833666666666662,31.555179705026465,2.7215130383598023,2.7215130383598023,20.0,False
random_forest,26,20260841,gmm_medium_20260813_0077,gmm,medium,28.415,28.53524322619049,0.12024322619049244,0.12024322619049244,26.0,False
random_forest,26,20260841,gmm_medium_20260813_0102,gmm,medium,33.226,30.914832179894177,-2.3111678201058226,2.3111678201058226,22.0,False
random_forest,26,20260841,lhs_critical_20260813_0036,lhs,critical,52.37566666666667,50.25852508201055,-2.1171415846561175,2.1171415846561175,12.0,False
random_forest,26,20260841,lhs_critical_20260813_0055,lhs,critical,50.272,60.983355572751364,10.711355572751366,10.711355572751366,2.0,True
random_forest,26,20260841,lhs_critical_20260813_0101,lhs,critical,48.968,57.78298081613756,8.814980816137556,8.814980816137556,4.0,True
random_forest,26,20260841,lhs_high_20260813_0024,lhs,high,50.318666666666665,45.08766923412694,-5.2309974325397235,5.2309974325397235,17.0,False
random_forest,26,20260841,lhs_high_20260813_0077,lhs,high,44.736,51.006768750000006,6.270768750000009,6.270768750000009,9.0,True
random_forest,26,20260841,lhs_high_20260813_0106,lhs,high,51.74733333333334,50.81348362538077,-0.933849707952568,0.933849707952568,10.0,False
random_forest,26,20260841,lhs_low_20260813_0010,lhs,low,25.866333333333333,26.032614548059982,0.16628121472664859,0.16628121472664859,29.0,False
random_forest,26,20260841,lhs_low_20260813_0077,lhs,low,24.584666666666667,26.283907049823615,1.6992403831569476,1.6992403831569476,28.0,False
random_forest,26,20260841,lhs_low_20260813_0128,lhs,low,24.47433333333333,24.872247053350964,0.3979137200176339,0.3979137200176339,34.0,False
random_forest,26,20260841,lhs_medium_20260813_0026,lhs,medium,28.41333333333333,29.902792136243388,1.4894588029100575,1.4894588029100575,24.0,False
random_forest,26,20260841,lhs_medium_20260813_0041,lhs,medium,30.77,31.392744752645523,0.6227447526455236,0.6227447526455236,21.0,False
random_forest,26,20260841,lhs_medium_20260813_0110,lhs,medium,32.588,32.84499543783067,0.2569954378306676,0.2569954378306676,19.0,False
ridge,26,20260841,cvae_critical_20260813_0030,cvae,critical,46.97633333333333,53.96353562837889,6.987202295045563,6.987202295045563,6.0,True
ridge,26,20260841,cvae_critical_20260813_0042,cvae,critical,48.01533333333333,60.94401341383435,12.928680080501017,12.928680080501017,3.0,True
ridge,26,20260841,cvae_critical_20260813_0046,cvae,critical,53.062333333333335,62.52903371384892,9.466700380515583,9.466700380515583,1.0,True
ridge,26,20260841,cvae_high_20260813_0033,cvae,high,45.74666666666666,53.12843706234785,7.381770395681187,7.381770395681187,7.0,True
ridge,26,20260841,cvae_high_20260813_0043,cvae,high,40.77,44.564862932999304,3.794862932999301,3.794862932999301,16.0,False
ridge,26,20260841,cvae_high_20260813_0067,cvae,high,42.74,50.35378647291768,7.613786472917681,7.613786472917681,11.0,False
ridge,26,20260841,cvae_low_20260813_0001,cvae,low,25.207666666666668,31.603756800251404,6.396090133584735,6.396090133584735,27.0,False
ridge,26,20260841,cvae_low_20260813_0034,cvae,low,24.413666666666668,23.278965886770496,-1.1347007798961712,1.1347007798961712,29.0,False
ridge,26,20260841,cvae_low_20260813_0115,cvae,low,23.761666666666667,22.071683457401214,-1.6899832092654528,1.6899832092654528,30.0,False
ridge,26,20260841,cvae_medium_20260813_0061,cvae,medium,26.52133333333333,31.935809051476,5.414475718142668,5.414475718142668,25.0,False
ridge,26,20260841,cvae_medium_20260813_0082,cvae,medium,28.422666666666668,31.96491612072571,3.542249454059043,3.542249454059043,24.0,False
ridge,26,20260841,cvae_medium_20260813_0103,cvae,medium,27.532333333333334,34.615734037788435,7.0834007044551015,7.0834007044551015,22.0,False
ridge,26,20260841,gmm_critical_20260813_0004,gmm,critical,85.42566666666667,47.93796807654105,-37.487698590125625,37.487698590125625,13.0,False
ridge,26,20260841,gmm_critical_20260813_0067,gmm,critical,79.342,51.45185155972428,-27.890148440275716,27.890148440275716,8.0,True
ridge,26,20260841,gmm_critical_20260813_0072,gmm,critical,46.531,62.10254677432319,15.571546774323188,15.571546774323188,2.0,True
ridge,26,20260841,gmm_high_20260813_0005,gmm,high,44.719,50.5601481238414,5.8411481238414,5.8411481238414,10.0,False
ridge,26,20260841,gmm_high_20260813_0049,gmm,high,44.082,38.045389975820456,-6.036610024179545,6.036610024179545,18.0,False
ridge,26,20260841,gmm_high_20260813_0079,gmm,high,78.97833333333332,47.313506461965005,-31.66482687136832,31.66482687136832,14.0,False
ridge,26,20260841,gmm_low_20260813_0012,gmm,low,24.410666666666668,17.12018687740868,-7.2904797892579865,7.2904797892579865,32.0,False
ridge,26,20260841,gmm_low_20260813_0036,gmm,low,25.197,14.772473300030136,-10.424526699969864,10.424526699969864,34.0,False
ridge,26,20260841,gmm_low_20260813_0072,gmm,low,24.93733333333333,13.113756078475532,-11.823577254857799,11.823577254857799,36.0,False
ridge,26,20260841,gmm_medium_20260813_0010,gmm,medium,28.833666666666662,37.51146021506578,8.67779354839912,8.67779354839912,20.0,False
ridge,26,20260841,gmm_medium_20260813_0077,gmm,medium,28.415,51.26547172873836,22.850471728738363,22.850471728738363,9.0,True
ridge,26,20260841,gmm_medium_20260813_0102,gmm,medium,33.226,31.645455601227823,-1.580544398772176,1.580544398772176,26.0,False
ridge,26,20260841,lhs_critical_20260813_0036,lhs,critical,52.37566666666667,49.201378863761505,-3.1742878029051624,3.1742878029051624,12.0,False
ridge,26,20260841,lhs_critical_20260813_0055,lhs,critical,50.272,60.25195831292288,9.979958312922882,9.979958312922882,5.0,True
ridge,26,20260841,lhs_critical_20260813_0101,lhs,critical,48.968,60.84740432121629,11.879404321216285,11.879404321216285,4.0,True
ridge,26,20260841,lhs_high_20260813_0024,lhs,high,50.318666666666665,37.873399049335795,-12.44526761733087,12.44526761733087,19.0,False
ridge,26,20260841,lhs_high_20260813_0077,lhs,high,44.736,47.22518527671046,2.489185276710465,2.489185276710465,15.0,False
ridge,26,20260841,lhs_high_20260813_0106,lhs,high,51.74733333333334,40.723423263341274,-11.023910069992063,11.023910069992063,17.0,False
ridge,26,20260841,lhs_low_20260813_0010,lhs,low,25.866333333333333,14.290883567477032,-11.575449765856302,11.575449765856302,35.0,False
ridge,26,20260841,lhs_low_20260813_0077,lhs,low,24.584666666666667,30.976728333708227,6.39206166704156,6.39206166704156,28.0,False
ridge,26,20260841,lhs_low_20260813_0128,lhs,low,24.47433333333333,17.64900745019149,-6.82532588314184,6.82532588314184,31.0,False
ridge,26,20260841,lhs_medium_20260813_0026,lhs,medium,28.41333333333333,33.862817714386296,5.449484381052965,5.449484381052965,23.0,False
ridge,26,20260841,lhs_medium_20260813_0041,lhs,medium,30.77,15.482419440689814,-15.287580559310186,15.287580559310186,33.0,False
ridge,26,20260841,lhs_medium_20260813_0110,lhs,medium,32.588,37.44757395011633,4.859573950116328,4.859573950116328,21.0,False
random_forest,27,20260842,cvae_critical_20260813_0030,cvae,critical,46.97633333333333,55.933917574955935,8.957584241622605,8.957584241622605,5.0,True
random_forest,27,20260842,cvae_critical_20260813_0042,cvae,critical,48.01533333333333,54.04874946957671,6.033416136243382,6.033416136243382,8.0,True
random_forest,27,20260842,cvae_critical_20260813_0046,cvae,critical,53.062333333333335,64.45527010670189,11.392936773368554,11.392936773368554,2.0,True
random_forest,27,20260842,cvae_high_20260813_0033,cvae,high,45.74666666666666,55.00500437962963,9.25833771296297,9.25833771296297,7.0,True
random_forest,27,20260842,cvae_high_20260813_0043,cvae,high,40.77,44.37163419841273,3.601634198412725,3.601634198412725,18.0,False
random_forest,27,20260842,cvae_high_20260813_0067,cvae,high,42.74,48.012146756172804,5.272146756172802,5.272146756172802,14.0,False
random_forest,27,20260842,cvae_low_20260813_0001,cvae,low,25.207666666666668,25.35328220194006,0.145615535273393,0.145615535273393,31.0,False
random_forest,27,20260842,cvae_low_20260813_0034,cvae,low,24.413666666666668,25.121909867724874,0.708243201058206,0.708243201058206,34.0,False
random_forest,27,20260842,cvae_low_20260813_0115,cvae,low,23.761666666666667,25.07809001190478,1.316423345238114,1.316423345238114,35.0,False
random_forest,27,20260842,cvae_medium_20260813_0061,cvae,medium,26.52133333333333,29.232849473985873,2.7115161406525417,2.7115161406525417,27.0,False
random_forest,27,20260842,cvae_medium_20260813_0082,cvae,medium,28.422666666666668,29.598246863756625,1.1755801970899569,1.1755801970899569,26.0,False
random_forest,27,20260842,cvae_medium_20260813_0103,cvae,medium,27.532333333333334,29.717107436507952,2.184774103174618,2.184774103174618,25.0,False
random_forest,27,20260842,gmm_critical_20260813_0004,gmm,critical,85.42566666666667,53.04395853968254,-32.38170812698413,32.38170812698413,10.0,False
random_forest,27,20260842,gmm_critical_20260813_0067,gmm,critical,79.342,55.30575425925922,-24.03624574074078,24.03624574074078,6.0,True
random_forest,27,20260842,gmm_critical_20260813_0072,gmm,critical,46.531,62.32184420458548,15.790844204585483,15.790844204585483,3.0,True
random_forest,27,20260842,gmm_high_20260813_0005,gmm,high,44.719,46.19561180511464,1.4766118051146364,1.4766118051146364,17.0,False
random_forest,27,20260842,gmm_high_20260813_0049,gmm,high,44.082,49.610768826719514,5.528768826719514,5.528768826719514,12.0,False
random_forest,27,20260842,gmm_high_20260813_0079,gmm,high,78.97833333333332,47.65454109788361,-31.323792235449716,31.323792235449716,15.0,False
random_forest,27,20260842,gmm_low_20260813_0012,gmm,low,24.410666666666668,25.597978458994714,1.187311792328046,1.187311792328046,29.0,False
random_forest,27,20260842,gmm_low_20260813_0036,gmm,low,25.197,25.481430580246933,0.2844305802469336,0.2844305802469336,30.0,False
random_forest,27,20260842,gmm_low_20260813_0072,gmm,low,24.93733333333333,25.345814779100532,0.408481445767201,0.408481445767201,33.0,False
random_forest,27,20260842,gmm_medium_20260813_0010,gmm,medium,28.833666666666662,32.75170643915345,3.9180397724867895,3.9180397724867895,21.0,False
random_forest,27,20260842,gmm_medium_20260813_0077,gmm,medium,28.415,30.28400917857143,1.8690091785714316,1.8690091785714316,23.0,False
random_forest,27,20260842,gmm_medium_20260813_0102,gmm,medium,33.226,30.957302654761893,-2.268697345238106,2.268697345238106,22.0,False
random_forest,27,20260842,lhs_critical_20260813_0036,lhs,critical,52.37566666666667,53.16150999206352,0.7858433253968542,0.7858433253968542,9.0,True
random_forest,27,20260842,lhs_critical_20260813_0055,lhs,critical,50.272,59.40065141666668,9.128651416666685,9.128651416666685,4.0,True
random_forest,27,20260842,lhs_critical_20260813_0101,lhs,critical,48.968,66.23120886640206,17.263208866402053,17.263208866402053,1.0,True
random_forest,27,20260842,lhs_high_20260813_0024,lhs,high,50.318666666666665,50.010334489418014,-0.30833217724865136,0.30833217724865136,11.0,False
random_forest,27,20260842,lhs_high_20260813_0077,lhs,high,44.736,49.17353120767192,4.437531207671924,4.437531207671924,13.0,False
random_forest,27,20260842,lhs_high_20260813_0106,lhs,high,51.74733333333334,47.41590279056438,-4.331430542768956,4.331430542768956,16.0,False
random_forest,27,20260842,lhs_low_20260813_0010,lhs,low,25.866333333333333,25.80546004761905,-0.0608732857142833,0.0608732857142833,28.0,False
random_forest,27,20260842,lhs_low_20260813_0077,lhs,low,24.584666666666667,25.351185261904785,0.7665185952381179,0.7665185952381179,32.0,False
random_forest,27,20260842,lhs_low_20260813_0128,lhs,low,24.47433333333333,24.826923641093508,0.3525903077601775,0.3525903077601775,36.0,False
random_forest,27,20260842,lhs_medium_20260813_0026,lhs,medium,28.41333333333333,30.118849620370373,1.7055162870370424,1.7055162870370424,24.0,False
random_forest,27,20260842,lhs_medium_20260813_0041,lhs,medium,30.77,33.10890329497356,2.3389032949735586,2.3389032949735586,20.0,False
random_forest,27,20260842,lhs_medium_20260813_0110,lhs,medium,32.588,34.47964527380952,1.891645273809516,1.891645273809516,19.0,False
ridge,27,20260842,cvae_critical_20260813_0030,cvae,critical,46.97633333333333,50.493552792975585,3.5172194596422557,3.5172194596422557,9.0,True
ridge,27,20260842,cvae_critical_20260813_0042,cvae,critical,48.01533333333333,57.63141749855698,9.616084165223647,9.616084165223647,4.0,True
ridge,27,20260842,cvae_critical_20260813_0046,cvae,critical,53.062333333333335,64.46056393207004,11.39823059873671,11.39823059873671,2.0,True
ridge,27,20260842,cvae_high_20260813_0033,cvae,high,45.74666666666666,53.077526143054314,7.330859476387651,7.330859476387651,6.0,True
ridge,27,20260842,cvae_high_20260813_0043,cvae,high,40.77,37.65374162979761,-3.116258370202395,3.116258370202395,17.0,False
ridge,27,20260842,cvae_high_20260813_0067,cvae,high,42.74,45.928229591284335,3.1882295912843333,3.1882295912843333,13.0,False
ridge,27,20260842,cvae_low_20260813_0001,cvae,low,25.207666666666668,30.695995365529164,5.488328698862496,5.488328698862496,23.0,False
ridge,27,20260842,cvae_low_20260813_0034,cvae,low,24.413666666666668,19.643577604832277,-4.7700890618343905,4.7700890618343905,32.0,False
ridge,27,20260842,cvae_low_20260813_0115,cvae,low,23.761666666666667,22.682463119634903,-1.0792035470317636,1.0792035470317636,31.0,False
ridge,27,20260842,cvae_medium_20260813_0061,cvae,medium,26.52133333333333,28.363245718425574,1.8419123850922432,1.8419123850922432,25.0,False
ridge,27,20260842,cvae_medium_20260813_0082,cvae,medium,28.422666666666668,32.98341465278439,4.560747986117722,4.560747986117722,20.0,False
ridge,27,20260842,cvae_medium_20260813_0103,cvae,medium,27.532333333333334,30.66391143609003,3.131578102756695,3.131578102756695,24.0,False
ridge,27,20260842,gmm_critical_20260813_0004,gmm,critical,85.42566666666667,46.803582411174496,-38.622084255492176,38.622084255492176,10.0,False
ridge,27,20260842,gmm_critical_20260813_0067,gmm,critical,79.342,46.54115894531394,-32.80084105468606,32.80084105468606,11.0,False
ridge,27,20260842,gmm_critical_20260813_0072,gmm,critical,46.531,60.370393288743266,13.839393288743267,13.839393288743267,3.0,True
ridge,27,20260842,gmm_high_20260813_0005,gmm,high,44.719,38.058297506386026,-6.660702493613975,6.660702493613975,16.0,False
ridge,27,20260842,gmm_high_20260813_0049,gmm,high,44.082,36.95141240857348,-7.130587591426519,7.130587591426519,18.0,False
ridge,27,20260842,gmm_high_20260813_0079,gmm,high,78.97833333333332,39.641156926251185,-39.33717640708214,39.33717640708214,15.0,False
ridge,27,20260842,gmm_low_20260813_0012,gmm,low,24.410666666666668,25.971611216627288,1.5609445499606203,1.5609445499606203,28.0,False
ridge,27,20260842,gmm_low_20260813_0036,gmm,low,25.197,15.675880532188927,-9.521119467811072,9.521119467811072,33.0,False
ridge,27,20260842,gmm_low_20260813_0072,gmm,low,24.93733333333333,11.017636774270319,-13.919696559063013,13.919696559063013,36.0,False
ridge,27,20260842,gmm_medium_20260813_0010,gmm,medium,28.833666666666662,31.594293442911734,2.760626776245072,2.760626776245072,22.0,False
ridge,27,20260842,gmm_medium_20260813_0077,gmm,medium,28.415,46.24610746417838,17.83110746417838,17.83110746417838,12.0,False
ridge,27,20260842,gmm_medium_20260813_0102,gmm,medium,33.226,26.519813041179873,-6.706186958820126,6.706186958820126,27.0,False
ridge,27,20260842,lhs_critical_20260813_0036,lhs,critical,52.37566666666667,51.39333535662636,-0.9823313100403084,0.9823313100403084,8.0,True
ridge,27,20260842,lhs_critical_20260813_0055,lhs,critical,50.272,55.78009537228799,5.50809537228799,5.50809537228799,5.0,True
ridge,27,20260842,lhs_critical_20260813_0101,lhs,critical,48.968,67.28143431280685,18.313434312806848,18.313434312806848,1.0,True
ridge,27,20260842,lhs_high_20260813_0024,lhs,high,50.318666666666665,40.82335190173441,-9.495314764932253,9.495314764932253,14.0,False
ridge,27,20260842,lhs_high_20260813_0077,lhs,high,44.736,53.06151682612821,8.325516826128215,8.325516826128215,7.0,True
ridge,27,20260842,lhs_high_20260813_0106,lhs,high,51.74733333333334,36.65177312247242,-15.095560210860917,15.095560210860917,19.0,False
ridge,27,20260842,lhs_low_20260813_0010,lhs,low,25.866333333333333,15.093646371778945,-10.772686961554388,10.772686961554388,34.0,False
ridge,27,20260842,lhs_low_20260813_0077,lhs,low,24.584666666666667,24.574237145523256,-0.010429521143411336,0.010429521143411336,30.0,False
ridge,27,20260842,lhs_low_20260813_0128,lhs,low,24.47433333333333,12.721609192607069,-11.752724140726261,11.752724140726261,35.0,False
ridge,27,20260842,lhs_medium_20260813_0026,lhs,medium,28.41333333333333,31.833916537963287,3.4205832046299562,3.4205832046299562,21.0,False
ridge,27,20260842,lhs_medium_20260813_0041,lhs,medium,30.77,27.994990062206906,-2.7750099377930937,2.7750099377930937,26.0,False
ridge,27,20260842,lhs_medium_20260813_0110,lhs,medium,32.588,25.58219793394239,-7.005802066057612,7.005802066057612,29.0,False
random_forest,28,20260843,cvae_critical_20260813_0030,cvae,critical,46.97633333333333,60.925276896825466,13.948943563492136,13.948943563492136,3.0,True
random_forest,28,20260843,cvae_critical_20260813_0042,cvae,critical,48.01533333333333,54.33452895811285,6.319195624779518,6.319195624779518,7.0,True
random_forest,28,20260843,cvae_critical_20260813_0046,cvae,critical,53.062333333333335,57.5287163218695,4.466382988536168,4.466382988536168,5.0,True
random_forest,28,20260843,cvae_high_20260813_0033,cvae,high,45.74666666666666,45.129962532186944,-0.6167041344797184,0.6167041344797184,17.0,False
random_forest,28,20260843,cvae_high_20260813_0043,cvae,high,40.77,49.182767261022946,8.412767261022942,8.412767261022942,13.0,False
random_forest,28,20260843,cvae_high_20260813_0067,cvae,high,42.74,45.921399043650815,3.1813990436508135,3.1813990436508135,15.0,False
random_forest,28,20260843,cvae_low_20260813_0001,cvae,low,25.207666666666668,25.920886437830674,0.713219771164006,0.713219771164006,29.0,False
random_forest,28,20260843,cvae_low_20260813_0034,cvae,low,24.413666666666668,24.685192868165785,0.27152620149911755,0.27152620149911755,36.0,False
random_forest,28,20260843,cvae_low_20260813_0115,cvae,low,23.761666666666667,25.154059806878312,1.3923931402116452,1.3923931402116452,35.0,False
random_forest,28,20260843,cvae_medium_20260813_0061,cvae,medium,26.52133333333333,30.000490235890652,3.479156902557321,3.479156902557321,23.0,False
random_forest,28,20260843,cvae_medium_20260813_0082,cvae,medium,28.422666666666668,29.381919622134035,0.9592529554673668,0.9592529554673668,25.0,False
random_forest,28,20260843,cvae_medium_20260813_0103,cvae,medium,27.532333333333334,28.651827769841233,1.1194944365078996,1.1194944365078996,27.0,False
random_forest,28,20260843,gmm_critical_20260813_0004,gmm,critical,85.42566666666667,51.81565849514993,-33.61000817151674,33.61000817151674,9.0,True
random_forest,28,20260843,gmm_critical_20260813_0067,gmm,critical,79.342,55.46070345414457,-23.881296545855427,23.881296545855427,6.0,True
random_forest,28,20260843,gmm_critical_20260813_0072,gmm,critical,46.531,62.94388117195771,16.412881171957714,16.412881171957714,1.0,True
random_forest,28,20260843,gmm_high_20260813_0005,gmm,high,44.719,46.073493513668446,1.3544935136684444,1.3544935136684444,14.0,False
random_forest,28,20260843,gmm_high_20260813_0049,gmm,high,44.082,51.08601425176362,7.004014251763621,7.004014251763621,10.0,False
random_forest,28,20260843,gmm_high_20260813_0079,gmm,high,78.97833333333332,45.8415908628748,-33.13674247045852,33.13674247045852,16.0,False
random_forest,28,20260843,gmm_low_20260813_0012,gmm,low,24.410666666666668,25.499968923280438,1.0893022566137702,1.0893022566137702,34.0,False
random_forest,28,20260843,gmm_low_20260813_0036,gmm,low,25.197,25.63606654805997,0.43906654805996936,0.43906654805996936,32.0,False
random_forest,28,20260843,gmm_low_20260813_0072,gmm,low,24.93733333333333,25.505554014550256,0.5682206812169248,0.5682206812169248,33.0,False
random_forest,28,20260843,gmm_medium_20260813_0010,gmm,medium,28.833666666666662,31.925371063492015,3.091704396825353,3.091704396825353,20.0,False
random_forest,28,20260843,gmm_medium_20260813_0077,gmm,medium,28.415,29.449394501763667,1.0343945017636678,1.0343945017636678,24.0,False
random_forest,28,20260843,gmm_medium_20260813_0102,gmm,medium,33.226,31.266412889329796,-1.9595871106702027,1.9595871106702027,22.0,False
random_forest,28,20260843,lhs_critical_20260813_0036,lhs,critical,52.37566666666667,61.84766627998239,9.471999613315724,9.471999613315724,2.0,True
random_forest,28,20260843,lhs_critical_20260813_0055,lhs,critical,50.272,50.49134653483245,0.2193465348324537,0.2193465348324537,11.0,False
random_forest,28,20260843,lhs_critical_20260813_0101,lhs,critical,48.968,57.90486281128746,8.936862811287455,8.936862811287455,4.0,True
random_forest,28,20260843,lhs_high_20260813_0024,lhs,high,50.318666666666665,43.9672557292769,-6.351410937389765,6.351410937389765,18.0,False
random_forest,28,20260843,lhs_high_20260813_0077,lhs,high,44.736,50.22948284567906,5.493482845679061,5.493482845679061,12.0,False
random_forest,28,20260843,lhs_high_20260813_0106,lhs,high,51.74733333333334,52.53750904894178,0.7901757156084415,0.7901757156084415,8.0,True
random_forest,28,20260843,lhs_low_20260813_0010,lhs,low,25.866333333333333,25.8410689686949,-0.025264364638434955,0.025264364638434955,30.0,False
random_forest,28,20260843,lhs_low_20260813_0077,lhs,low,24.584666666666667,26.30515046957673,1.7204838029100635,1.7204838029100635,28.0,False
random_forest,28,20260843,lhs_low_20260813_0128,lhs,low,24.47433333333333,25.703824976190493,1.2294916428571625,1.2294916428571625,31.0,False
random_forest,28,20260843,lhs_medium_20260813_0026,lhs,medium,28.41333333333333,28.682576410493827,0.2692430771604961,0.2692430771604961,26.0,False
random_forest,28,20260843,lhs_medium_20260813_0041,lhs,medium,30.77,31.734996033509713,0.9649960335097134,0.9649960335097134,21.0,False
random_forest,28,20260843,lhs_medium_20260813_0110,lhs,medium,32.588,34.05806020767192,1.4700602076719207,1.4700602076719207,19.0,False
ridge,28,20260843,cvae_critical_20260813_0030,cvae,critical,46.97633333333333,60.48982231114819,13.513488977814859,13.513488977814859,4.0,True
ridge,28,20260843,cvae_critical_20260813_0042,cvae,critical,48.01533333333333,55.4111984194096,7.39586508607627,7.39586508607627,6.0,True
ridge,28,20260843,cvae_critical_20260813_0046,cvae,critical,53.062333333333335,59.06678141124065,6.004448077907313,6.004448077907313,5.0,True
ridge,28,20260843,cvae_high_20260813_0033,cvae,high,45.74666666666666,48.99522066038046,3.2485539937137986,3.2485539937137986,11.0,False
ridge,28,20260843,cvae_high_20260813_0043,cvae,high,40.77,44.88729420215405,4.117294202154049,4.117294202154049,14.0,False
ridge,28,20260843,cvae_high_20260813_0067,cvae,high,42.74,39.69123065398381,-3.0487693460161935,3.0487693460161935,17.0,False
ridge,28,20260843,cvae_low_20260813_0001,cvae,low,25.207666666666668,25.63422450796544,0.42655784129877006,0.42655784129877006,30.0,False
ridge,28,20260843,cvae_low_20260813_0034,cvae,low,24.413666666666668,18.609650382745933,-5.804016283920735,5.804016283920735,32.0,False
ridge,28,20260843,cvae_low_20260813_0115,cvae,low,23.761666666666667,23.851076490096627,0.08940982342996051,0.08940982342996051,31.0,False
ridge,28,20260843,cvae_medium_20260813_0061,cvae,medium,26.52133333333333,31.087160631112173,4.565827297778842,4.565827297778842,24.0,False
ridge,28,20260843,cvae_medium_20260813_0082,cvae,medium,28.422666666666668,30.669200606560736,2.246533939894068,2.246533939894068,25.0,False
ridge,28,20260843,cvae_medium_20260813_0103,cvae,medium,27.532333333333334,33.75513469292802,6.222801359594683,6.222801359594683,23.0,False
ridge,28,20260843,gmm_critical_20260813_0004,gmm,critical,85.42566666666667,50.10307677475072,-35.32258989191595,35.32258989191595,10.0,False
ridge,28,20260843,gmm_critical_20260813_0067,gmm,critical,79.342,48.78984428650904,-30.55215571349096,30.55215571349096,12.0,False
ridge,28,20260843,gmm_critical_20260813_0072,gmm,critical,46.531,65.06228591670494,18.531285916704938,18.531285916704938,2.0,True
ridge,28,20260843,gmm_high_20260813_0005,gmm,high,44.719,50.58843975528259,5.869439755282592,5.869439755282592,8.0,True
ridge,28,20260843,gmm_high_20260813_0049,gmm,high,44.082,37.24573316175141,-6.836266838248591,6.836266838248591,19.0,False
ridge,28,20260843,gmm_high_20260813_0079,gmm,high,78.97833333333332,47.371421747747675,-31.60691158558565,31.60691158558565,13.0,False
ridge,28,20260843,gmm_low_20260813_0012,gmm,low,24.410666666666668,30.658522881259252,6.247856214592584,6.247856214592584,26.0,False
ridge,28,20260843,gmm_low_20260813_0036,gmm,low,25.197,29.020751654308604,3.823751654308605,3.823751654308605,27.0,False
ridge,28,20260843,gmm_low_20260813_0072,gmm,low,24.93733333333333,17.277207276639317,-7.660126056694015,7.660126056694015,33.0,False
ridge,28,20260843,gmm_medium_20260813_0010,gmm,medium,28.833666666666662,34.770675215173256,5.9370085485065935,5.9370085485065935,22.0,False
ridge,28,20260843,gmm_medium_20260813_0077,gmm,medium,28.415,50.391356047037334,21.976356047037335,21.976356047037335,9.0,True
ridge,28,20260843,gmm_medium_20260813_0102,gmm,medium,33.226,42.40859957183717,9.182599571837173,9.182599571837173,15.0,False
ridge,28,20260843,lhs_critical_20260813_0036,lhs,critical,52.37566666666667,67.38421039112367,15.008543724457006,15.008543724457006,1.0,True
ridge,28,20260843,lhs_critical_20260813_0055,lhs,critical,50.272,52.798280577766995,2.5262805777669968,2.5262805777669968,7.0,True
ridge,28,20260843,lhs_critical_20260813_0101,lhs,critical,48.968,62.14635850477559,13.178358504775588,13.178358504775588,3.0,True
ridge,28,20260843,lhs_high_20260813_0024,lhs,high,50.318666666666665,36.96969632866105,-13.348970338005614,13.348970338005614,20.0,False
ridge,28,20260843,lhs_high_20260813_0077,lhs,high,44.736,39.239744093982885,-5.496255906017112,5.496255906017112,18.0,False
ridge,28,20260843,lhs_high_20260813_0106,lhs,high,51.74733333333334,39.82062228380441,-11.926711049528926,11.926711049528926,16.0,False
ridge,28,20260843,lhs_low_20260813_0010,lhs,low,25.866333333333333,10.342951411120445,-15.523381922212888,15.523381922212888,36.0,False
ridge,28,20260843,lhs_low_20260813_0077,lhs,low,24.584666666666667,26.259900649283082,1.6752339826164153,1.6752339826164153,29.0,False
ridge,28,20260843,lhs_low_20260813_0128,lhs,low,24.47433333333333,16.856402905422637,-7.617930427910693,7.617930427910693,35.0,False
ridge,28,20260843,lhs_medium_20260813_0026,lhs,medium,28.41333333333333,27.916390769466986,-0.4969425638663445,0.4969425638663445,28.0,False
ridge,28,20260843,lhs_medium_20260813_0041,lhs,medium,30.77,17.07828904806746,-13.691710951932539,13.691710951932539,34.0,False
ridge,28,20260843,lhs_medium_20260813_0110,lhs,medium,32.588,36.645007258748166,4.057007258748165,4.057007258748165,21.0,False
random_forest,29,20260844,cvae_critical_20260813_0030,cvae,critical,46.97633333333333,57.81372992857143,10.837396595238104,10.837396595238104,4.0,True
random_forest,29,20260844,cvae_critical_20260813_0042,cvae,critical,48.01533333333333,54.87297556084656,6.857642227513232,6.857642227513232,7.0,True
random_forest,29,20260844,cvae_critical_20260813_0046,cvae,critical,53.062333333333335,59.82215710714285,6.759823773809515,6.759823773809515,3.0,True
random_forest,29,20260844,cvae_high_20260813_0033,cvae,high,45.74666666666666,52.034777358465604,6.288110691798941,6.288110691798941,10.0,False
random_forest,29,20260844,cvae_high_20260813_0043,cvae,high,40.77,46.76632648544972,5.996326485449714,5.996326485449714,15.0,False
random_forest,29,20260844,cvae_high_20260813_0067,cvae,high,42.74,45.43751995634921,2.697519956349211,2.697519956349211,16.0,False
random_forest,29,20260844,cvae_low_20260813_0001,cvae,low,25.207666666666668,25.731514548941806,0.5238478822751382,0.5238478822751382,29.0,False
random_forest,29,20260844,cvae_low_20260813_0034,cvae,low,24.413666666666668,24.71495108156966,0.30128441490299096,0.30128441490299096,36.0,False
random_forest,29,20260844,cvae_low_20260813_0115,cvae,low,23.761666666666667,24.887544050264594,1.1258773835979277,1.1258773835979277,34.0,False
random_forest,29,20260844,cvae_medium_20260813_0061,cvae,medium,26.52133333333333,29.125307419312175,2.6039740859788445,2.6039740859788445,25.0,False
random_forest,29,20260844,cvae_medium_20260813_0082,cvae,medium,28.422666666666668,28.505659012786637,0.08299234611996908,0.08299234611996908,26.0,False
random_forest,29,20260844,cvae_medium_20260813_0103,cvae,medium,27.532333333333334,28.441806468775038,0.9094731354417043,0.9094731354417043,27.0,False
random_forest,29,20260844,gmm_critical_20260813_0004,gmm,critical,85.42566666666667,51.39809422619045,-34.02757244047622,34.02757244047622,11.0,False
random_forest,29,20260844,gmm_critical_20260813_0067,gmm,critical,79.342,56.14240652248671,-23.19959347751329,23.19959347751329,5.0,True
random_forest,29,20260844,gmm_critical_20260813_0072,gmm,critical,46.531,59.96534719708996,13.434347197089963,13.434347197089963,2.0,True
random_forest,29,20260844,gmm_high_20260813_0005,gmm,high,44.719,44.735910406084614,0.01691040608461236,0.01691040608461236,17.0,False
random_forest,29,20260844,gmm_high_20260813_0049,gmm,high,44.082,53.18498842063493,9.10298842063493,9.10298842063493,9.0,True
random_forest,29,20260844,gmm_high_20260813_0079,gmm,high,78.97833333333332,47.0930076865079,-31.88532564682542,31.88532564682542,14.0,False
random_forest,29,20260844,gmm_low_20260813_0012,gmm,low,24.410666666666668,25.347819129629638,0.9371524629629704,0.9371524629629704,33.0,False
random_forest,29,20260844,gmm_low_20260813_0036,gmm,low,25.197,25.382887453703738,0.18588745370373871,0.18588745370373871,32.0,False
random_forest,29,20260844,gmm_low_20260813_0072,gmm,low,24.93733333333333,25.671472621693088,0.7341392883597564,0.7341392883597564,30.0,False
random_forest,29,20260844,gmm_medium_20260813_0010,gmm,medium,28.833666666666662,30.60165539021163,1.767988723544967,1.767988723544967,21.0,False
random_forest,29,20260844,gmm_medium_20260813_0077,gmm,medium,28.415,29.715608218775014,1.3006082187750145,1.3006082187750145,22.0,False
random_forest,29,20260844,gmm_medium_20260813_0102,gmm,medium,33.226,29.57337678439153,-3.652623215608468,3.652623215608468,23.0,False
random_forest,29,20260844,lhs_critical_20260813_0036,lhs,critical,52.37566666666667,53.769089222222156,1.3934225555554889,1.3934225555554889,8.0,True
random_forest,29,20260844,lhs_critical_20260813_0055,lhs,critical,50.272,60.146472480158685,9.874472480158687,9.874472480158687,1.0,True
random_forest,29,20260844,lhs_critical_20260813_0101,lhs,critical,48.968,55.85675484788359,6.88875484788359,6.88875484788359,6.0,True
random_forest,29,20260844,lhs_high_20260813_0024,lhs,high,50.318666666666665,48.501744203703716,-1.8169224629629497,1.8169224629629497,13.0,False
random_forest,29,20260844,lhs_high_20260813_0077,lhs,high,44.736,44.63650547089945,-0.09949452910054646,0.09949452910054646,18.0,False
random_forest,29,20260844,lhs_high_20260813_0106,lhs,high,51.74733333333334,51.27369612698408,-0.47363720634925954,0.47363720634925954,12.0,False
random_forest,29,20260844,lhs_low_20260813_0010,lhs,low,25.866333333333333,25.433824070105803,-0.43250926322753,0.43250926322753,31.0,False
random_forest,29,20260844,lhs_low_20260813_0077,lhs,low,24.584666666666667,25.937067566137568,1.3524008994709007,1.3524008994709007,28.0,False
random_forest,29,20260844,lhs_low_20260813_0128,lhs,low,24.47433333333333,24.811605068783106,0.3372717354497752,0.3372717354497752,35.0,False
random_forest,29,20260844,lhs_medium_20260813_0026,lhs,medium,28.41333333333333,29.191766242063512,0.7784329087301813,0.7784329087301813,24.0,False
random_forest,29,20260844,lhs_medium_20260813_0041,lhs,medium,30.77,31.156448515873016,0.3864485158730169,0.3864485158730169,20.0,False
random_forest,29,20260844,lhs_medium_20260813_0110,lhs,medium,32.588,33.180997946649,0.5929979466489996,0.5929979466489996,19.0,False
ridge,29,20260844,cvae_critical_20260813_0030,cvae,critical,46.97633333333333,52.83490892757459,5.858575594241259,5.858575594241259,10.0,False
ridge,29,20260844,cvae_critical_20260813_0042,cvae,critical,48.01533333333333,63.033003241333354,15.017669908000023,15.017669908000023,3.0,True
ridge,29,20260844,cvae_critical_20260813_0046,cvae,critical,53.062333333333335,62.083901547786546,9.021568214453211,9.021568214453211,5.0,True
ridge,29,20260844,cvae_high_20260813_0033,cvae,high,45.74666666666666,55.49125683248027,9.744590165813605,9.744590165813605,7.0,True
ridge,29,20260844,cvae_high_20260813_0043,cvae,high,40.77,41.18439891300309,0.4143989130030903,0.4143989130030903,18.0,False
ridge,29,20260844,cvae_high_20260813_0067,cvae,high,42.74,46.39451753443115,3.6545175344311502,3.6545175344311502,14.0,False
ridge,29,20260844,cvae_low_20260813_0001,cvae,low,25.207666666666668,25.915279809315738,0.7076131426490697,0.7076131426490697,28.0,False
ridge,29,20260844,cvae_low_20260813_0034,cvae,low,24.413666666666668,14.147500905151048,-10.26616576151562,10.26616576151562,34.0,False
ridge,29,20260844,cvae_low_20260813_0115,cvae,low,23.761666666666667,24.185132601477108,0.4234659348104408,0.4234659348104408,29.0,False
ridge,29,20260844,cvae_medium_20260813_0061,cvae,medium,26.52133333333333,32.86466187767717,6.343328544343841,6.343328544343841,24.0,False
ridge,29,20260844,cvae_medium_20260813_0082,cvae,medium,28.422666666666668,28.15740215010139,-0.26526451656527783,0.26526451656527783,26.0,False
ridge,29,20260844,cvae_medium_20260813_0103,cvae,medium,27.532333333333334,32.712630832041484,5.18029749870815,5.18029749870815,25.0,False
ridge,29,20260844,gmm_critical_20260813_0004,gmm,critical,85.42566666666667,44.23698160168986,-41.18868506497681,41.18868506497681,16.0,False
ridge,29,20260844,gmm_critical_20260813_0067,gmm,critical,79.342,51.461177018430845,-27.880822981569153,27.880822981569153,11.0,False
ridge,29,20260844,gmm_critical_20260813_0072,gmm,critical,46.531,61.10047878554718,14.569478785547183,14.569478785547183,6.0,True
ridge,29,20260844,gmm_high_20260813_0005,gmm,high,44.719,49.64409133666604,4.925091336666036,4.925091336666036,12.0,False
ridge,29,20260844,gmm_high_20260813_0049,gmm,high,44.082,69.22832099683818,25.146320996838178,25.146320996838178,1.0,True
ridge,29,20260844,gmm_high_20260813_0079,gmm,high,78.97833333333332,42.70259624021574,-36.275737093117584,36.275737093117584,17.0,False
ridge,29,20260844,gmm_low_20260813_0012,gmm,low,24.410666666666668,23.089584916279442,-1.3210817503872256,1.3210817503872256,31.0,False
ridge,29,20260844,gmm_low_20260813_0036,gmm,low,25.197,19.347711260587985,-5.849288739412014,5.849288739412014,33.0,False
ridge,29,20260844,gmm_low_20260813_0072,gmm,low,24.93733333333333,9.690078806246241,-15.24725452708709,15.24725452708709,35.0,False
ridge,29,20260844,gmm_medium_20260813_0010,gmm,medium,28.833666666666662,37.215066053016784,8.381399386350122,8.381399386350122,21.0,False
ridge,29,20260844,gmm_medium_20260813_0077,gmm,medium,28.415,47.816576819868565,19.401576819868566,19.401576819868566,13.0,False
ridge,29,20260844,gmm_medium_20260813_0102,gmm,medium,33.226,36.65774534829379,3.431745348293788,3.431745348293788,22.0,False
ridge,29,20260844,lhs_critical_20260813_0036,lhs,critical,52.37566666666667,62.51313113143775,10.137464464771085,10.137464464771085,4.0,True
ridge,29,20260844,lhs_critical_20260813_0055,lhs,critical,50.272,53.95840568755442,3.6864056875544193,3.6864056875544193,8.0,True
ridge,29,20260844,lhs_critical_20260813_0101,lhs,critical,48.968,65.0600961440995,16.0920961440995,16.0920961440995,2.0,True
ridge,29,20260844,lhs_high_20260813_0024,lhs,high,50.318666666666665,52.842526892949515,2.5238602262828493,2.5238602262828493,9.0,True
ridge,29,20260844,lhs_high_20260813_0077,lhs,high,44.736,40.54752796271468,-4.188472037285315,4.188472037285315,19.0,False
ridge,29,20260844,lhs_high_20260813_0106,lhs,high,51.74733333333334,44.46133889931644,-7.285994434016899,7.285994434016899,15.0,False
ridge,29,20260844,lhs_low_20260813_0010,lhs,low,25.866333333333333,7.629832589831402,-18.23650074350193,18.23650074350193,36.0,False
ridge,29,20260844,lhs_low_20260813_0077,lhs,low,24.584666666666667,26.731971765899058,2.1473050992323905,2.1473050992323905,27.0,False
ridge,29,20260844,lhs_low_20260813_0128,lhs,low,24.47433333333333,19.846763186611973,-4.627570146721357,4.627570146721357,32.0,False
ridge,29,20260844,lhs_medium_20260813_0026,lhs,medium,28.41333333333333,37.71918361051029,9.305850277176962,9.305850277176962,20.0,False
ridge,29,20260844,lhs_medium_20260813_0041,lhs,medium,30.77,23.271661355484074,-7.4983386445159255,7.4983386445159255,30.0,False
ridge,29,20260844,lhs_medium_20260813_0110,lhs,medium,32.588,33.98687552048928,1.3988755204892769,1.3988755204892769,23.0,False
random_forest,30,20260845,cvae_critical_20260813_0030,cvae,critical,46.97633333333333,56.76544763359786,9.78911430026453,9.78911430026453,4.0,True
random_forest,30,20260845,cvae_critical_20260813_0042,cvae,critical,48.01533333333333,54.491954709876495,6.476621376543164,6.476621376543164,6.0,True
random_forest,30,20260845,cvae_critical_20260813_0046,cvae,critical,53.062333333333335,51.13064145282183,-1.931691880511508,1.931691880511508,12.0,False
random_forest,30,20260845,cvae_high_20260813_0033,cvae,high,45.74666666666666,45.57916507142855,-0.16750159523811448,0.16750159523811448,18.0,False
random_forest,30,20260845,cvae_high_20260813_0043,cvae,high,40.77,51.474587289241605,10.704587289241601,10.704587289241601,10.0,False
random_forest,30,20260845,cvae_high_20260813_0067,cvae,high,42.74,48.45262542372129,5.712625423721285,5.712625423721285,16.0,False
random_forest,30,20260845,cvae_low_20260813_0001,cvae,low,25.207666666666668,25.14907946825396,-0.05858719841270954,0.05858719841270954,33.0,False
random_forest,30,20260845,cvae_low_20260813_0034,cvae,low,24.413666666666668,24.703411821869505,0.28974515520283717,0.28974515520283717,36.0,False
random_forest,30,20260845,cvae_low_20260813_0115,cvae,low,23.761666666666667,24.890921628306913,1.129254961640246,1.129254961640246,35.0,False
random_forest,30,20260845,cvae_medium_20260813_0061,cvae,medium,26.52133333333333,28.511501015872994,1.9901676825396635,1.9901676825396635,26.0,False
random_forest,30,20260845,cvae_medium_20260813_0082,cvae,medium,28.422666666666668,30.06862663227513,1.645959965608462,1.645959965608462,23.0,False
random_forest,30,20260845,cvae_medium_20260813_0103,cvae,medium,27.532333333333334,28.443035244708984,0.91070191137565,0.91070191137565,27.0,False
random_forest,30,20260845,gmm_critical_20260813_0004,gmm,critical,85.42566666666667,51.041495952821826,-34.384170713844846,34.384170713844846,13.0,False
random_forest,30,20260845,gmm_critical_20260813_0067,gmm,critical,79.342,53.46162964153436,-25.88037035846564,25.88037035846564,7.0,True
random_forest,30,20260845,gmm_critical_20260813_0072,gmm,critical,46.531,58.16816126058198,11.637161260581983,11.637161260581983,1.0,True
random_forest,30,20260845,gmm_high_20260813_0005,gmm,high,44.719,47.516385645943494,2.7973856459434927,2.7973856459434927,17.0,False
random_forest,30,20260845,gmm_high_20260813_0049,gmm,high,44.082,54.85115647971781,10.769156479717807,10.769156479717807,5.0,True
random_forest,30,20260845,gmm_high_20260813_0079,gmm,high,78.97833333333332,50.35103294179892,-28.627300391534405,28.627300391534405,14.0,False
random_forest,30,20260845,gmm_low_20260813_0012,gmm,low,24.410666666666668,25.144592529100553,0.7339258624338854,0.7339258624338854,34.0,False
random_forest,30,20260845,gmm_low_20260813_0036,gmm,low,25.197,25.70918745502645,0.5121874550264494,0.5121874550264494,28.0,False
random_forest,30,20260845,gmm_low_20260813_0072,gmm,low,24.93733333333333,25.358784615079394,0.4214512817460623,0.4214512817460623,31.0,False
random_forest,30,20260845,gmm_medium_20260813_0010,gmm,medium,28.833666666666662,31.974015218694902,3.1403485520282395,3.1403485520282395,21.0,False
random_forest,30,20260845,gmm_medium_20260813_0077,gmm,medium,28.415,29.261823198412674,0.8468231984126753,0.8468231984126753,25.0,False
random_forest,30,20260845,gmm_medium_20260813_0102,gmm,medium,33.226,31.08394729894176,-2.1420527010582404,2.1420527010582404,22.0,False
random_forest,30,20260845,lhs_critical_20260813_0036,lhs,critical,52.37566666666667,52.964309914021165,0.5886432473544971,0.5886432473544971,9.0,True
random_forest,30,20260845,lhs_critical_20260813_0055,lhs,critical,50.272,57.37187922222222,7.099879222222221,7.099879222222221,2.0,True
random_forest,30,20260845,lhs_critical_20260813_0101,lhs,critical,48.968,57.31176478130505,8.343764781305048,8.343764781305048,3.0,True
random_forest,30,20260845,lhs_high_20260813_0024,lhs,high,50.318666666666665,53.30828783818344,2.9896211715167738,2.9896211715167738,8.0,True
random_forest,30,20260845,lhs_high_20260813_0077,lhs,high,44.736,51.18244217151671,6.446442171516715,6.446442171516715,11.0,False
random_forest,30,20260845,lhs_high_20260813_0106,lhs,high,51.74733333333334,49.97072007936506,-1.7766132539682786,1.7766132539682786,15.0,False
random_forest,30,20260845,lhs_low_20260813_0010,lhs,low,25.866333333333333,25.510603972222253,-0.3557293611110808,0.3557293611110808,30.0,False
random_forest,30,20260845,lhs_low_20260813_0077,lhs,low,24.584666666666667,25.66744868650795,1.0827820198412823,1.0827820198412823,29.0,False
random_forest,30,20260845,lhs_low_20260813_0128,lhs,low,24.47433333333333,25.239707597883594,0.7653742645502639,0.7653742645502639,32.0,False
random_forest,30,20260845,lhs_medium_20260813_0026,lhs,medium,28.41333333333333,29.514899150793664,1.101565817460333,1.101565817460333,24.0,False
random_forest,30,20260845,lhs_medium_20260813_0041,lhs,medium,30.77,33.91368570767196,3.1436857076719598,3.1436857076719598,19.0,False
random_forest,30,20260845,lhs_medium_20260813_0110,lhs,medium,32.588,32.58892537962961,0.000925379629606482,0.000925379629606482,20.0,False
ridge,30,20260845,cvae_critical_20260813_0030,cvae,critical,46.97633333333333,56.742172569399756,9.765839236066427,9.765839236066427,4.0,True
ridge,30,20260845,cvae_critical_20260813_0042,cvae,critical,48.01533333333333,55.691460770531634,7.6761274371983035,7.6761274371983035,5.0,True
ridge,30,20260845,cvae_critical_20260813_0046,cvae,critical,53.062333333333335,50.83398050890733,-2.228352824426004,2.228352824426004,11.0,False
ridge,30,20260845,cvae_high_20260813_0033,cvae,high,45.74666666666666,51.5513210517623,5.804654385095638,5.804654385095638,9.0,True
ridge,30,20260845,cvae_high_20260813_0043,cvae,high,40.77,44.42273358758537,3.6527335875853666,3.6527335875853666,15.0,False
ridge,30,20260845,cvae_high_20260813_0067,cvae,high,42.74,46.28312568983716,3.5431256898371615,3.5431256898371615,13.0,False
ridge,30,20260845,cvae_low_20260813_0001,cvae,low,25.207666666666668,27.884292230982545,2.676625564315877,2.676625564315877,26.0,False
ridge,30,20260845,cvae_low_20260813_0034,cvae,low,24.413666666666668,21.00011766531764,-3.413549001349029,3.413549001349029,32.0,False
ridge,30,20260845,cvae_low_20260813_0115,cvae,low,23.761666666666667,23.568375627839853,-0.1932910388268141,0.1932910388268141,29.0,False
ridge,30,20260845,cvae_medium_20260813_0061,cvae,medium,26.52133333333333,27.84405921584298,1.3227258825096477,1.3227258825096477,27.0,False
ridge,30,20260845,cvae_medium_20260813_0082,cvae,medium,28.422666666666668,36.57569960955602,8.15303294288935,8.15303294288935,22.0,False
ridge,30,20260845,cvae_medium_20260813_0103,cvae,medium,27.532333333333334,33.544695208605404,6.01236187527207,6.01236187527207,24.0,False
ridge,30,20260845,gmm_critical_20260813_0004,gmm,critical,85.42566666666667,44.087485630738826,-41.338181035927846,41.338181035927846,16.0,False
ridge,30,20260845,gmm_critical_20260813_0067,gmm,critical,79.342,51.18557793391864,-28.156422066081362,28.156422066081362,10.0,False
ridge,30,20260845,gmm_critical_20260813_0072,gmm,critical,46.531,61.454064238421644,14.923064238421645,14.923064238421645,1.0,True
ridge,30,20260845,gmm_high_20260813_0005,gmm,high,44.719,52.282727879269586,7.563727879269585,7.563727879269585,7.0,True
ridge,30,20260845,gmm_high_20260813_0049,gmm,high,44.082,58.87910536944795,14.797105369447948,14.797105369447948,2.0,True
ridge,30,20260845,gmm_high_20260813_0079,gmm,high,78.97833333333332,43.676225037900345,-35.30210829543298,35.30210829543298,17.0,False
ridge,30,20260845,gmm_low_20260813_0012,gmm,low,24.410666666666668,22.765350319170544,-1.6453163474961237,1.6453163474961237,30.0,False
ridge,30,20260845,gmm_low_20260813_0036,gmm,low,25.197,18.444668598586937,-6.752331401413063,6.752331401413063,33.0,False
ridge,30,20260845,gmm_low_20260813_0072,gmm,low,24.93733333333333,16.272807222299743,-8.664526111033588,8.664526111033588,34.0,False
ridge,30,20260845,gmm_medium_20260813_0010,gmm,medium,28.833666666666662,37.22964680647362,8.395980139806955,8.395980139806955,20.0,False
ridge,30,20260845,gmm_medium_20260813_0077,gmm,medium,28.415,41.86761649661144,13.45261649661144,13.45261649661144,18.0,False
ridge,30,20260845,gmm_medium_20260813_0102,gmm,medium,33.226,30.11744508869487,-3.1085549113051307,3.1085549113051307,25.0,False
ridge,30,20260845,lhs_critical_20260813_0036,lhs,critical,52.37566666666667,48.09634622833973,-4.279320438326934,4.279320438326934,12.0,False
ridge,30,20260845,lhs_critical_20260813_0055,lhs,critical,50.272,51.78309288657459,1.5110928865745947,1.5110928865745947,8.0,True
ridge,30,20260845,lhs_critical_20260813_0101,lhs,critical,48.968,58.538576152271744,9.570576152271741,9.570576152271741,3.0,True
ridge,30,20260845,lhs_high_20260813_0024,lhs,high,50.318666666666665,45.89968537316371,-4.418981293502952,4.418981293502952,14.0,False
ridge,30,20260845,lhs_high_20260813_0077,lhs,high,44.736,52.669101705191665,7.9331017051916675,7.9331017051916675,6.0,True
ridge,30,20260845,lhs_high_20260813_0106,lhs,high,51.74733333333334,38.895329660521966,-12.852003672811371,12.852003672811371,19.0,False
ridge,30,20260845,lhs_low_20260813_0010,lhs,low,25.866333333333333,13.436800228168636,-12.429533105164698,12.429533105164698,36.0,False
ridge,30,20260845,lhs_low_20260813_0077,lhs,low,24.584666666666667,34.46521252687275,9.88054586020608,9.88054586020608,23.0,False
ridge,30,20260845,lhs_low_20260813_0128,lhs,low,24.47433333333333,15.85380920123863,-8.620524132094701,8.620524132094701,35.0,False
ridge,30,20260845,lhs_medium_20260813_0026,lhs,medium,28.41333333333333,36.84290384798879,8.429570514655456,8.429570514655456,21.0,False
ridge,30,20260845,lhs_medium_20260813_0041,lhs,medium,30.77,21.69212962422924,-9.077870375770761,9.077870375770761,31.0,False
ridge,30,20260845,lhs_medium_20260813_0110,lhs,medium,32.588,25.34306465302261,-7.2449353469773925,7.2449353469773925,28.0,False
random_forest,31,20260846,cvae_critical_20260813_0030,cvae,critical,46.97633333333333,56.276170058200975,9.299836724867646,9.299836724867646,5.0,True
random_forest,31,20260846,cvae_critical_20260813_0042,cvae,critical,48.01533333333333,60.281304044532654,12.265970711199323,12.265970711199323,3.0,True
random_forest,31,20260846,cvae_critical_20260813_0046,cvae,critical,53.062333333333335,50.780400459435626,-2.281932873897709,2.281932873897709,10.0,False
random_forest,31,20260846,cvae_high_20260813_0033,cvae,high,45.74666666666666,45.10569689021161,-0.6409697764550515,0.6409697764550515,16.0,False
random_forest,31,20260846,cvae_high_20260813_0043,cvae,high,40.77,46.92063919973542,6.150639199735416,6.150639199735416,15.0,False
random_forest,31,20260846,cvae_high_20260813_0067,cvae,high,42.74,47.25409684744265,4.5140968474426515,4.5140968474426515,14.0,False
random_forest,31,20260846,cvae_low_20260813_0001,cvae,low,25.207666666666668,25.10121096957671,-0.1064556970899595,0.1064556970899595,34.0,False
random_forest,31,20260846,cvae_low_20260813_0034,cvae,low,24.413666666666668,24.850613284391567,0.4369466177248995,0.4369466177248995,35.0,False
random_forest,31,20260846,cvae_low_20260813_0115,cvae,low,23.761666666666667,24.724570603174644,0.9629039365079777,0.9629039365079777,36.0,False
random_forest,31,20260846,cvae_medium_20260813_0061,cvae,medium,26.52133333333333,29.519202220899466,2.997868887566135,2.997868887566135,26.0,False
random_forest,31,20260846,cvae_medium_20260813_0082,cvae,medium,28.422666666666668,29.84076880146704,1.418102134800371,1.418102134800371,25.0,False
random_forest,31,20260846,cvae_medium_20260813_0103,cvae,medium,27.532333333333334,28.09173100661373,0.5593976732803974,0.5593976732803974,27.0,False
random_forest,31,20260846,gmm_critical_20260813_0004,gmm,critical,85.42566666666667,51.238323110229274,-34.1873435564374,34.1873435564374,8.0,True
random_forest,31,20260846,gmm_critical_20260813_0067,gmm,critical,79.342,54.83900144047613,-24.502998559523867,24.502998559523867,6.0,True
random_forest,31,20260846,gmm_critical_20260813_0072,gmm,critical,46.531,61.932505237654304,15.401505237654305,15.401505237654305,2.0,True
random_forest,31,20260846,gmm_high_20260813_0005,gmm,high,44.719,45.04983001940032,0.33083001940031664,0.33083001940031664,17.0,False
random_forest,31,20260846,gmm_high_20260813_0049,gmm,high,44.082,50.78876215608466,6.7067621560846575,6.7067621560846575,9.0,True
random_forest,31,20260846,gmm_high_20260813_0079,gmm,high,78.97833333333332,47.53950245855377,-31.438830874779555,31.438830874779555,13.0,False
random_forest,31,20260846,gmm_low_20260813_0012,gmm,low,24.410666666666668,25.41512208201059,1.004455415343923,1.004455415343923,31.0,False
random_forest,31,20260846,gmm_low_20260813_0036,gmm,low,25.197,25.311780039682578,0.11478003968257866,0.11478003968257866,32.0,False
random_forest,31,20260846,gmm_low_20260813_0072,gmm,low,24.93733333333333,25.432139576719575,0.49480624338624324,0.49480624338624324,30.0,False
random_forest,31,20260846,gmm_medium_20260813_0010,gmm,medium,28.833666666666662,31.36077723853615,2.527110571869489,2.527110571869489,21.0,False
random_forest,31,20260846,gmm_medium_20260813_0077,gmm,medium,28.415,30.024165595117836,1.6091655951178367,1.6091655951178367,24.0,False
random_forest,31,20260846,gmm_medium_20260813_0102,gmm,medium,33.226,32.018027276454994,-1.207972723545005,1.207972723545005,20.0,False
random_forest,31,20260846,lhs_critical_20260813_0036,lhs,critical,52.37566666666667,62.04528920590827,9.669622539241601,9.669622539241601,1.0,True
random_forest,31,20260846,lhs_critical_20260813_0055,lhs,critical,50.272,58.422282008377415,8.150282008377417,8.150282008377417,4.0,True
random_forest,31,20260846,lhs_critical_20260813_0101,lhs,critical,48.968,54.486274278218715,5.518274278218712,5.518274278218712,7.0,True
random_forest,31,20260846,lhs_high_20260813_0024,lhs,high,50.318666666666665,48.693439539682515,-1.62522712698415,1.62522712698415,12.0,False
random_forest,31,20260846,lhs_high_20260813_0077,lhs,high,44.736,44.542908937830674,-0.19309106216932292,0.19309106216932292,18.0,False
random_forest,31,20260846,lhs_high_20260813_0106,lhs,high,51.74733333333334,50.57727110185184,-1.170062231481495,1.170062231481495,11.0,False
random_forest,31,20260846,lhs_low_20260813_0010,lhs,low,25.866333333333333,25.493652841269864,-0.37268049206346987,0.37268049206346987,28.0,False
random_forest,31,20260846,lhs_low_20260813_0077,lhs,low,24.584666666666667,25.48418510582012,0.8995184391534536,0.8995184391534536,29.0,False
random_forest,31,20260846,lhs_low_20260813_0128,lhs,low,24.47433333333333,25.17172414417988,0.6973908108465494,0.6973908108465494,33.0,False
random_forest,31,20260846,lhs_medium_20260813_0026,lhs,medium,28.41333333333333,30.079633359668115,1.6663000263347847,1.6663000263347847,23.0,False
random_forest,31,20260846,lhs_medium_20260813_0041,lhs,medium,30.77,30.87695965299825,0.10695965299824906,0.10695965299824906,22.0,False
random_forest,31,20260846,lhs_medium_20260813_0110,lhs,medium,32.588,34.11281872354496,1.5248187235449606,1.5248187235449606,19.0,False
ridge,31,20260846,cvae_critical_20260813_0030,cvae,critical,46.97633333333333,52.836311565686486,5.859978232353157,5.859978232353157,6.0,True
ridge,31,20260846,cvae_critical_20260813_0042,cvae,critical,48.01533333333333,63.301853895838676,15.286520562505345,15.286520562505345,3.0,True
ridge,31,20260846,cvae_critical_20260813_0046,cvae,critical,53.062333333333335,52.46283634760821,-0.5994969857251249,0.5994969857251249,7.0,True
ridge,31,20260846,cvae_high_20260813_0033,cvae,high,45.74666666666666,48.3061949953717,2.559528328705035,2.559528328705035,10.0,False
ridge,31,20260846,cvae_high_20260813_0043,cvae,high,40.77,43.90149891168762,3.131498911687615,3.131498911687615,17.0,False
ridge,31,20260846,cvae_high_20260813_0067,cvae,high,42.74,43.415605588719714,0.6756055887197121,0.6756055887197121,18.0,False
ridge,31,20260846,cvae_low_20260813_0001,cvae,low,25.207666666666668,30.766694019488472,5.559027352821804,5.559027352821804,25.0,False
ridge,31,20260846,cvae_low_20260813_0034,cvae,low,24.413666666666668,23.969418971553807,-0.44424769511286044,0.44424769511286044,30.0,False
ridge,31,20260846,cvae_low_20260813_0115,cvae,low,23.761666666666667,22.583677154357694,-1.1779895123089723,1.1779895123089723,32.0,False
ridge,31,20260846,cvae_medium_20260813_0061,cvae,medium,26.52133333333333,30.19336998541455,3.6720366520812178,3.6720366520812178,27.0,False
ridge,31,20260846,cvae_medium_20260813_0082,cvae,medium,28.422666666666668,30.691514448606195,2.2688477819395274,2.2688477819395274,26.0,False
ridge,31,20260846,cvae_medium_20260813_0103,cvae,medium,27.532333333333334,33.29112057520318,5.758787241869847,5.758787241869847,22.0,False
ridge,31,20260846,gmm_critical_20260813_0004,gmm,critical,85.42566666666667,48.14112501909072,-37.28454164757595,37.28454164757595,11.0,False
ridge,31,20260846,gmm_critical_20260813_0067,gmm,critical,79.342,50.86637229128682,-28.475627708713176,28.475627708713176,8.0,True
ridge,31,20260846,gmm_critical_20260813_0072,gmm,critical,46.531,64.05080963742803,17.519809637428033,17.519809637428033,2.0,True
ridge,31,20260846,gmm_high_20260813_0005,gmm,high,44.719,50.69848842520133,5.979488425201332,5.979488425201332,9.0,True
ridge,31,20260846,gmm_high_20260813_0049,gmm,high,44.082,45.745944426684495,1.6639444266844947,1.6639444266844947,14.0,False
ridge,31,20260846,gmm_high_20260813_0079,gmm,high,78.97833333333332,45.845720514779124,-33.1326128185542,33.1326128185542,13.0,False
ridge,31,20260846,gmm_low_20260813_0012,gmm,low,24.410666666666668,17.847023149552825,-6.563643517113842,6.563643517113842,33.0,False
ridge,31,20260846,gmm_low_20260813_0036,gmm,low,25.197,27.574868261081658,2.377868261081659,2.377868261081659,29.0,False
ridge,31,20260846,gmm_low_20260813_0072,gmm,low,24.93733333333333,9.670164959772926,-15.267168373560406,15.267168373560406,36.0,False
ridge,31,20260846,gmm_medium_20260813_0010,gmm,medium,28.833666666666662,31.713087278738364,2.8794206120717014,2.8794206120717014,24.0,False
ridge,31,20260846,gmm_medium_20260813_0077,gmm,medium,28.415,45.408740142874464,16.993740142874465,16.993740142874465,15.0,False
ridge,31,20260846,gmm_medium_20260813_0102,gmm,medium,33.226,39.98959715884827,6.76359715884827,6.76359715884827,19.0,False
ridge,31,20260846,lhs_critical_20260813_0036,lhs,critical,52.37566666666667,65.25886902052275,12.883202353856085,12.883202353856085,1.0,True
ridge,31,20260846,lhs_critical_20260813_0055,lhs,critical,50.272,59.953971420645914,9.681971420645915,9.681971420645915,4.0,True
ridge,31,20260846,lhs_critical_20260813_0101,lhs,critical,48.968,58.186774722085474,9.21877472208547,9.21877472208547,5.0,True
ridge,31,20260846,lhs_high_20260813_0024,lhs,high,50.318666666666665,44.599561343947066,-5.719105322719599,5.719105322719599,16.0,False
ridge,31,20260846,lhs_high_20260813_0077,lhs,high,44.736,34.25449150722206,-10.481508492777934,10.481508492777934,21.0,False
ridge,31,20260846,lhs_high_20260813_0106,lhs,high,51.74733333333334,46.069026793234656,-5.678306540098681,5.678306540098681,12.0,False
ridge,31,20260846,lhs_low_20260813_0010,lhs,low,25.866333333333333,12.86322562369962,-13.003107709633714,13.003107709633714,34.0,False
ridge,31,20260846,lhs_low_20260813_0077,lhs,low,24.584666666666667,23.49716566913437,-1.0875009975322953,1.0875009975322953,31.0,False
ridge,31,20260846,lhs_low_20260813_0128,lhs,low,24.47433333333333,11.096431175513857,-13.377902157819474,13.377902157819474,35.0,False
ridge,31,20260846,lhs_medium_20260813_0026,lhs,medium,28.41333333333333,28.767121840256237,0.353788506922907,0.353788506922907,28.0,False
ridge,31,20260846,lhs_medium_20260813_0041,lhs,medium,30.77,31.780411801808075,1.0104118018080754,1.0104118018080754,23.0,False
ridge,31,20260846,lhs_medium_20260813_0110,lhs,medium,32.588,35.06567701529072,2.477677015290716,2.477677015290716,20.0,False
random_forest,32,20260847,cvae_critical_20260813_0030,cvae,critical,46.97633333333333,54.79700745502643,7.820674121693102,7.820674121693102,5.0,True
random_forest,32,20260847,cvae_critical_20260813_0042,cvae,critical,48.01533333333333,56.045104294532614,8.029770961199283,8.029770961199283,4.0,True
random_forest,32,20260847,cvae_critical_20260813_0046,cvae,critical,53.062333333333335,60.820540432980515,7.75820709964718,7.75820709964718,1.0,True
random_forest,32,20260847,cvae_high_20260813_0033,cvae,high,45.74666666666666,50.64996156569663,4.903294899029966,4.903294899029966,13.0,False
random_forest,32,20260847,cvae_high_20260813_0043,cvae,high,40.77,50.96813999206348,10.198139992063474,10.198139992063474,12.0,False
random_forest,32,20260847,cvae_high_20260813_0067,cvae,high,42.74,44.635566214285696,1.8955662142856937,1.8955662142856937,18.0,False
random_forest,32,20260847,cvae_low_20260813_0001,cvae,low,25.207666666666668,24.86191078880073,-0.34575587786593687,0.34575587786593687,34.0,False
random_forest,32,20260847,cvae_low_20260813_0034,cvae,low,24.413666666666668,24.7993629642857,0.385696297619031,0.385696297619031,36.0,False
random_forest,32,20260847,cvae_low_20260813_0115,cvae,low,23.761666666666667,24.904557884920663,1.1428912182539968,1.1428912182539968,33.0,False
random_forest,32,20260847,cvae_medium_20260813_0061,cvae,medium,26.52133333333333,29.65595065873017,3.134617325396839,3.134617325396839,24.0,False
random_forest,32,20260847,cvae_medium_20260813_0082,cvae,medium,28.422666666666668,28.862210711199282,0.43954404453261375,0.43954404453261375,27.0,False
random_forest,32,20260847,cvae_medium_20260813_0103,cvae,medium,27.532333333333334,29.929582154761928,2.397248821428594,2.397248821428594,23.0,False
random_forest,32,20260847,gmm_critical_20260813_0004,gmm,critical,85.42566666666667,52.54443296428571,-32.88123370238096,32.88123370238096,10.0,False
random_forest,32,20260847,gmm_critical_20260813_0067,gmm,critical,79.342,54.53015197839505,-24.811848021604952,24.811848021604952,6.0,True
random_forest,32,20260847,gmm_critical_20260813_0072,gmm,critical,46.531,60.13934811816573,13.608348118165729,13.608348118165729,2.0,True
random_forest,32,20260847,gmm_high_20260813_0005,gmm,high,44.719,46.35648832804232,1.6374883280423163,1.6374883280423163,15.0,False
random_forest,32,20260847,gmm_high_20260813_0049,gmm,high,44.082,53.07861687566139,8.996616875661388,8.996616875661388,8.0,True
random_forest,32,20260847,gmm_high_20260813_0079,gmm,high,78.97833333333332,45.71142223544974,-33.266911097883586,33.266911097883586,16.0,False
random_forest,32,20260847,gmm_low_20260813_0012,gmm,low,24.410666666666668,25.467963305555532,1.0572966388888645,1.0572966388888645,31.0,False
random_forest,32,20260847,gmm_low_20260813_0036,gmm,low,25.197,25.43799138447974,0.24099138447974155,0.24099138447974155,32.0,False
random_forest,32,20260847,gmm_low_20260813_0072,gmm,low,24.93733333333333,25.479836325396835,0.542502992063504,0.542502992063504,30.0,False
random_forest,32,20260847,gmm_medium_20260813_0010,gmm,medium,28.833666666666662,31.157756678571427,2.324090011904765,2.324090011904765,20.0,False
random_forest,32,20260847,gmm_medium_20260813_0077,gmm,medium,28.415,29.05010861111109,0.6351086111110895,0.6351086111110895,26.0,False
random_forest,32,20260847,gmm_medium_20260813_0102,gmm,medium,33.226,30.30375022045855,-2.922249779541449,2.922249779541449,22.0,False
random_forest,32,20260847,lhs_critical_20260813_0036,lhs,critical,52.37566666666667,53.19921683333334,0.8235501666666707,0.8235501666666707,7.0,True
random_forest,32,20260847,lhs_critical_20260813_0055,lhs,critical,50.272,52.79650429629628,2.5245042962962785,2.5245042962962785,9.0,True
random_forest,32,20260847,lhs_critical_20260813_0101,lhs,critical,48.968,57.4964709775132,8.528470977513194,8.528470977513194,3.0,True
random_forest,32,20260847,lhs_high_20260813_0024,lhs,high,50.318666666666665,44.99398506084658,-5.324681605820082,5.324681605820082,17.0,False
random_forest,32,20260847,lhs_high_20260813_0077,lhs,high,44.736,49.611670452380935,4.8756704523809375,4.8756704523809375,14.0,False
random_forest,32,20260847,lhs_high_20260813_0106,lhs,high,51.74733333333334,51.75573583994708,0.008402506613741423,0.008402506613741423,11.0,False
random_forest,32,20260847,lhs_low_20260813_0010,lhs,low,25.866333333333333,25.862985713844818,-0.003347619488515363,0.003347619488515363,28.0,False
random_forest,32,20260847,lhs_low_20260813_0077,lhs,low,24.584666666666667,25.7151612420635,1.1304945753968312,1.1304945753968312,29.0,False
random_forest,32,20260847,lhs_low_20260813_0128,lhs,low,24.47433333333333,24.821692479276873,0.34735914594354256,0.34735914594354256,35.0,False
random_forest,32,20260847,lhs_medium_20260813_0026,lhs,medium,28.41333333333333,29.566403012786594,1.1530696794532638,1.1530696794532638,25.0,False
random_forest,32,20260847,lhs_medium_20260813_0041,lhs,medium,30.77,30.399263920194002,-0.3707360798059973,0.3707360798059973,21.0,False
random_forest,32,20260847,lhs_medium_20260813_0110,lhs,medium,32.588,31.7299212195767,-0.8580787804233019,0.8580787804233019,19.0,False
ridge,32,20260847,cvae_critical_20260813_0030,cvae,critical,46.97633333333333,62.07088142702496,15.094548093691628,15.094548093691628,3.0,True
ridge,32,20260847,cvae_critical_20260813_0042,cvae,critical,48.01533333333333,57.18577849205304,9.170445158719708,9.170445158719708,7.0,True
ridge,32,20260847,cvae_critical_20260813_0046,cvae,critical,53.062333333333335,61.961023846025526,8.898690512692191,8.898690512692191,4.0,True
ridge,32,20260847,cvae_high_20260813_0033,cvae,high,45.74666666666666,50.0543973010448,4.307730634378139,4.307730634378139,10.0,False
ridge,32,20260847,cvae_high_20260813_0043,cvae,high,40.77,47.10815546450845,6.338155464508446,6.338155464508446,12.0,False
ridge,32,20260847,cvae_high_20260813_0067,cvae,high,42.74,45.8334722859474,3.0934722859473993,3.0934722859473993,13.0,False
ridge,32,20260847,cvae_low_20260813_0001,cvae,low,25.207666666666668,26.224914056945487,1.0172473902788184,1.0172473902788184,29.0,False
ridge,32,20260847,cvae_low_20260813_0034,cvae,low,24.413666666666668,14.364270180177616,-10.049396486489051,10.049396486489051,35.0,False
ridge,32,20260847,cvae_low_20260813_0115,cvae,low,23.761666666666667,22.35123307933856,-1.4104335873281073,1.4104335873281073,32.0,False
ridge,32,20260847,cvae_medium_20260813_0061,cvae,medium,26.52133333333333,26.935761404677216,0.4144280713438846,0.4144280713438846,27.0,False
ridge,32,20260847,cvae_medium_20260813_0082,cvae,medium,28.422666666666668,31.206109985781517,2.7834433191148484,2.7834433191148484,23.0,False
ridge,32,20260847,cvae_medium_20260813_0103,cvae,medium,27.532333333333334,38.87085227128806,11.338518937954724,11.338518937954724,19.0,False
ridge,32,20260847,gmm_critical_20260813_0004,gmm,critical,85.42566666666667,42.2441470465389,-43.18151962012777,43.18151962012777,16.0,False
ridge,32,20260847,gmm_critical_20260813_0067,gmm,critical,79.342,51.75921827824361,-27.58278172175639,27.58278172175639,8.0,True
ridge,32,20260847,gmm_critical_20260813_0072,gmm,critical,46.531,61.42851513238213,14.897515132382132,14.897515132382132,5.0,True
ridge,32,20260847,gmm_high_20260813_0005,gmm,high,44.719,51.31453103678835,6.595531036788351,6.595531036788351,9.0,True
ridge,32,20260847,gmm_high_20260813_0049,gmm,high,44.082,68.15790260652676,24.07590260652676,24.07590260652676,1.0,True
ridge,32,20260847,gmm_high_20260813_0079,gmm,high,78.97833333333332,44.77391639432736,-34.20441693900597,34.20441693900597,14.0,False
ridge,32,20260847,gmm_low_20260813_0012,gmm,low,24.410666666666668,24.49882694143021,0.08816027476354193,0.08816027476354193,30.0,False
ridge,32,20260847,gmm_low_20260813_0036,gmm,low,25.197,29.131189323469872,3.934189323469873,3.934189323469873,25.0,False
ridge,32,20260847,gmm_low_20260813_0072,gmm,low,24.93733333333333,17.34687878808436,-7.590454545248971,7.590454545248971,34.0,False
ridge,32,20260847,gmm_medium_20260813_0010,gmm,medium,28.833666666666662,42.93689335027778,14.103226683611116,14.103226683611116,15.0,False
ridge,32,20260847,gmm_medium_20260813_0077,gmm,medium,28.415,33.93712260457112,5.522122604571123,5.522122604571123,21.0,False
ridge,32,20260847,gmm_medium_20260813_0102,gmm,medium,33.226,31.91747715149534,-1.3085228485046585,1.3085228485046585,22.0,False
ridge,32,20260847,lhs_critical_20260813_0036,lhs,critical,52.37566666666667,61.03125042005301,8.655583753386345,8.655583753386345,6.0,True
ridge,32,20260847,lhs_critical_20260813_0055,lhs,critical,50.272,47.45940958217032,-2.812590417829675,2.812590417829675,11.0,False
ridge,32,20260847,lhs_critical_20260813_0101,lhs,critical,48.968,62.29790647404172,13.329906474041714,13.329906474041714,2.0,True
ridge,32,20260847,lhs_high_20260813_0024,lhs,high,50.318666666666665,40.64185982296264,-9.676806843704028,9.676806843704028,17.0,False
ridge,32,20260847,lhs_high_20260813_0077,lhs,high,44.736,38.583186118789335,-6.152813881210662,6.152813881210662,20.0,False
ridge,32,20260847,lhs_high_20260813_0106,lhs,high,51.74733333333334,40.466807048965066,-11.280526284368271,11.280526284368271,18.0,False
ridge,32,20260847,lhs_low_20260813_0010,lhs,low,25.866333333333333,22.794324197207956,-3.072009136125377,3.072009136125377,31.0,False
ridge,32,20260847,lhs_low_20260813_0077,lhs,low,24.584666666666667,26.424686944172645,1.8400202775059782,1.8400202775059782,28.0,False
ridge,32,20260847,lhs_low_20260813_0128,lhs,low,24.47433333333333,10.67530570184854,-13.79902763148479,13.79902763148479,36.0,False
ridge,32,20260847,lhs_medium_20260813_0026,lhs,medium,28.41333333333333,28.957060969951772,0.543727636618442,0.543727636618442,26.0,False
ridge,32,20260847,lhs_medium_20260813_0041,lhs,medium,30.77,19.576343779388157,-11.193656220611842,11.193656220611842,33.0,False
ridge,32,20260847,lhs_medium_20260813_0110,lhs,medium,32.588,30.14933488555461,-2.438665114445392,2.438665114445392,24.0,False
random_forest,33,20260848,cvae_critical_20260813_0030,cvae,critical,46.97633333333333,56.667901860229286,9.691568526895956,9.691568526895956,4.0,True
random_forest,33,20260848,cvae_critical_20260813_0042,cvae,critical,48.01533333333333,56.45455661375658,8.43922328042325,8.43922328042325,5.0,True
random_forest,33,20260848,cvae_critical_20260813_0046,cvae,critical,53.062333333333335,50.92521202336853,-2.1371213099648045,2.1371213099648045,11.0,False
random_forest,33,20260848,cvae_high_20260813_0033,cvae,high,45.74666666666666,45.19677506393295,-0.549891602733716,0.549891602733716,17.0,False
random_forest,33,20260848,cvae_high_20260813_0043,cvae,high,40.77,50.98527428306881,10.215274283068808,10.215274283068808,10.0,False
random_forest,33,20260848,cvae_high_20260813_0067,cvae,high,42.74,46.80239237121216,4.062392371212155,4.062392371212155,15.0,False
random_forest,33,20260848,cvae_low_20260813_0001,cvae,low,25.207666666666668,24.978676662698426,-0.2289900039682422,0.2289900039682422,33.0,False
random_forest,33,20260848,cvae_low_20260813_0034,cvae,low,24.413666666666668,24.912937718254007,0.4992710515873391,0.4992710515873391,36.0,False
random_forest,33,20260848,cvae_low_20260813_0115,cvae,low,23.761666666666667,24.95761818201862,1.195951515351954,1.195951515351954,34.0,False
random_forest,33,20260848,cvae_medium_20260813_0061,cvae,medium,26.52133333333333,28.891390652116375,2.3700573187830436,2.3700573187830436,26.0,False
random_forest,33,20260848,cvae_medium_20260813_0082,cvae,medium,28.422666666666668,27.879393834656046,-0.5432728320106222,0.5432728320106222,27.0,False
random_forest,33,20260848,cvae_medium_20260813_0103,cvae,medium,27.532333333333334,29.493724362433827,1.9613910291004935,1.9613910291004935,24.0,False
random_forest,33,20260848,gmm_critical_20260813_0004,gmm,critical,85.42566666666667,51.343929618606644,-34.08173704806003,34.08173704806003,9.0,True
random_forest,33,20260848,gmm_critical_20260813_0067,gmm,critical,79.342,56.815298142857124,-22.526701857142875,22.526701857142875,3.0,True
random_forest,33,20260848,gmm_critical_20260813_0072,gmm,critical,46.531,59.877000857583795,13.346000857583796,13.346000857583796,1.0,True
random_forest,33,20260848,gmm_high_20260813_0005,gmm,high,44.719,46.039061251322764,1.3200612513227625,1.3200612513227625,16.0,False
random_forest,33,20260848,gmm_high_20260813_0049,gmm,high,44.082,50.867171010582005,6.785171010582005,6.785171010582005,12.0,False
random_forest,33,20260848,gmm_high_20260813_0079,gmm,high,78.97833333333332,50.275624773809554,-28.70270855952377,28.70270855952377,13.0,False
random_forest,33,20260848,gmm_low_20260813_0012,gmm,low,24.410666666666668,25.31755955158735,0.9068928849206834,0.9068928849206834,32.0,False
random_forest,33,20260848,gmm_low_20260813_0036,gmm,low,25.197,25.648804956349224,0.4518049563492248,0.4518049563492248,31.0,False
random_forest,33,20260848,gmm_low_20260813_0072,gmm,low,24.93733333333333,25.681317102212617,0.7439837688792856,0.7439837688792856,30.0,False
random_forest,33,20260848,gmm_medium_20260813_0010,gmm,medium,28.833666666666662,32.921962747354485,4.088296080687822,4.088296080687822,20.0,False
random_forest,33,20260848,gmm_medium_20260813_0077,gmm,medium,28.415,29.815799519841246,1.4007995198412466,1.4007995198412466,23.0,False
random_forest,33,20260848,gmm_medium_20260813_0102,gmm,medium,33.226,32.51847308465608,-0.7075269153439194,0.7075269153439194,21.0,False
random_forest,33,20260848,lhs_critical_20260813_0036,lhs,critical,52.37566666666667,55.444060435185236,3.0683937685185683,3.0683937685185683,6.0,True
random_forest,33,20260848,lhs_critical_20260813_0055,lhs,critical,50.272,54.18931233024694,3.9173123302469435,3.9173123302469435,7.0,True
random_forest,33,20260848,lhs_critical_20260813_0101,lhs,critical,48.968,57.7342631005291,8.766263100529095,8.766263100529095,2.0,True
random_forest,33,20260848,lhs_high_20260813_0024,lhs,high,50.318666666666665,49.138599878306884,-1.180066788359781,1.180066788359781,14.0,False
random_forest,33,20260848,lhs_high_20260813_0077,lhs,high,44.736,44.070922395943555,-0.6650776040564423,0.6650776040564423,18.0,False
random_forest,33,20260848,lhs_high_20260813_0106,lhs,high,51.74733333333334,53.4626534404762,1.7153201071428654,1.7153201071428654,8.0,True
random_forest,33,20260848,lhs_low_20260813_0010,lhs,low,25.866333333333333,25.78845832671958,-0.07787500661375191,0.07787500661375191,28.0,False
random_forest,33,20260848,lhs_low_20260813_0077,lhs,low,24.584666666666667,25.72234878571432,1.1376821190476534,1.1376821190476534,29.0,False
random_forest,33,20260848,lhs_low_20260813_0128,lhs,low,24.47433333333333,24.932148200537146,0.45781486720381537,0.45781486720381537,35.0,False
random_forest,33,20260848,lhs_medium_20260813_0026,lhs,medium,28.41333333333333,29.080280006613737,0.6669466732804068,0.6669466732804068,25.0,False
random_forest,33,20260848,lhs_medium_20260813_0041,lhs,medium,30.77,32.24154993253967,1.47154993253967,1.47154993253967,22.0,False
random_forest,33,20260848,lhs_medium_20260813_0110,lhs,medium,32.588,35.30583426984127,2.717834269841269,2.717834269841269,19.0,False
ridge,33,20260848,cvae_critical_20260813_0030,cvae,critical,46.97633333333333,57.726615154114924,10.750281820781595,10.750281820781595,4.0,True
ridge,33,20260848,cvae_critical_20260813_0042,cvae,critical,48.01533333333333,56.778132884840545,8.762799551507214,8.762799551507214,5.0,True
ridge,33,20260848,cvae_critical_20260813_0046,cvae,critical,53.062333333333335,49.53476539152737,-3.5275679418059624,3.5275679418059624,10.0,False
ridge,33,20260848,cvae_high_20260813_0033,cvae,high,45.74666666666666,51.90841047347848,6.16174380681182,6.16174380681182,9.0,True
ridge,33,20260848,cvae_high_20260813_0043,cvae,high,40.77,45.09654190176491,4.326541901764905,4.326541901764905,13.0,False
ridge,33,20260848,cvae_high_20260813_0067,cvae,high,42.74,44.348675674751014,1.6086756747510123,1.6086756747510123,14.0,False
ridge,33,20260848,cvae_low_20260813_0001,cvae,low,25.207666666666668,29.303688045076516,4.096021378409848,4.096021378409848,26.0,False
ridge,33,20260848,cvae_low_20260813_0034,cvae,low,24.413666666666668,25.466078102783285,1.0524114361166177,1.0524114361166177,29.0,False
ridge,33,20260848,cvae_low_20260813_0115,cvae,low,23.761666666666667,22.627855946303896,-1.1338107203627708,1.1338107203627708,31.0,False
ridge,33,20260848,cvae_medium_20260813_0061,cvae,medium,26.52133333333333,30.762992018277686,4.241658684944355,4.241658684944355,25.0,False
ridge,33,20260848,cvae_medium_20260813_0082,cvae,medium,28.422666666666668,28.81116368784638,0.3884970211797132,0.3884970211797132,27.0,False
ridge,33,20260848,cvae_medium_20260813_0103,cvae,medium,27.532333333333334,40.74265923982409,13.210325906490759,13.210325906490759,19.0,False
ridge,33,20260848,gmm_critical_20260813_0004,gmm,critical,85.42566666666667,44.08007543662495,-41.34559123004172,41.34559123004172,15.0,False
ridge,33,20260848,gmm_critical_20260813_0067,gmm,critical,79.342,53.022441039531294,-26.319558960468704,26.319558960468704,7.0,True
ridge,33,20260848,gmm_critical_20260813_0072,gmm,critical,46.531,61.26270575196098,14.73170575196098,14.73170575196098,2.0,True
ridge,33,20260848,gmm_high_20260813_0005,gmm,high,44.719,39.44697566456168,-5.272024335438324,5.272024335438324,21.0,False
ridge,33,20260848,gmm_high_20260813_0049,gmm,high,44.082,43.55842151888005,-0.523578481119948,0.523578481119948,17.0,False
ridge,33,20260848,gmm_high_20260813_0079,gmm,high,78.97833333333332,48.045878225329275,-30.93245510800405,30.93245510800405,11.0,False
ridge,33,20260848,gmm_low_20260813_0012,gmm,low,24.410666666666668,21.83019973389272,-2.5804669327739482,2.5804669327739482,32.0,False
ridge,33,20260848,gmm_low_20260813_0036,gmm,low,25.197,19.698672161551578,-5.4983278384484215,5.4983278384484215,34.0,False
ridge,33,20260848,gmm_low_20260813_0072,gmm,low,24.93733333333333,13.72915077899728,-11.208182554336052,11.208182554336052,36.0,False
ridge,33,20260848,gmm_medium_20260813_0010,gmm,medium,28.833666666666662,33.33571575754834,4.50204909088168,4.50204909088168,24.0,False
ridge,33,20260848,gmm_medium_20260813_0077,gmm,medium,28.415,41.06036301339803,12.645363013398033,12.645363013398033,18.0,False
ridge,33,20260848,gmm_medium_20260813_0102,gmm,medium,33.226,39.74515181306106,6.5191518130610575,6.5191518130610575,20.0,False
ridge,33,20260848,lhs_critical_20260813_0036,lhs,critical,52.37566666666667,62.118454973765864,9.742788307099197,9.742788307099197,1.0,True
ridge,33,20260848,lhs_critical_20260813_0055,lhs,critical,50.272,53.7831296022854,3.5111296022854006,3.5111296022854006,6.0,True
ridge,33,20260848,lhs_critical_20260813_0101,lhs,critical,48.968,57.77903648032975,8.811036480329747,8.811036480329747,3.0,True
ridge,33,20260848,lhs_high_20260813_0024,lhs,high,50.318666666666665,46.75215819156913,-3.5665084750975353,3.5665084750975353,12.0,False
ridge,33,20260848,lhs_high_20260813_0077,lhs,high,44.736,39.188595477700666,-5.547404522299331,5.547404522299331,22.0,False
ridge,33,20260848,lhs_high_20260813_0106,lhs,high,51.74733333333334,52.634596084419485,0.8872627510861477,0.8872627510861477,8.0,True
ridge,33,20260848,lhs_low_20260813_0010,lhs,low,25.866333333333333,20.998630709724566,-4.867702623608768,4.867702623608768,33.0,False
ridge,33,20260848,lhs_low_20260813_0077,lhs,low,24.584666666666667,27.90386474753461,3.3191980808679418,3.3191980808679418,28.0,False
ridge,33,20260848,lhs_low_20260813_0128,lhs,low,24.47433333333333,18.95215515092289,-5.522178182410439,5.522178182410439,35.0,False
ridge,33,20260848,lhs_medium_20260813_0026,lhs,medium,28.41333333333333,36.322669121034174,7.909335787700844,7.909335787700844,23.0,False
ridge,33,20260848,lhs_medium_20260813_0041,lhs,medium,30.77,23.06069777741608,-7.7093022225839185,7.7093022225839185,30.0,False
ridge,33,20260848,lhs_medium_20260813_0110,lhs,medium,32.588,43.72682393986335,11.13882393986335,11.13882393986335,16.0,False
random_forest,34,20260849,cvae_critical_20260813_0030,cvae,critical,46.97633333333333,61.16392625529106,14.18759292195773,14.18759292195773,3.0,True
random_forest,34,20260849,cvae_critical_20260813_0042,cvae,critical,48.01533333333333,54.815712152116404,6.800378818783074,6.800378818783074,7.0,True
random_forest,34,20260849,cvae_critical_20260813_0046,cvae,critical,53.062333333333335,49.90744905820103,-3.1548842751323036,3.1548842751323036,13.0,False
random_forest,34,20260849,cvae_high_20260813_0033,cvae,high,45.74666666666666,57.60534180820105,11.858675141534384,11.858675141534384,5.0,True
random_forest,34,20260849,cvae_high_20260813_0043,cvae,high,40.77,45.755442141975266,4.985442141975263,4.985442141975263,18.0,False
random_forest,34,20260849,cvae_high_20260813_0067,cvae,high,42.74,46.0045865925926,3.2645865925926003,3.2645865925926003,16.0,False
random_forest,34,20260849,cvae_low_20260813_0001,cvae,low,25.207666666666668,24.945825768518493,-0.2618408981481757,0.2618408981481757,35.0,False
random_forest,34,20260849,cvae_low_20260813_0034,cvae,low,24.413666666666668,24.949339401234596,0.5356727345679282,0.5356727345679282,34.0,False
random_forest,34,20260849,cvae_low_20260813_0115,cvae,low,23.761666666666667,24.874258104938306,1.1125914382716395,1.1125914382716395,36.0,False
random_forest,34,20260849,cvae_medium_20260813_0061,cvae,medium,26.52133333333333,28.96412950088182,2.44279616754849,2.44279616754849,26.0,False
random_forest,34,20260849,cvae_medium_20260813_0082,cvae,medium,28.422666666666668,29.738450592592585,1.315783925925917,1.315783925925917,25.0,False
random_forest,34,20260849,cvae_medium_20260813_0103,cvae,medium,27.532333333333334,28.307659048500863,0.7753257151675292,0.7753257151675292,27.0,False
random_forest,34,20260849,gmm_critical_20260813_0004,gmm,critical,85.42566666666667,50.41177427777777,-35.0138923888889,35.0138923888889,11.0,False
random_forest,34,20260849,gmm_critical_20260813_0067,gmm,critical,79.342,55.96073748941793,-23.38126251058207,23.38126251058207,6.0,True
random_forest,34,20260849,gmm_critical_20260813_0072,gmm,critical,46.531,64.5176807156085,17.986680715608507,17.986680715608507,1.0,True
random_forest,34,20260849,gmm_high_20260813_0005,gmm,high,44.719,47.26120569488539,2.5422056948853893,2.5422056948853893,15.0,False
random_forest,34,20260849,gmm_high_20260813_0049,gmm,high,44.082,50.45246716137565,6.37046716137565,6.37046716137565,10.0,False
random_forest,34,20260849,gmm_high_20260813_0079,gmm,high,78.97833333333332,47.84918929805992,-31.129144035273406,31.129144035273406,14.0,False
random_forest,34,20260849,gmm_low_20260813_0012,gmm,low,24.410666666666668,25.2830321644621,0.8723654977954318,0.8723654977954318,32.0,False
random_forest,34,20260849,gmm_low_20260813_0036,gmm,low,25.197,25.891895384920634,0.6948953849206347,0.6948953849206347,28.0,False
random_forest,34,20260849,gmm_low_20260813_0072,gmm,low,24.93733333333333,25.57589008333332,0.6385567499999887,0.6385567499999887,30.0,False
random_forest,34,20260849,gmm_medium_20260813_0010,gmm,medium,28.833666666666662,31.769317488095247,2.9356508214285846,2.9356508214285846,21.0,False
random_forest,34,20260849,gmm_medium_20260813_0077,gmm,medium,28.415,30.452851957671957,2.0378519576719576,2.0378519576719576,23.0,False
random_forest,34,20260849,gmm_medium_20260813_0102,gmm,medium,33.226,31.083487500881834,-2.1425124991181654,2.1425124991181654,22.0,False
random_forest,34,20260849,lhs_critical_20260813_0036,lhs,critical,52.37566666666667,63.44023379365084,11.064567126984173,11.064567126984173,2.0,True
random_forest,34,20260849,lhs_critical_20260813_0055,lhs,critical,50.272,59.595190956349214,9.323190956349215,9.323190956349215,4.0,True
random_forest,34,20260849,lhs_critical_20260813_0101,lhs,critical,48.968,53.976154978836014,5.008154978836011,5.008154978836011,8.0,True
random_forest,34,20260849,lhs_high_20260813_0024,lhs,high,50.318666666666665,50.12150894091713,-0.19715772574953405,0.19715772574953405,12.0,False
random_forest,34,20260849,lhs_high_20260813_0077,lhs,high,44.736,45.867479579805966,1.1314795798059691,1.1314795798059691,17.0,False
random_forest,34,20260849,lhs_high_20260813_0106,lhs,high,51.74733333333334,51.03560951851852,-0.7117238148148175,0.7117238148148175,9.0,True
random_forest,34,20260849,lhs_low_20260813_0010,lhs,low,25.866333333333333,25.536499220899497,-0.3298341124338364,0.3298341124338364,31.0,False
random_forest,34,20260849,lhs_low_20260813_0077,lhs,low,24.584666666666667,25.87992166490301,1.2952549982363415,1.2952549982363415,29.0,False
random_forest,34,20260849,lhs_low_20260813_0128,lhs,low,24.47433333333333,24.954334633597863,0.4800013002645329,0.4800013002645329,33.0,False
random_forest,34,20260849,lhs_medium_20260813_0026,lhs,medium,28.41333333333333,29.868646531746023,1.4553131984126928,1.4553131984126928,24.0,False
random_forest,34,20260849,lhs_medium_20260813_0041,lhs,medium,30.77,32.42065057760139,1.650650577601393,1.650650577601393,20.0,False
random_forest,34,20260849,lhs_medium_20260813_0110,lhs,medium,32.588,33.31552819268077,0.7275281926807722,0.7275281926807722,19.0,False
ridge,34,20260849,cvae_critical_20260813_0030,cvae,critical,46.97633333333333,58.03319543839842,11.056862105065093,11.056862105065093,3.0,True
ridge,34,20260849,cvae_critical_20260813_0042,cvae,critical,48.01533333333333,55.2708010249133,7.255467691579966,7.255467691579966,6.0,True
ridge,34,20260849,cvae_critical_20260813_0046,cvae,critical,53.062333333333335,51.343493424395255,-1.7188399089380795,1.7188399089380795,8.0,True
ridge,34,20260849,cvae_high_20260813_0033,cvae,high,45.74666666666666,57.25897593405107,11.51230926738441,11.51230926738441,5.0,True
ridge,34,20260849,cvae_high_20260813_0043,cvae,high,40.77,41.343832525835836,0.573832525835833,0.573832525835833,17.0,False
ridge,34,20260849,cvae_high_20260813_0067,cvae,high,42.74,44.62382116482952,1.88382116482952,1.88382116482952,15.0,False
ridge,34,20260849,cvae_low_20260813_0001,cvae,low,25.207666666666668,22.146967284225408,-3.0606993824412605,3.0606993824412605,32.0,False
ridge,34,20260849,cvae_low_20260813_0034,cvae,low,24.413666666666668,23.092940050490633,-1.3207266161760352,1.3207266161760352,30.0,False
ridge,34,20260849,cvae_low_20260813_0115,cvae,low,23.761666666666667,22.985681708265304,-0.775984958401363,0.775984958401363,31.0,False
ridge,34,20260849,cvae_medium_20260813_0061,cvae,medium,26.52133333333333,31.17336653359019,4.652033200256859,4.652033200256859,25.0,False
ridge,34,20260849,cvae_medium_20260813_0082,cvae,medium,28.422666666666668,29.884016503036307,1.4613498363696387,1.4613498363696387,27.0,False
ridge,34,20260849,cvae_medium_20260813_0103,cvae,medium,27.532333333333334,28.178372361480008,0.6460390281466744,0.6460390281466744,28.0,False
ridge,34,20260849,gmm_critical_20260813_0004,gmm,critical,85.42566666666667,48.47083288632928,-36.95483378033739,36.95483378033739,11.0,False
ridge,34,20260849,gmm_critical_20260813_0067,gmm,critical,79.342,49.682918909077074,-29.659081090922925,29.659081090922925,10.0,False
ridge,34,20260849,gmm_critical_20260813_0072,gmm,critical,46.531,61.25002555710881,14.719025557108814,14.719025557108814,2.0,True
ridge,34,20260849,gmm_high_20260813_0005,gmm,high,44.719,50.28760522006833,5.568605220068328,5.568605220068328,9.0,True
ridge,34,20260849,gmm_high_20260813_0049,gmm,high,44.082,39.60897891237719,-4.473021087622811,4.473021087622811,18.0,False
ridge,34,20260849,gmm_high_20260813_0079,gmm,high,78.97833333333332,45.90923199320991,-33.06910134012342,33.06910134012342,14.0,False
ridge,34,20260849,gmm_low_20260813_0012,gmm,low,24.410666666666668,26.767460415725772,2.356793749059104,2.356793749059104,29.0,False
ridge,34,20260849,gmm_low_20260813_0036,gmm,low,25.197,20.817756052934516,-4.379243947065483,4.379243947065483,34.0,False
ridge,34,20260849,gmm_low_20260813_0072,gmm,low,24.93733333333333,20.762626586772324,-4.174706746561007,4.174706746561007,35.0,False
ridge,34,20260849,gmm_medium_20260813_0010,gmm,medium,28.833666666666662,33.97189708888495,5.138230422218289,5.138230422218289,23.0,False
ridge,34,20260849,gmm_medium_20260813_0077,gmm,medium,28.415,46.63699313541249,18.22199313541249,18.22199313541249,13.0,False
ridge,34,20260849,gmm_medium_20260813_0102,gmm,medium,33.226,38.082632564270746,4.856632564270747,4.856632564270747,19.0,False
ridge,34,20260849,lhs_critical_20260813_0036,lhs,critical,52.37566666666667,62.820234112857015,10.444567446190348,10.444567446190348,1.0,True
ridge,34,20260849,lhs_critical_20260813_0055,lhs,critical,50.272,53.97455341150267,3.70255341150267,3.70255341150267,7.0,True
ridge,34,20260849,lhs_critical_20260813_0101,lhs,critical,48.968,57.79759457653829,8.829594576538284,8.829594576538284,4.0,True
ridge,34,20260849,lhs_high_20260813_0024,lhs,high,50.318666666666665,47.9656023595121,-2.3530643071545683,2.3530643071545683,12.0,False
ridge,34,20260849,lhs_high_20260813_0077,lhs,high,44.736,34.099818859899,-10.636181140100994,10.636181140100994,22.0,False
ridge,34,20260849,lhs_high_20260813_0106,lhs,high,51.74733333333334,43.390184624362945,-8.357148708970392,8.357148708970392,16.0,False
ridge,34,20260849,lhs_low_20260813_0010,lhs,low,25.866333333333333,18.89564806542075,-6.970685267912582,6.970685267912582,36.0,False
ridge,34,20260849,lhs_low_20260813_0077,lhs,low,24.584666666666667,31.49231800542193,6.907651338755262,6.907651338755262,24.0,False
ridge,34,20260849,lhs_low_20260813_0128,lhs,low,24.47433333333333,20.87491805723223,-3.5994152761011016,3.5994152761011016,33.0,False
ridge,34,20260849,lhs_medium_20260813_0026,lhs,medium,28.41333333333333,35.29322013153536,6.879886798202026,6.879886798202026,21.0,False
ridge,34,20260849,lhs_medium_20260813_0041,lhs,medium,30.77,31.018630080002936,0.24863008000293618,0.24863008000293618,26.0,False
ridge,34,20260849,lhs_medium_20260813_0110,lhs,medium,32.588,36.59716092509422,4.009160925094221,4.009160925094221,20.0,False
random_forest,35,20260850,cvae_critical_20260813_0030,cvae,critical,46.97633333333333,53.98680436776491,7.010471034431582,7.010471034431582,9.0,True
random_forest,35,20260850,cvae_critical_20260813_0042,cvae,critical,48.01533333333333,61.1419003875661,13.126567054232773,13.126567054232773,2.0,True
random_forest,35,20260850,cvae_critical_20260813_0046,cvae,critical,53.062333333333335,54.34796716305913,1.2856338297257963,1.2856338297257963,8.0,True
random_forest,35,20260850,cvae_high_20260813_0033,cvae,high,45.74666666666666,56.982655886243336,11.235989219576673,11.235989219576673,4.0,True
random_forest,35,20260850,cvae_high_20260813_0043,cvae,high,40.77,49.71990401899948,8.949904018999476,8.949904018999476,14.0,False
random_forest,35,20260850,cvae_high_20260813_0067,cvae,high,42.74,46.101025715608465,3.361025715608463,3.361025715608463,18.0,False
random_forest,35,20260850,cvae_low_20260813_0001,cvae,low,25.207666666666668,25.550392894620813,0.3427262279541452,0.3427262279541452,31.0,False
random_forest,35,20260850,cvae_low_20260813_0034,cvae,low,24.413666666666668,25.02738539021165,0.6137187235449808,0.6137187235449808,34.0,False
random_forest,35,20260850,cvae_low_20260813_0115,cvae,low,23.761666666666667,24.850975006613798,1.0893083399471308,1.0893083399471308,35.0,False
random_forest,35,20260850,cvae_medium_20260813_0061,cvae,medium,26.52133333333333,28.15224754585539,1.6309142125220575,1.6309142125220575,27.0,False
random_forest,35,20260850,cvae_medium_20260813_0082,cvae,medium,28.422666666666668,28.879451740740716,0.4567850740740482,0.4567850740740482,25.0,False
random_forest,35,20260850,cvae_medium_20260813_0103,cvae,medium,27.532333333333334,28.419344693121687,0.8870113597883531,0.8870113597883531,26.0,False
random_forest,35,20260850,gmm_critical_20260813_0004,gmm,critical,85.42566666666667,53.10669841622575,-32.318968250440925,32.318968250440925,10.0,False
random_forest,35,20260850,gmm_critical_20260813_0067,gmm,critical,79.342,51.22137996075838,-28.120620039241622,28.120620039241622,12.0,False
random_forest,35,20260850,gmm_critical_20260813_0072,gmm,critical,46.531,62.986832632275096,16.455832632275097,16.455832632275097,1.0,True
random_forest,35,20260850,gmm_high_20260813_0005,gmm,high,44.719,47.97656472486768,3.2575647248676773,3.2575647248676773,15.0,False
random_forest,35,20260850,gmm_high_20260813_0049,gmm,high,44.082,54.690496526495096,10.608496526495095,10.608496526495095,6.0,True
random_forest,35,20260850,gmm_high_20260813_0079,gmm,high,78.97833333333332,46.88251030591628,-32.09582302741705,32.09582302741705,16.0,False
random_forest,35,20260850,gmm_low_20260813_0012,gmm,low,24.410666666666668,25.394009422398593,0.9833427557319254,0.9833427557319254,33.0,False
random_forest,35,20260850,gmm_low_20260813_0036,gmm,low,25.197,25.47585114682542,0.27885114682542067,0.27885114682542067,32.0,False
random_forest,35,20260850,gmm_low_20260813_0072,gmm,low,24.93733333333333,25.55919826587303,0.6218649325396974,0.6218649325396974,30.0,False
random_forest,35,20260850,gmm_medium_20260813_0010,gmm,medium,28.833666666666662,31.966178613756597,3.1325119470899345,3.1325119470899345,21.0,False
random_forest,35,20260850,gmm_medium_20260813_0077,gmm,medium,28.415,28.941137994708956,0.5261379947089573,0.5261379947089573,24.0,False
random_forest,35,20260850,gmm_medium_20260813_0102,gmm,medium,33.226,30.44255822574956,-2.783441774250438,2.783441774250438,23.0,False
random_forest,35,20260850,lhs_critical_20260813_0036,lhs,critical,52.37566666666667,54.36836829497355,1.9927016283068824,1.9927016283068824,7.0,True
random_forest,35,20260850,lhs_critical_20260813_0055,lhs,critical,50.272,61.088894849206284,10.816894849206285,10.816894849206285,3.0,True
random_forest,35,20260850,lhs_critical_20260813_0101,lhs,critical,48.968,55.42413478042328,6.456134780423277,6.456134780423277,5.0,True
random_forest,35,20260850,lhs_high_20260813_0024,lhs,high,50.318666666666665,49.998001847442666,-0.3206648192239996,0.3206648192239996,13.0,False
random_forest,35,20260850,lhs_high_20260813_0077,lhs,high,44.736,46.18637044841268,1.4503704484126843,1.4503704484126843,17.0,False
random_forest,35,20260850,lhs_high_20260813_0106,lhs,high,51.74733333333334,52.98700552645498,1.239672193121642,1.239672193121642,11.0,False
random_forest,35,20260850,lhs_low_20260813_0010,lhs,low,25.866333333333333,25.821992629629637,-0.04434070370369625,0.04434070370369625,28.0,False
random_forest,35,20260850,lhs_low_20260813_0077,lhs,low,24.584666666666667,25.599408069223998,1.0147414025573305,1.0147414025573305,29.0,False
random_forest,35,20260850,lhs_low_20260813_0128,lhs,low,24.47433333333333,24.827609395502677,0.35327606216934626,0.35327606216934626,36.0,False
random_forest,35,20260850,lhs_medium_20260813_0026,lhs,medium,28.41333333333333,30.738169740299835,2.3248364069665044,2.3248364069665044,22.0,False
random_forest,35,20260850,lhs_medium_20260813_0041,lhs,medium,30.77,32.14793406613754,1.3779340661375379,1.3779340661375379,20.0,False
random_forest,35,20260850,lhs_medium_20260813_0110,lhs,medium,32.588,35.05238412169312,2.464384121693122,2.464384121693122,19.0,False
ridge,35,20260850,cvae_critical_20260813_0030,cvae,critical,46.97633333333333,60.74219305325276,13.765859719919433,13.765859719919433,5.0,True
ridge,35,20260850,cvae_critical_20260813_0042,cvae,critical,48.01533333333333,62.11164186167871,14.096308528345382,14.096308528345382,4.0,True
ridge,35,20260850,cvae_critical_20260813_0046,cvae,critical,53.062333333333335,58.24451249619296,5.182179162859626,5.182179162859626,7.0,True
ridge,35,20260850,cvae_high_20260813_0033,cvae,high,45.74666666666666,55.690892778981464,9.944226112314801,9.944226112314801,9.0,True
ridge,35,20260850,cvae_high_20260813_0043,cvae,high,40.77,42.45552011721381,1.6855201172138052,1.6855201172138052,18.0,False
ridge,35,20260850,cvae_high_20260813_0067,cvae,high,42.74,44.93328240037194,2.1932824003719347,2.1932824003719347,16.0,False
ridge,35,20260850,cvae_low_20260813_0001,cvae,low,25.207666666666668,26.29612008410565,1.0884534174389806,1.0884534174389806,28.0,False
ridge,35,20260850,cvae_low_20260813_0034,cvae,low,24.413666666666668,17.645089299274005,-6.768577367392663,6.768577367392663,31.0,False
ridge,35,20260850,cvae_low_20260813_0115,cvae,low,23.761666666666667,19.952275579196538,-3.8093910874701287,3.8093910874701287,30.0,False
ridge,35,20260850,cvae_medium_20260813_0061,cvae,medium,26.52133333333333,29.978798947725675,3.457465614392344,3.457465614392344,24.0,False
ridge,35,20260850,cvae_medium_20260813_0082,cvae,medium,28.422666666666668,35.507073735209566,7.084407068542898,7.084407068542898,23.0,False
ridge,35,20260850,cvae_medium_20260813_0103,cvae,medium,27.532333333333334,35.64815624883036,8.115822915497027,8.115822915497027,22.0,False
ridge,35,20260850,gmm_critical_20260813_0004,gmm,critical,85.42566666666667,42.12721347788949,-43.29845318877718,43.29845318877718,19.0,False
ridge,35,20260850,gmm_critical_20260813_0067,gmm,critical,79.342,47.63802437718087,-31.70397562281913,31.70397562281913,14.0,False
ridge,35,20260850,gmm_critical_20260813_0072,gmm,critical,46.531,62.15287392606034,15.621873926060339,15.621873926060339,3.0,True
ridge,35,20260850,gmm_high_20260813_0005,gmm,high,44.719,49.06448714983521,4.345487149835208,4.345487149835208,13.0,False
ridge,35,20260850,gmm_high_20260813_0049,gmm,high,44.082,69.76760174392004,25.68560174392004,25.68560174392004,1.0,True
ridge,35,20260850,gmm_high_20260813_0079,gmm,high,78.97833333333332,42.950584252157434,-36.02774908117589,36.02774908117589,17.0,False
ridge,35,20260850,gmm_low_20260813_0012,gmm,low,24.410666666666668,17.433134122736693,-6.977532543929975,6.977532543929975,32.0,False
ridge,35,20260850,gmm_low_20260813_0036,gmm,low,25.197,14.175413689067124,-11.021586310932875,11.021586310932875,33.0,False
ridge,35,20260850,gmm_low_20260813_0072,gmm,low,24.93733333333333,11.256002017064873,-13.681331316268459,13.681331316268459,35.0,False
ridge,35,20260850,gmm_medium_20260813_0010,gmm,medium,28.833666666666662,36.68520296501996,7.851536298353299,7.851536298353299,21.0,False
ridge,35,20260850,gmm_medium_20260813_0077,gmm,medium,28.415,49.213843235045566,20.798843235045567,20.798843235045567,12.0,False
ridge,35,20260850,gmm_medium_20260813_0102,gmm,medium,33.226,39.57952208412714,6.3535220841271425,6.3535220841271425,20.0,False
ridge,35,20260850,lhs_critical_20260813_0036,lhs,critical,52.37566666666667,58.649773060792164,6.274106394125496,6.274106394125496,6.0,True
ridge,35,20260850,lhs_critical_20260813_0055,lhs,critical,50.272,56.55518687827221,6.283186878272211,6.283186878272211,8.0,True
ridge,35,20260850,lhs_critical_20260813_0101,lhs,critical,48.968,62.37453657885185,13.40653657885185,13.40653657885185,2.0,True
ridge,35,20260850,lhs_high_20260813_0024,lhs,high,50.318666666666665,54.280249375939434,3.9615827092727685,3.9615827092727685,10.0,False
ridge,35,20260850,lhs_high_20260813_0077,lhs,high,44.736,49.26628478861478,4.530284788614786,4.530284788614786,11.0,False
ridge,35,20260850,lhs_high_20260813_0106,lhs,high,51.74733333333334,46.51223616017541,-5.235097173157925,5.235097173157925,15.0,False
ridge,35,20260850,lhs_low_20260813_0010,lhs,low,25.866333333333333,4.9618101178697245,-20.90452321546361,20.90452321546361,36.0,False
ridge,35,20260850,lhs_low_20260813_0077,lhs,low,24.584666666666667,24.42179668449983,-0.16286998216683557,0.16286998216683557,29.0,False
ridge,35,20260850,lhs_low_20260813_0128,lhs,low,24.47433333333333,13.532954247779767,-10.941379085553564,10.941379085553564,34.0,False
ridge,35,20260850,lhs_medium_20260813_0026,lhs,medium,28.41333333333333,29.05799519696856,0.6446618636352284,0.6446618636352284,25.0,False
ridge,35,20260850,lhs_medium_20260813_0041,lhs,medium,30.77,27.01598938774155,-3.754010612258451,3.754010612258451,27.0,False
ridge,35,20260850,lhs_medium_20260813_0110,lhs,medium,32.588,28.94328948626255,-3.6447105137374507,3.6447105137374507,26.0,False
random_forest,36,20260851,cvae_critical_20260813_0030,cvae,critical,46.97633333333333,54.11251085185183,7.136177518518501,7.136177518518501,7.0,True
random_forest,36,20260851,cvae_critical_20260813_0042,cvae,critical,48.01533333333333,62.63629178835979,14.62095845502646,14.62095845502646,3.0,True
random_forest,36,20260851,cvae_critical_20260813_0046,cvae,critical,53.062333333333335,56.944079885361525,3.88174655202819,3.88174655202819,5.0,True
random_forest,36,20260851,cvae_high_20260813_0033,cvae,high,45.74666666666666,44.350639404761885,-1.396027261904777,1.396027261904777,18.0,False
random_forest,36,20260851,cvae_high_20260813_0043,cvae,high,40.77,52.02947338756611,11.259473387566103,11.259473387566103,11.0,False
random_forest,36,20260851,cvae_high_20260813_0067,cvae,high,42.74,47.02386468298059,4.283864682980585,4.283864682980585,15.0,False
random_forest,36,20260851,cvae_low_20260813_0001,cvae,low,25.207666666666668,25.464895865079345,0.2572291984126771,0.2572291984126771,31.0,False
random_forest,36,20260851,cvae_low_20260813_0034,cvae,low,24.413666666666668,24.86884292195771,0.4551762552910432,0.4551762552910432,35.0,False
random_forest,36,20260851,cvae_low_20260813_0115,cvae,low,23.761666666666667,25.006752911375695,1.2450862447090287,1.2450862447090287,34.0,False
random_forest,36,20260851,cvae_medium_20260813_0061,cvae,medium,26.52133333333333,29.414596876543232,2.893263543209901,2.893263543209901,24.0,False
random_forest,36,20260851,cvae_medium_20260813_0082,cvae,medium,28.422666666666668,29.27574785449735,0.8530811878306821,0.8530811878306821,26.0,False
random_forest,36,20260851,cvae_medium_20260813_0103,cvae,medium,27.532333333333334,28.212222392857118,0.6798890595237843,0.6798890595237843,27.0,False
random_forest,36,20260851,gmm_critical_20260813_0004,gmm,critical,85.42566666666667,52.344772369047554,-33.08089429761912,33.08089429761912,10.0,False
random_forest,36,20260851,gmm_critical_20260813_0067,gmm,critical,79.342,55.21317737830687,-24.128822621693132,24.128822621693132,6.0,True
random_forest,36,20260851,gmm_critical_20260813_0072,gmm,critical,46.531,65.06311517989421,18.532115179894213,18.532115179894213,2.0,True
random_forest,36,20260851,gmm_high_20260813_0005,gmm,high,44.719,44.36721573412697,-0.3517842658730288,0.3517842658730288,17.0,False
random_forest,36,20260851,gmm_high_20260813_0049,gmm,high,44.082,53.953771678571435,9.871771678571434,9.871771678571434,8.0,True
random_forest,36,20260851,gmm_high_20260813_0079,gmm,high,78.97833333333332,47.02335371296298,-31.954979620370345,31.954979620370345,16.0,False
random_forest,36,20260851,gmm_low_20260813_0012,gmm,low,24.410666666666668,25.286677320105852,0.8760106534391845,0.8760106534391845,32.0,False
random_forest,36,20260851,gmm_low_20260813_0036,gmm,low,25.197,25.15286709523812,-0.04413290476188081,0.04413290476188081,33.0,False
random_forest,36,20260851,gmm_low_20260813_0072,gmm,low,24.93733333333333,25.509239191798944,0.5719058584656125,0.5719058584656125,29.0,False
random_forest,36,20260851,gmm_medium_20260813_0010,gmm,medium,28.833666666666662,33.61016867548501,4.776502008818351,4.776502008818351,21.0,False
random_forest,36,20260851,gmm_medium_20260813_0077,gmm,medium,28.415,29.775256869047602,1.3602568690476033,1.3602568690476033,23.0,False
random_forest,36,20260851,gmm_medium_20260813_0102,gmm,medium,33.226,31.459402869488517,-1.7665971305114816,1.7665971305114816,22.0,False
random_forest,36,20260851,lhs_critical_20260813_0036,lhs,critical,52.37566666666667,59.61461720017634,7.238950533509673,7.238950533509673,4.0,True
random_forest,36,20260851,lhs_critical_20260813_0055,lhs,critical,50.272,53.58770634259258,3.315706342592584,3.315706342592584,9.0,True
random_forest,36,20260851,lhs_critical_20260813_0101,lhs,critical,48.968,65.20165919841273,16.233659198412724,16.233659198412724,1.0,True
random_forest,36,20260851,lhs_high_20260813_0024,lhs,high,50.318666666666665,48.025019246472645,-2.29364742019402,2.29364742019402,13.0,False
random_forest,36,20260851,lhs_high_20260813_0077,lhs,high,44.736,50.601720941798945,5.865720941798948,5.865720941798948,12.0,False
random_forest,36,20260851,lhs_high_20260813_0106,lhs,high,51.74733333333334,47.12308114021161,-4.624252193121727,4.624252193121727,14.0,False
random_forest,36,20260851,lhs_low_20260813_0010,lhs,low,25.866333333333333,25.716909661375677,-0.14942367195765627,0.14942367195765627,28.0,False
random_forest,36,20260851,lhs_low_20260813_0077,lhs,low,24.584666666666667,25.469872816137592,0.8852061494709247,0.8852061494709247,30.0,False
random_forest,36,20260851,lhs_low_20260813_0128,lhs,low,24.47433333333333,24.767599235449726,0.2932659021163957,0.2932659021163957,36.0,False
random_forest,36,20260851,lhs_medium_20260813_0026,lhs,medium,28.41333333333333,29.390549705026437,0.9772163716931068,0.9772163716931068,25.0,False
random_forest,36,20260851,lhs_medium_20260813_0041,lhs,medium,30.77,34.23735051675483,3.4673505167548306,3.4673505167548306,20.0,False
random_forest,36,20260851,lhs_medium_20260813_0110,lhs,medium,32.588,34.27775677954141,1.689756779541412,1.689756779541412,19.0,False
ridge,36,20260851,cvae_critical_20260813_0030,cvae,critical,46.97633333333333,60.092498273834664,13.116164940501335,13.116164940501335,6.0,True
ridge,36,20260851,cvae_critical_20260813_0042,cvae,critical,48.01533333333333,62.62405690994488,14.608723576611553,14.608723576611553,3.0,True
ridge,36,20260851,cvae_critical_20260813_0046,cvae,critical,53.062333333333335,56.362712590127536,3.3003792567942014,3.3003792567942014,7.0,True
ridge,36,20260851,cvae_high_20260813_0033,cvae,high,45.74666666666666,53.10872584943327,7.3620591827666075,7.3620591827666075,8.0,True
ridge,36,20260851,cvae_high_20260813_0043,cvae,high,40.77,45.336474334900046,4.566474334900043,4.566474334900043,14.0,False
ridge,36,20260851,cvae_high_20260813_0067,cvae,high,42.74,43.313512813583415,0.5735128135834131,0.5735128135834131,15.0,False
ridge,36,20260851,cvae_low_20260813_0001,cvae,low,25.207666666666668,35.36732428214274,10.159657615476071,10.159657615476071,24.0,False
ridge,36,20260851,cvae_low_20260813_0034,cvae,low,24.413666666666668,23.21204075967275,-1.2016259069939181,1.2016259069939181,32.0,False
ridge,36,20260851,cvae_low_20260813_0115,cvae,low,23.761666666666667,23.305019952311877,-0.45664671435478965,0.45664671435478965,31.0,False
ridge,36,20260851,cvae_medium_20260813_0061,cvae,medium,26.52133333333333,28.664910553843782,2.1435772205104513,2.1435772205104513,26.0,False
ridge,36,20260851,cvae_medium_20260813_0082,cvae,medium,28.422666666666668,33.066879649136304,4.644212982469636,4.644212982469636,25.0,False
ridge,36,20260851,cvae_medium_20260813_0103,cvae,medium,27.532333333333334,27.161687147206763,-0.37064618612657085,0.37064618612657085,28.0,False
ridge,36,20260851,gmm_critical_20260813_0004,gmm,critical,85.42566666666667,41.372866419576305,-44.05280024709037,44.05280024709037,18.0,False
ridge,36,20260851,gmm_critical_20260813_0067,gmm,critical,79.342,48.8822339277122,-30.4597660722878,30.4597660722878,10.0,False
ridge,36,20260851,gmm_critical_20260813_0072,gmm,critical,46.531,60.69502156502443,14.164021565024434,14.164021565024434,5.0,True
ridge,36,20260851,gmm_high_20260813_0005,gmm,high,44.719,52.355755881940006,7.6367558819400045,7.6367558819400045,9.0,True
ridge,36,20260851,gmm_high_20260813_0049,gmm,high,44.082,67.55927657389826,23.47727657389826,23.47727657389826,2.0,True
ridge,36,20260851,gmm_high_20260813_0079,gmm,high,78.97833333333332,46.83155600722774,-32.146777326105585,32.146777326105585,12.0,False
ridge,36,20260851,gmm_low_20260813_0012,gmm,low,24.410666666666668,19.548205893086333,-4.8624607735803345,4.8624607735803345,33.0,False
ridge,36,20260851,gmm_low_20260813_0036,gmm,low,25.197,24.21231749086585,-0.9846825091341493,0.9846825091341493,30.0,False
ridge,36,20260851,gmm_low_20260813_0072,gmm,low,24.93733333333333,15.17145255112456,-9.765880782208772,9.765880782208772,35.0,False
ridge,36,20260851,gmm_medium_20260813_0010,gmm,medium,28.833666666666662,38.98576907219697,10.15210240553031,10.15210240553031,20.0,False
ridge,36,20260851,gmm_medium_20260813_0077,gmm,medium,28.415,38.35899846410618,9.94399846410618,9.94399846410618,21.0,False
ridge,36,20260851,gmm_medium_20260813_0102,gmm,medium,33.226,43.282972736568944,10.056972736568945,10.056972736568945,16.0,False
ridge,36,20260851,lhs_critical_20260813_0036,lhs,critical,52.37566666666667,62.335901659505396,9.960234992838728,9.960234992838728,4.0,True
ridge,36,20260851,lhs_critical_20260813_0055,lhs,critical,50.272,46.794578440962496,-3.477421559037502,3.477421559037502,13.0,False
ridge,36,20260851,lhs_critical_20260813_0101,lhs,critical,48.968,68.0161118629168,19.048111862916798,19.048111862916798,1.0,True
ridge,36,20260851,lhs_high_20260813_0024,lhs,high,50.318666666666665,46.870870372454014,-3.447796294212651,3.447796294212651,11.0,False
ridge,36,20260851,lhs_high_20260813_0077,lhs,high,44.736,38.06684435469222,-6.669155645307775,6.669155645307775,22.0,False
ridge,36,20260851,lhs_high_20260813_0106,lhs,high,51.74733333333334,41.42711431633575,-10.32021901699759,10.32021901699759,17.0,False
ridge,36,20260851,lhs_low_20260813_0010,lhs,low,25.866333333333333,17.082044840501332,-8.784288492832001,8.784288492832001,34.0,False
ridge,36,20260851,lhs_low_20260813_0077,lhs,low,24.584666666666667,26.449398228030724,1.8647315613640565,1.8647315613640565,29.0,False
ridge,36,20260851,lhs_low_20260813_0128,lhs,low,24.47433333333333,11.887773207584623,-12.586560125748708,12.586560125748708,36.0,False
ridge,36,20260851,lhs_medium_20260813_0026,lhs,medium,28.41333333333333,36.02259688618449,7.609263552851157,7.609263552851157,23.0,False
ridge,36,20260851,lhs_medium_20260813_0041,lhs,medium,30.77,27.366903566222838,-3.4030964337771614,3.4030964337771614,27.0,False
ridge,36,20260851,lhs_medium_20260813_0110,lhs,medium,32.588,40.675533081807416,8.087533081807415,8.087533081807415,19.0,False
random_forest,37,20260852,cvae_critical_20260813_0030,cvae,critical,46.97633333333333,54.789526415343886,7.813193082010557,7.813193082010557,5.0,True
random_forest,37,20260852,cvae_critical_20260813_0042,cvae,critical,48.01533333333333,58.941572411816594,10.926239078483263,10.926239078483263,3.0,True
random_forest,37,20260852,cvae_critical_20260813_0046,cvae,critical,53.062333333333335,57.081698108906515,4.01936477557318,4.01936477557318,4.0,True
random_forest,37,20260852,cvae_high_20260813_0033,cvae,high,45.74666666666666,43.888636095679004,-1.8580305709876583,1.8580305709876583,18.0,False
random_forest,37,20260852,cvae_high_20260813_0043,cvae,high,40.77,52.209306803350955,11.439306803350952,11.439306803350952,9.0,True
random_forest,37,20260852,cvae_high_20260813_0067,cvae,high,42.74,46.97356388095235,4.233563880952346,4.233563880952346,15.0,False
random_forest,37,20260852,cvae_low_20260813_0001,cvae,low,25.207666666666668,25.083083513227507,-0.12458315343916126,0.12458315343916126,34.0,False
random_forest,37,20260852,cvae_low_20260813_0034,cvae,low,24.413666666666668,24.75430672883594,0.3406400621692711,0.3406400621692711,36.0,False
random_forest,37,20260852,cvae_low_20260813_0115,cvae,low,23.761666666666667,24.981924308642018,1.2202576419753512,1.2202576419753512,35.0,False
random_forest,37,20260852,cvae_medium_20260813_0061,cvae,medium,26.52133333333333,29.69548277954144,3.1741494462081086,3.1741494462081086,25.0,False
random_forest,37,20260852,cvae_medium_20260813_0082,cvae,medium,28.422666666666668,28.786389635361573,0.36372296869490484,0.36372296869490484,27.0,False
random_forest,37,20260852,cvae_medium_20260813_0103,cvae,medium,27.532333333333334,30.665015237213392,3.1326819038800586,3.1326819038800586,23.0,False
random_forest,37,20260852,gmm_critical_20260813_0004,gmm,critical,85.42566666666667,52.5528703024691,-32.87279636419757,32.87279636419757,7.0,True
random_forest,37,20260852,gmm_critical_20260813_0067,gmm,critical,79.342,52.00138242504405,-27.34061757495595,27.34061757495595,10.0,False
random_forest,37,20260852,gmm_critical_20260813_0072,gmm,critical,46.531,63.592374795414486,17.061374795414487,17.061374795414487,1.0,True
random_forest,37,20260852,gmm_high_20260813_0005,gmm,high,44.719,47.963156822751294,3.244156822751293,3.244156822751293,14.0,False
random_forest,37,20260852,gmm_high_20260813_0049,gmm,high,44.082,51.69611174911814,7.614111749118138,7.614111749118138,11.0,False
random_forest,37,20260852,gmm_high_20260813_0079,gmm,high,78.97833333333332,46.518223714726616,-32.46010961860671,32.46010961860671,17.0,False
random_forest,37,20260852,gmm_low_20260813_0012,gmm,low,24.410666666666668,25.311578936507935,0.9009122698412675,0.9009122698412675,32.0,False
random_forest,37,20260852,gmm_low_20260813_0036,gmm,low,25.197,25.89271353615523,0.6957135361552318,0.6957135361552318,28.0,False
random_forest,37,20260852,gmm_low_20260813_0072,gmm,low,24.93733333333333,25.77315253306881,0.8358191997354787,0.8358191997354787,29.0,False
random_forest,37,20260852,gmm_medium_20260813_0010,gmm,medium,28.833666666666662,33.4880694620811,4.654402795414438,4.654402795414438,20.0,False
random_forest,37,20260852,gmm_medium_20260813_0077,gmm,medium,28.415,31.606505948853584,3.1915059488535853,3.1915059488535853,22.0,False
random_forest,37,20260852,gmm_medium_20260813_0102,gmm,medium,33.226,30.403106476631425,-2.822893523368574,2.822893523368574,24.0,False
random_forest,37,20260852,lhs_critical_20260813_0036,lhs,critical,52.37566666666667,52.40580884479717,0.030142178130503794,0.030142178130503794,8.0,True
random_forest,37,20260852,lhs_critical_20260813_0055,lhs,critical,50.272,54.38765525,4.115655250000003,4.115655250000003,6.0,True
random_forest,37,20260852,lhs_critical_20260813_0101,lhs,critical,48.968,59.37529665520284,10.407296655202835,10.407296655202835,2.0,True
random_forest,37,20260852,lhs_high_20260813_0024,lhs,high,50.318666666666665,50.297087759259185,-0.021578907407480585,0.021578907407480585,12.0,False
random_forest,37,20260852,lhs_high_20260813_0077,lhs,high,44.736,48.90637949647263,4.170379496472634,4.170379496472634,13.0,False
random_forest,37,20260852,lhs_high_20260813_0106,lhs,high,51.74733333333334,46.926922480158744,-4.820410853174593,4.820410853174593,16.0,False
random_forest,37,20260852,lhs_low_20260813_0010,lhs,low,25.866333333333333,25.69650486243387,-0.16982847089946418,0.16982847089946418,31.0,False
random_forest,37,20260852,lhs_low_20260813_0077,lhs,low,24.584666666666667,25.73387965520287,1.1492129885362026,1.1492129885362026,30.0,False
random_forest,37,20260852,lhs_low_20260813_0128,lhs,low,24.47433333333333,25.261877570105778,0.7875442367724474,0.7875442367724474,33.0,False
random_forest,37,20260852,lhs_medium_20260813_0026,lhs,medium,28.41333333333333,28.830216832451526,0.416883499118196,0.416883499118196,26.0,False
random_forest,37,20260852,lhs_medium_20260813_0041,lhs,medium,30.77,34.21081624603174,3.4408162460317406,3.4408162460317406,19.0,False
random_forest,37,20260852,lhs_medium_20260813_0110,lhs,medium,32.588,33.01871487477951,0.4307148747795111,0.4307148747795111,21.0,False
ridge,37,20260852,cvae_critical_20260813_0030,cvae,critical,46.97633333333333,60.41245264686583,13.436119313532501,13.436119313532501,4.0,True
ridge,37,20260852,cvae_critical_20260813_0042,cvae,critical,48.01533333333333,63.365406510916785,15.350073177583454,15.350073177583454,3.0,True
ridge,37,20260852,cvae_critical_20260813_0046,cvae,critical,53.062333333333335,58.32684835495078,5.2645150216174486,5.2645150216174486,6.0,True
ridge,37,20260852,cvae_high_20260813_0033,cvae,high,45.74666666666666,47.30592210490839,1.5592554382417276,1.5592554382417276,13.0,False
ridge,37,20260852,cvae_high_20260813_0043,cvae,high,40.77,45.944406118496055,5.1744061184960515,5.1744061184960515,14.0,False
ridge,37,20260852,cvae_high_20260813_0067,cvae,high,42.74,42.77402319909753,0.03402319909752549,0.03402319909752549,15.0,False
ridge,37,20260852,cvae_low_20260813_0001,cvae,low,25.207666666666668,27.818950989312416,2.611284322645748,2.611284322645748,27.0,False
ridge,37,20260852,cvae_low_20260813_0034,cvae,low,24.413666666666668,19.557558689642324,-4.856107977024344,4.856107977024344,34.0,False
ridge,37,20260852,cvae_low_20260813_0115,cvae,low,23.761666666666667,23.36743625573702,-0.39423041092964795,0.39423041092964795,32.0,False
ridge,37,20260852,cvae_medium_20260813_0061,cvae,medium,26.52133333333333,28.781435879223686,2.260102545890355,2.260102545890355,26.0,False
ridge,37,20260852,cvae_medium_20260813_0082,cvae,medium,28.422666666666668,36.48941543117141,8.06674876450474,8.06674876450474,23.0,False
ridge,37,20260852,cvae_medium_20260813_0103,cvae,medium,27.532333333333334,40.1556347202902,12.623301386956868,12.623301386956868,18.0,False
ridge,37,20260852,gmm_critical_20260813_0004,gmm,critical,85.42566666666667,41.663235002721294,-43.76243166394538,43.76243166394538,16.0,False
ridge,37,20260852,gmm_critical_20260813_0067,gmm,critical,79.342,48.431103604507406,-30.910896395492593,30.910896395492593,11.0,False
ridge,37,20260852,gmm_critical_20260813_0072,gmm,critical,46.531,59.62014286465721,13.089142864657212,13.089142864657212,5.0,True
ridge,37,20260852,gmm_high_20260813_0005,gmm,high,44.719,50.26131356744971,5.54231356744971,5.54231356744971,9.0,True
ridge,37,20260852,gmm_high_20260813_0049,gmm,high,44.082,67.617189837618,23.535189837618,23.535189837618,2.0,True
ridge,37,20260852,gmm_high_20260813_0079,gmm,high,78.97833333333332,41.23920147235558,-37.73913186097774,37.73913186097774,17.0,False
ridge,37,20260852,gmm_low_20260813_0012,gmm,low,24.410666666666668,18.63571233555534,-5.774954331111328,5.774954331111328,35.0,False
ridge,37,20260852,gmm_low_20260813_0036,gmm,low,25.197,25.82388208821575,0.6268820882157513,0.6268820882157513,30.0,False
ridge,37,20260852,gmm_low_20260813_0072,gmm,low,24.93733333333333,24.899511142601924,-0.0378221907314078,0.0378221907314078,31.0,False
ridge,37,20260852,gmm_medium_20260813_0010,gmm,medium,28.833666666666662,39.889264875564585,11.055598208897923,11.055598208897923,19.0,False
ridge,37,20260852,gmm_medium_20260813_0077,gmm,medium,28.415,51.51010802738009,23.095108027380093,23.095108027380093,7.0,True
ridge,37,20260852,gmm_medium_20260813_0102,gmm,medium,33.226,32.80372433243562,-0.42227566756437795,0.42227566756437795,25.0,False
ridge,37,20260852,lhs_critical_20260813_0036,lhs,critical,52.37566666666667,49.81051100440264,-2.5651556622640257,2.5651556622640257,10.0,False
ridge,37,20260852,lhs_critical_20260813_0055,lhs,critical,50.272,50.94580868493496,0.6738086849349614,0.6738086849349614,8.0,True
ridge,37,20260852,lhs_critical_20260813_0101,lhs,critical,48.968,69.04290972400973,20.07490972400973,20.07490972400973,1.0,True
ridge,37,20260852,lhs_high_20260813_0024,lhs,high,50.318666666666665,47.960304711023745,-2.35836195564292,2.35836195564292,12.0,False
ridge,37,20260852,lhs_high_20260813_0077,lhs,high,44.736,38.29853691942303,-6.437463080576968,6.437463080576968,21.0,False
ridge,37,20260852,lhs_high_20260813_0106,lhs,high,51.74733333333334,38.15020993568331,-13.59712339765003,13.59712339765003,22.0,False
ridge,37,20260852,lhs_low_20260813_0010,lhs,low,25.866333333333333,20.943246759179402,-4.923086574153931,4.923086574153931,33.0,False
ridge,37,20260852,lhs_low_20260813_0077,lhs,low,24.584666666666667,26.056230423690344,1.4715637570236773,1.4715637570236773,29.0,False
ridge,37,20260852,lhs_low_20260813_0128,lhs,low,24.47433333333333,13.13345735593322,-11.34087597740011,11.34087597740011,36.0,False
ridge,37,20260852,lhs_medium_20260813_0026,lhs,medium,28.41333333333333,34.45504818743714,6.041714854103812,6.041714854103812,24.0,False
ridge,37,20260852,lhs_medium_20260813_0041,lhs,medium,30.77,27.060448289199666,-3.7095517108003335,3.7095517108003335,28.0,False
ridge,37,20260852,lhs_medium_20260813_0110,lhs,medium,32.588,38.905463327608096,6.317463327608095,6.317463327608095,20.0,False
random_forest,38,20260853,cvae_critical_20260813_0030,cvae,critical,46.97633333333333,56.26709274074077,9.290759407407442,9.290759407407442,6.0,True
random_forest,38,20260853,cvae_critical_20260813_0042,cvae,critical,48.01533333333333,55.595469284391534,7.580135951058203,7.580135951058203,8.0,True
random_forest,38,20260853,cvae_critical_20260813_0046,cvae,critical,53.062333333333335,57.876391117283916,4.814057783950581,4.814057783950581,2.0,True
random_forest,38,20260853,cvae_high_20260813_0033,cvae,high,45.74666666666666,53.55815734656089,7.811490679894227,7.811490679894227,10.0,False
random_forest,38,20260853,cvae_high_20260813_0043,cvae,high,40.77,44.04531703042328,3.275317030423274,3.275317030423274,18.0,False
random_forest,38,20260853,cvae_high_20260813_0067,cvae,high,42.74,46.786944599647285,4.046944599647283,4.046944599647283,17.0,False
random_forest,38,20260853,cvae_low_20260813_0001,cvae,low,25.207666666666668,25.138525458994703,-0.06914120767196508,0.06914120767196508,33.0,False
random_forest,38,20260853,cvae_low_20260813_0034,cvae,low,24.413666666666668,24.86470249426808,0.45103582760141236,0.45103582760141236,35.0,False
random_forest,38,20260853,cvae_low_20260813_0115,cvae,low,23.761666666666667,24.83949710846565,1.0778304417989837,1.0778304417989837,36.0,False
random_forest,38,20260853,cvae_medium_20260813_0061,cvae,medium,26.52133333333333,29.57591474867725,3.054581415343918,3.054581415343918,24.0,False
random_forest,38,20260853,cvae_medium_20260813_0082,cvae,medium,28.422666666666668,30.07880594708998,1.6561392804233108,1.6561392804233108,23.0,False
random_forest,38,20260853,cvae_medium_20260813_0103,cvae,medium,27.532333333333334,28.415666827160493,0.8833334938271591,0.8833334938271591,27.0,False
random_forest,38,20260853,gmm_critical_20260813_0004,gmm,critical,85.42566666666667,53.96863706878307,-31.457029597883604,31.457029597883604,9.0,True
random_forest,38,20260853,gmm_critical_20260813_0067,gmm,critical,79.342,56.8807466477072,-22.4612533522928,22.4612533522928,4.0,True
random_forest,38,20260853,gmm_critical_20260813_0072,gmm,critical,46.531,57.87341796428568,11.34241796428568,11.34241796428568,3.0,True
random_forest,38,20260853,gmm_high_20260813_0005,gmm,high,44.719,47.66739030070551,2.948390300705512,2.948390300705512,15.0,False
random_forest,38,20260853,gmm_high_20260813_0049,gmm,high,44.082,48.50470314065253,4.42270314065253,4.42270314065253,13.0,False
random_forest,38,20260853,gmm_high_20260813_0079,gmm,high,78.97833333333332,46.81397736772489,-32.164355965608436,32.164355965608436,16.0,False
random_forest,38,20260853,gmm_low_20260813_0012,gmm,low,24.410666666666668,25.298977373897696,0.8883107072310281,0.8883107072310281,32.0,False
random_forest,38,20260853,gmm_low_20260813_0036,gmm,low,25.197,25.363106480158752,0.16610648015875284,0.16610648015875284,31.0,False
random_forest,38,20260853,gmm_low_20260813_0072,gmm,low,24.93733333333333,25.56572885185185,0.6283955185185199,0.6283955185185199,30.0,False
random_forest,38,20260853,gmm_medium_20260813_0010,gmm,medium,28.833666666666662,32.983690421957675,4.150023755291013,4.150023755291013,20.0,False
random_forest,38,20260853,gmm_medium_20260813_0077,gmm,medium,28.415,28.981585722222224,0.566585722222225,0.566585722222225,25.0,False
random_forest,38,20260853,gmm_medium_20260813_0102,gmm,medium,33.226,30.12686731746031,-3.0991326825396897,3.0991326825396897,22.0,False
random_forest,38,20260853,lhs_critical_20260813_0036,lhs,critical,52.37566666666667,59.788519744268015,7.412853077601348,7.412853077601348,1.0,True
random_forest,38,20260853,lhs_critical_20260813_0055,lhs,critical,50.272,56.49601853042329,6.224018530423294,6.224018530423294,5.0,True
random_forest,38,20260853,lhs_critical_20260813_0101,lhs,critical,48.968,55.607676709435616,6.639676709435612,6.639676709435612,7.0,True
random_forest,38,20260853,lhs_high_20260813_0024,lhs,high,50.318666666666665,48.19491563007058,-2.123751036596083,2.123751036596083,14.0,False
random_forest,38,20260853,lhs_high_20260813_0077,lhs,high,44.736,48.50569727248677,3.7696972724867734,3.7696972724867734,12.0,False
random_forest,38,20260853,lhs_high_20260813_0106,lhs,high,51.74733333333334,50.714910951058236,-1.0324223822751009,1.0324223822751009,11.0,False
random_forest,38,20260853,lhs_low_20260813_0010,lhs,low,25.866333333333333,25.991353141093473,0.12501980776013966,0.12501980776013966,28.0,False
random_forest,38,20260853,lhs_low_20260813_0077,lhs,low,24.584666666666667,25.585699097883612,1.0010324312169452,1.0010324312169452,29.0,False
random_forest,38,20260853,lhs_low_20260813_0128,lhs,low,24.47433333333333,24.87484769179893,0.4005143584655997,0.4005143584655997,34.0,False
random_forest,38,20260853,lhs_medium_20260813_0026,lhs,medium,28.41333333333333,28.717513283509707,0.3041799501763762,0.3041799501763762,26.0,False
random_forest,38,20260853,lhs_medium_20260813_0041,lhs,medium,30.77,31.36377722486773,0.5937772248677291,0.5937772248677291,21.0,False
random_forest,38,20260853,lhs_medium_20260813_0110,lhs,medium,32.588,33.773422097883596,1.1854220978835954,1.1854220978835954,19.0,False
ridge,38,20260853,cvae_critical_20260813_0030,cvae,critical,46.97633333333333,56.934591872898864,9.958258539565534,9.958258539565534,7.0,True
ridge,38,20260853,cvae_critical_20260813_0042,cvae,critical,48.01533333333333,59.678971441499115,11.663638108165785,11.663638108165785,5.0,True
ridge,38,20260853,cvae_critical_20260813_0046,cvae,critical,53.062333333333335,60.11749932669506,7.055165993361726,7.055165993361726,4.0,True
ridge,38,20260853,cvae_high_20260813_0033,cvae,high,45.74666666666666,53.72258108227848,7.975914415611818,7.975914415611818,8.0,True
ridge,38,20260853,cvae_high_20260813_0043,cvae,high,40.77,44.043335030637564,3.2733350306375613,3.2733350306375613,16.0,False
ridge,38,20260853,cvae_high_20260813_0067,cvae,high,42.74,44.18554995194436,1.4455499519443578,1.4455499519443578,15.0,False
ridge,38,20260853,cvae_low_20260813_0001,cvae,low,25.207666666666668,28.567554031701704,3.3598873650350356,3.3598873650350356,26.0,False
ridge,38,20260853,cvae_low_20260813_0034,cvae,low,24.413666666666668,12.921206227936029,-11.492460438730639,11.492460438730639,35.0,False
ridge,38,20260853,cvae_low_20260813_0115,cvae,low,23.761666666666667,21.27493430557629,-2.4867323610903753,2.4867323610903753,33.0,False
ridge,38,20260853,cvae_medium_20260813_0061,cvae,medium,26.52133333333333,32.87420377688842,6.352870443555091,6.352870443555091,24.0,False
ridge,38,20260853,cvae_medium_20260813_0082,cvae,medium,28.422666666666668,24.98784443721409,-3.4348222294525783,3.4348222294525783,27.0,False
ridge,38,20260853,cvae_medium_20260813_0103,cvae,medium,27.532333333333334,35.5103187812626,7.977985447929264,7.977985447929264,21.0,False
ridge,38,20260853,gmm_critical_20260813_0004,gmm,critical,85.42566666666667,48.085685359369286,-37.339981307297386,37.339981307297386,11.0,False
ridge,38,20260853,gmm_critical_20260813_0067,gmm,critical,79.342,48.25885028388342,-31.08314971611658,31.08314971611658,10.0,False
ridge,38,20260853,gmm_critical_20260813_0072,gmm,critical,46.531,60.83047973226906,14.299479732269063,14.299479732269063,3.0,True
ridge,38,20260853,gmm_high_20260813_0005,gmm,high,44.719,38.463186437247614,-6.255813562752387,6.255813562752387,18.0,False
ridge,38,20260853,gmm_high_20260813_0049,gmm,high,44.082,37.25064901575182,-6.831350984248182,6.831350984248182,20.0,False
ridge,38,20260853,gmm_high_20260813_0079,gmm,high,78.97833333333332,43.155285322267424,-35.8230480110659,35.8230480110659,17.0,False
ridge,38,20260853,gmm_low_20260813_0012,gmm,low,24.410666666666668,22.740483578491784,-1.670183088174884,1.670183088174884,29.0,False
ridge,38,20260853,gmm_low_20260813_0036,gmm,low,25.197,22.64520410414057,-2.551795895859428,2.551795895859428,31.0,False
ridge,38,20260853,gmm_low_20260813_0072,gmm,low,24.93733333333333,17.868159866787494,-7.069173466545838,7.069173466545838,34.0,False
ridge,38,20260853,gmm_medium_20260813_0010,gmm,medium,28.833666666666662,34.15644204254715,5.322775375880486,5.322775375880486,23.0,False
ridge,38,20260853,gmm_medium_20260813_0077,gmm,medium,28.415,44.34506130779674,15.930061307796741,15.930061307796741,14.0,False
ridge,38,20260853,gmm_medium_20260813_0102,gmm,medium,33.226,32.3630148995984,-0.8629851004016018,0.8629851004016018,25.0,False
ridge,38,20260853,lhs_critical_20260813_0036,lhs,critical,52.37566666666667,61.406533353560334,9.030866686893667,9.030866686893667,1.0,True
ridge,38,20260853,lhs_critical_20260813_0055,lhs,critical,50.272,57.1468573710924,6.8748573710924035,6.8748573710924035,6.0,True
ridge,38,20260853,lhs_critical_20260813_0101,lhs,critical,48.968,61.384739514806604,12.4167395148066,12.4167395148066,2.0,True
ridge,38,20260853,lhs_high_20260813_0024,lhs,high,50.318666666666665,45.522483032791705,-4.796183633874961,4.796183633874961,12.0,False
ridge,38,20260853,lhs_high_20260813_0077,lhs,high,44.736,51.11214612648033,6.376146126480336,6.376146126480336,9.0,True
ridge,38,20260853,lhs_high_20260813_0106,lhs,high,51.74733333333334,44.755166912137284,-6.992166421196053,6.992166421196053,13.0,False
ridge,38,20260853,lhs_low_20260813_0010,lhs,low,25.866333333333333,12.475742499718265,-13.390590833615068,13.390590833615068,36.0,False
ridge,38,20260853,lhs_low_20260813_0077,lhs,low,24.584666666666667,22.668098865045636,-1.9165678016210315,1.9165678016210315,30.0,False
ridge,38,20260853,lhs_low_20260813_0128,lhs,low,24.47433333333333,21.567727564617343,-2.9066057687159876,2.9066057687159876,32.0,False
ridge,38,20260853,lhs_medium_20260813_0026,lhs,medium,28.41333333333333,34.869614903941425,6.456281570608095,6.456281570608095,22.0,False
ridge,38,20260853,lhs_medium_20260813_0041,lhs,medium,30.77,23.117902691536635,-7.6520973084633646,7.6520973084633646,28.0,False
ridge,38,20260853,lhs_medium_20260813_0110,lhs,medium,32.588,38.3931311936437,5.805131193643696,5.805131193643696,19.0,False
random_forest,39,20260854,cvae_critical_20260813_0030,cvae,critical,46.97633333333333,54.97620944047617,7.999876107142839,7.999876107142839,7.0,True
random_forest,39,20260854,cvae_critical_20260813_0042,cvae,critical,48.01533333333333,60.15906968386242,12.143736350529089,12.143736350529089,3.0,True
random_forest,39,20260854,cvae_critical_20260813_0046,cvae,critical,53.062333333333335,49.10006112213401,-3.962272211199327,3.962272211199327,11.0,False
random_forest,39,20260854,cvae_high_20260813_0033,cvae,high,45.74666666666666,55.12849284656082,9.381826179894155,9.381826179894155,6.0,True
random_forest,39,20260854,cvae_high_20260813_0043,cvae,high,40.77,45.81933015343916,5.049330153439158,5.049330153439158,17.0,False
random_forest,39,20260854,cvae_high_20260813_0067,cvae,high,42.74,46.62636584391532,3.8863658439153212,3.8863658439153212,16.0,False
random_forest,39,20260854,cvae_low_20260813_0001,cvae,low,25.207666666666668,25.097003407407424,-0.11066325925924403,0.11066325925924403,33.0,False
random_forest,39,20260854,cvae_low_20260813_0034,cvae,low,24.413666666666668,25.048588464726635,0.6349217980599668,0.6349217980599668,34.0,False
random_forest,39,20260854,cvae_low_20260813_0115,cvae,low,23.761666666666667,24.93424152910055,1.1725748624338834,1.1725748624338834,35.0,False
random_forest,39,20260854,cvae_medium_20260813_0061,cvae,medium,26.52133333333333,28.66948902380954,2.1481556904762087,2.1481556904762087,27.0,False
random_forest,39,20260854,cvae_medium_20260813_0082,cvae,medium,28.422666666666668,28.778748459435615,0.356081792768947,0.356081792768947,26.0,False
random_forest,39,20260854,cvae_medium_20260813_0103,cvae,medium,27.532333333333334,29.45027957804234,1.9179462447090074,1.9179462447090074,24.0,False
random_forest,39,20260854,gmm_critical_20260813_0004,gmm,critical,85.42566666666667,49.04978673677247,-36.375879929894204,36.375879929894204,12.0,False
random_forest,39,20260854,gmm_critical_20260813_0067,gmm,critical,79.342,55.562396513227455,-23.779603486772544,23.779603486772544,5.0,True
random_forest,39,20260854,gmm_critical_20260813_0072,gmm,critical,46.531,62.59651033686067,16.06551033686067,16.06551033686067,1.0,True
random_forest,39,20260854,gmm_high_20260813_0005,gmm,high,44.719,48.65436483597883,3.935364835978831,3.935364835978831,13.0,False
random_forest,39,20260854,gmm_high_20260813_0049,gmm,high,44.082,49.5428962195767,5.460896219576696,5.460896219576696,9.0,True
random_forest,39,20260854,gmm_high_20260813_0079,gmm,high,78.97833333333332,47.78740147839506,-31.190931854938263,31.190931854938263,14.0,False
random_forest,39,20260854,gmm_low_20260813_0012,gmm,low,24.410666666666668,25.148822683421525,0.7381560167548571,0.7381560167548571,32.0,False
random_forest,39,20260854,gmm_low_20260813_0036,gmm,low,25.197,25.677283124338647,0.48028312433864784,0.48028312433864784,29.0,False
random_forest,39,20260854,gmm_low_20260813_0072,gmm,low,24.93733333333333,25.235770120811296,0.2984367874779643,0.2984367874779643,31.0,False
random_forest,39,20260854,gmm_medium_20260813_0010,gmm,medium,28.833666666666662,31.014053185185162,2.1803865185184996,2.1803865185184996,21.0,False
random_forest,39,20260854,gmm_medium_20260813_0077,gmm,medium,28.415,30.614306163139293,2.199306163139294,2.199306163139294,23.0,False
random_forest,39,20260854,gmm_medium_20260813_0102,gmm,medium,33.226,30.873821452380973,-2.352178547619026,2.352178547619026,22.0,False
random_forest,39,20260854,lhs_critical_20260813_0036,lhs,critical,52.37566666666667,49.11405860229276,-3.2616080643739096,3.2616080643739096,10.0,False
random_forest,39,20260854,lhs_critical_20260813_0055,lhs,critical,50.272,61.93232700352736,11.660327003527364,11.660327003527364,2.0,True
random_forest,39,20260854,lhs_critical_20260813_0101,lhs,critical,48.968,55.6600986516755,6.692098651675494,6.692098651675494,4.0,True
random_forest,39,20260854,lhs_high_20260813_0024,lhs,high,50.318666666666665,47.76133448809526,-2.557332178571407,2.557332178571407,15.0,False
random_forest,39,20260854,lhs_high_20260813_0077,lhs,high,44.736,45.590874191798946,0.8548741917989489,0.8548741917989489,18.0,False
random_forest,39,20260854,lhs_high_20260813_0106,lhs,high,51.74733333333334,52.46367558730158,0.7163422539682429,0.7163422539682429,8.0,True
random_forest,39,20260854,lhs_low_20260813_0010,lhs,low,25.866333333333333,25.788456097883625,-0.07787723544970859,0.07787723544970859,28.0,False
random_forest,39,20260854,lhs_low_20260813_0077,lhs,low,24.584666666666667,25.543992821869505,0.959326155202838,0.959326155202838,30.0,False
random_forest,39,20260854,lhs_low_20260813_0128,lhs,low,24.47433333333333,24.781156391534424,0.30682305820109335,0.30682305820109335,36.0,False
random_forest,39,20260854,lhs_medium_20260813_0026,lhs,medium,28.41333333333333,29.249646759700173,0.8363134263668428,0.8363134263668428,25.0,False
random_forest,39,20260854,lhs_medium_20260813_0041,lhs,medium,30.77,31.01507345767194,0.2450734576719391,0.2450734576719391,20.0,False
random_forest,39,20260854,lhs_medium_20260813_0110,lhs,medium,32.588,35.20486037037038,2.6168603703703823,2.6168603703703823,19.0,False
ridge,39,20260854,cvae_critical_20260813_0030,cvae,critical,46.97633333333333,51.52414610177225,4.547812768438924,4.547812768438924,6.0,True
ridge,39,20260854,cvae_critical_20260813_0042,cvae,critical,48.01533333333333,62.76633690487493,14.751003571541602,14.751003571541602,1.0,True
ridge,39,20260854,cvae_critical_20260813_0046,cvae,critical,53.062333333333335,49.73607206597955,-3.326261267353786,3.326261267353786,9.0,True
ridge,39,20260854,cvae_high_20260813_0033,cvae,high,45.74666666666666,56.66467839080963,10.918011724142964,10.918011724142964,3.0,True
ridge,39,20260854,cvae_high_20260813_0043,cvae,high,40.77,42.875446642556106,2.105446642556103,2.105446642556103,17.0,False
ridge,39,20260854,cvae_high_20260813_0067,cvae,high,42.74,44.878571373023995,2.138571373023993,2.138571373023993,16.0,False
ridge,39,20260854,cvae_low_20260813_0001,cvae,low,25.207666666666668,30.482070928657045,5.274404261990377,5.274404261990377,26.0,False
ridge,39,20260854,cvae_low_20260813_0034,cvae,low,24.413666666666668,19.73907461621173,-4.674592050454937,4.674592050454937,31.0,False
ridge,39,20260854,cvae_low_20260813_0115,cvae,low,23.761666666666667,22.17167116618561,-1.5899955004810558,1.5899955004810558,29.0,False
ridge,39,20260854,cvae_medium_20260813_0061,cvae,medium,26.52133333333333,29.25693530221291,2.7356019688795783,2.7356019688795783,27.0,False
ridge,39,20260854,cvae_medium_20260813_0082,cvae,medium,28.422666666666668,30.61254340762457,2.189876740957903,2.189876740957903,25.0,False
ridge,39,20260854,cvae_medium_20260813_0103,cvae,medium,27.532333333333334,38.82437630895956,11.292042975626224,11.292042975626224,19.0,False
ridge,39,20260854,gmm_critical_20260813_0004,gmm,critical,85.42566666666667,46.68848386618693,-38.737182800479744,38.737182800479744,13.0,False
ridge,39,20260854,gmm_critical_20260813_0067,gmm,critical,79.342,49.66271427982531,-29.67928572017469,29.67928572017469,10.0,False
ridge,39,20260854,gmm_critical_20260813_0072,gmm,critical,46.531,61.65189346846185,15.120893468461851,15.120893468461851,2.0,True
ridge,39,20260854,gmm_high_20260813_0005,gmm,high,44.719,49.03860181181129,4.319601811811289,4.319601811811289,11.0,False
ridge,39,20260854,gmm_high_20260813_0049,gmm,high,44.082,41.42083501679246,-2.6611649832075415,2.6611649832075415,18.0,False
ridge,39,20260854,gmm_high_20260813_0079,gmm,high,78.97833333333332,47.02579521521618,-31.952538118117147,31.952538118117147,12.0,False
ridge,39,20260854,gmm_low_20260813_0012,gmm,low,24.410666666666668,18.451222667710567,-5.9594439989561,5.9594439989561,33.0,False
ridge,39,20260854,gmm_low_20260813_0036,gmm,low,25.197,13.349396092058896,-11.847603907941103,11.847603907941103,34.0,False
ridge,39,20260854,gmm_low_20260813_0072,gmm,low,24.93733333333333,20.78262244868438,-4.154710884648953,4.154710884648953,30.0,False
ridge,39,20260854,gmm_medium_20260813_0010,gmm,medium,28.833666666666662,34.842068564100245,6.008401897433583,6.008401897433583,22.0,False
ridge,39,20260854,gmm_medium_20260813_0077,gmm,medium,28.415,50.00404730030984,21.589047300309844,21.589047300309844,8.0,True
ridge,39,20260854,gmm_medium_20260813_0102,gmm,medium,33.226,37.852232749474084,4.6262327494740845,4.6262327494740845,20.0,False
ridge,39,20260854,lhs_critical_20260813_0036,lhs,critical,52.37566666666667,50.60299955563918,-1.7726671110274879,1.7726671110274879,7.0,True
ridge,39,20260854,lhs_critical_20260813_0055,lhs,critical,50.272,52.0855271362751,1.8135271362750984,1.8135271362750984,5.0,True
ridge,39,20260854,lhs_critical_20260813_0101,lhs,critical,48.968,53.82936079575954,4.861360795759538,4.861360795759538,4.0,True
ridge,39,20260854,lhs_high_20260813_0024,lhs,high,50.318666666666665,46.451741827790386,-3.8669248388762796,3.8669248388762796,14.0,False
ridge,39,20260854,lhs_high_20260813_0077,lhs,high,44.736,34.52050421136393,-10.215495788636069,10.215495788636069,23.0,False
ridge,39,20260854,lhs_high_20260813_0106,lhs,high,51.74733333333334,46.03120282420038,-5.7161305091329595,5.7161305091329595,15.0,False
ridge,39,20260854,lhs_low_20260813_0010,lhs,low,25.866333333333333,6.402855476537354,-19.46347785679598,19.46347785679598,36.0,False
ridge,39,20260854,lhs_low_20260813_0077,lhs,low,24.584666666666667,24.617560092732585,0.03289342606591816,0.03289342606591816,28.0,False
ridge,39,20260854,lhs_low_20260813_0128,lhs,low,24.47433333333333,10.934193806412544,-13.540139526920786,13.540139526920786,35.0,False
ridge,39,20260854,lhs_medium_20260813_0026,lhs,medium,28.41333333333333,30.66055652051932,2.247223187185991,2.247223187185991,24.0,False
ridge,39,20260854,lhs_medium_20260813_0041,lhs,medium,30.77,19.632817709300305,-11.137182290699695,11.137182290699695,32.0,False
ridge,39,20260854,lhs_medium_20260813_0110,lhs,medium,32.588,37.21442083244794,4.626420832447941,4.626420832447941,21.0,False
random_forest,40,20260855,cvae_critical_20260813_0030,cvae,critical,46.97633333333333,55.86553226322748,8.88919892989415,8.88919892989415,6.0,True
random_forest,40,20260855,cvae_critical_20260813_0042,cvae,critical,48.01533333333333,61.83165394312165,13.81632060978832,13.81632060978832,4.0,True
random_forest,40,20260855,cvae_critical_20260813_0046,cvae,critical,53.062333333333335,52.09810479453261,-0.9642285388007252,0.9642285388007252,12.0,False
random_forest,40,20260855,cvae_high_20260813_0033,cvae,high,45.74666666666666,45.74522093077599,-0.0014457358906696527,0.0014457358906696527,17.0,False
random_forest,40,20260855,cvae_high_20260813_0043,cvae,high,40.77,52.928106788359756,12.158106788359753,12.158106788359753,9.0,True
random_forest,40,20260855,cvae_high_20260813_0067,cvae,high,42.74,49.422517156525544,6.682517156525542,6.682517156525542,14.0,False
random_forest,40,20260855,cvae_low_20260813_0001,cvae,low,25.207666666666668,25.037120198412705,-0.17054646825396347,0.17054646825396347,34.0,False
random_forest,40,20260855,cvae_low_20260813_0034,cvae,low,24.413666666666668,24.757147638287663,0.3434809716209948,0.3434809716209948,35.0,False
random_forest,40,20260855,cvae_low_20260813_0115,cvae,low,23.761666666666667,25.093208172679176,1.3315415060125098,1.3315415060125098,33.0,False
random_forest,40,20260855,cvae_medium_20260813_0061,cvae,medium,26.52133333333333,29.57609291005291,3.0547595767195794,3.0547595767195794,25.0,False
random_forest,40,20260855,cvae_medium_20260813_0082,cvae,medium,28.422666666666668,29.917087023809525,1.4944203571428574,1.4944203571428574,23.0,False
random_forest,40,20260855,cvae_medium_20260813_0103,cvae,medium,27.532333333333334,28.354377856261035,0.8220445229277011,0.8220445229277011,27.0,False
random_forest,40,20260855,gmm_critical_20260813_0004,gmm,critical,85.42566666666667,51.20616480952376,-34.21950185714291,34.21950185714291,13.0,False
random_forest,40,20260855,gmm_critical_20260813_0067,gmm,critical,79.342,54.42054764902994,-24.921452350970057,24.921452350970057,7.0,True
random_forest,40,20260855,gmm_critical_20260813_0072,gmm,critical,46.531,63.832862545414464,17.301862545414465,17.301862545414465,2.0,True
random_forest,40,20260855,gmm_high_20260813_0005,gmm,high,44.719,47.0174432843915,2.298443284391496,2.298443284391496,15.0,False
random_forest,40,20260855,gmm_high_20260813_0049,gmm,high,44.082,56.45435156878312,12.372351568783117,12.372351568783117,5.0,True
random_forest,40,20260855,gmm_high_20260813_0079,gmm,high,78.97833333333332,46.11655627865963,-32.861777054673695,32.861777054673695,16.0,False
random_forest,40,20260855,gmm_low_20260813_0012,gmm,low,24.410666666666668,25.370198939153447,0.9595322724867792,0.9595322724867792,31.0,False
random_forest,40,20260855,gmm_low_20260813_0036,gmm,low,25.197,25.37949745238096,0.18249745238096082,0.18249745238096082,30.0,False
random_forest,40,20260855,gmm_low_20260813_0072,gmm,low,24.93733333333333,25.33224890740741,0.39491557407407996,0.39491557407407996,32.0,False
random_forest,40,20260855,gmm_medium_20260813_0010,gmm,medium,28.833666666666662,30.5972778994709,1.7636112328042373,1.7636112328042373,22.0,False
random_forest,40,20260855,gmm_medium_20260813_0077,gmm,medium,28.415,29.484712615079353,1.0697126150793537,1.0697126150793537,26.0,False
random_forest,40,20260855,gmm_medium_20260813_0102,gmm,medium,33.226,31.398403872134054,-1.8275961278659452,1.8275961278659452,21.0,False
random_forest,40,20260855,lhs_critical_20260813_0036,lhs,critical,52.37566666666667,52.763290524691314,0.3876238580246465,0.3876238580246465,10.0,False
random_forest,40,20260855,lhs_critical_20260813_0055,lhs,critical,50.272,62.01682015873014,11.744820158730143,11.744820158730143,3.0,True
random_forest,40,20260855,lhs_critical_20260813_0101,lhs,critical,48.968,64.90923908994706,15.94123908994706,15.94123908994706,1.0,True
random_forest,40,20260855,lhs_high_20260813_0024,lhs,high,50.318666666666665,44.304060746913585,-6.01460591975308,6.01460591975308,18.0,False
random_forest,40,20260855,lhs_high_20260813_0077,lhs,high,44.736,52.11262247266309,7.376622472663094,7.376622472663094,11.0,False
random_forest,40,20260855,lhs_high_20260813_0106,lhs,high,51.74733333333334,53.941821043650776,2.194487710317439,2.194487710317439,8.0,True
random_forest,40,20260855,lhs_low_20260813_0010,lhs,low,25.866333333333333,25.91287716474269,0.04654383140935536,0.04654383140935536,28.0,False
random_forest,40,20260855,lhs_low_20260813_0077,lhs,low,24.584666666666667,25.47613361447812,0.8914669478114519,0.8914669478114519,29.0,False
random_forest,40,20260855,lhs_low_20260813_0128,lhs,low,24.47433333333333,24.626989550264557,0.1526562169312271,0.1526562169312271,36.0,False
random_forest,40,20260855,lhs_medium_20260813_0026,lhs,medium,28.41333333333333,29.73884094708994,1.32550761375661,1.32550761375661,24.0,False
random_forest,40,20260855,lhs_medium_20260813_0041,lhs,medium,30.77,32.606533380070566,1.8365333800705663,1.8365333800705663,20.0,False
random_forest,40,20260855,lhs_medium_20260813_0110,lhs,medium,32.588,33.82980243827158,1.241802438271577,1.241802438271577,19.0,False
ridge,40,20260855,cvae_critical_20260813_0030,cvae,critical,46.97633333333333,51.4939639859153,4.517630652581971,4.517630652581971,8.0,True
ridge,40,20260855,cvae_critical_20260813_0042,cvae,critical,48.01533333333333,60.97667336002783,12.9613400266945,12.9613400266945,3.0,True
ridge,40,20260855,cvae_critical_20260813_0046,cvae,critical,53.062333333333335,50.456414485565205,-2.6059188477681303,2.6059188477681303,10.0,False
ridge,40,20260855,cvae_high_20260813_0033,cvae,high,45.74666666666666,52.0733162458298,6.3266495791631385,6.3266495791631385,6.0,True
ridge,40,20260855,cvae_high_20260813_0043,cvae,high,40.77,43.57846048255024,2.808460482550238,2.808460482550238,16.0,False
ridge,40,20260855,cvae_high_20260813_0067,cvae,high,42.74,43.967869010530485,1.2278690105304833,1.2278690105304833,15.0,False
ridge,40,20260855,cvae_low_20260813_0001,cvae,low,25.207666666666668,25.663690168795032,0.45602350212836384,0.45602350212836384,28.0,False
ridge,40,20260855,cvae_low_20260813_0034,cvae,low,24.413666666666668,16.246774167609715,-8.166892499056953,8.166892499056953,35.0,False
ridge,40,20260855,cvae_low_20260813_0115,cvae,low,23.761666666666667,24.965551826509518,1.2038851598428515,1.2038851598428515,30.0,False
ridge,40,20260855,cvae_medium_20260813_0061,cvae,medium,26.52133333333333,35.13626543791994,8.614932104586607,8.614932104586607,23.0,False
ridge,40,20260855,cvae_medium_20260813_0082,cvae,medium,28.422666666666668,32.61923537615552,4.196568709488854,4.196568709488854,26.0,False
ridge,40,20260855,cvae_medium_20260813_0103,cvae,medium,27.532333333333334,33.09650431055377,5.564170977220435,5.564170977220435,25.0,False
ridge,40,20260855,gmm_critical_20260813_0004,gmm,critical,85.42566666666667,41.114994259591434,-44.31067240707524,44.31067240707524,18.0,False
ridge,40,20260855,gmm_critical_20260813_0067,gmm,critical,79.342,49.29343580383285,-30.04856419616715,30.04856419616715,12.0,False
ridge,40,20260855,gmm_critical_20260813_0072,gmm,critical,46.531,60.350751876215966,13.819751876215967,13.819751876215967,4.0,True
ridge,40,20260855,gmm_high_20260813_0005,gmm,high,44.719,51.60557726698047,6.886577266980467,6.886577266980467,7.0,True
ridge,40,20260855,gmm_high_20260813_0049,gmm,high,44.082,62.96619824066772,18.884198240667722,18.884198240667722,2.0,True
ridge,40,20260855,gmm_high_20260813_0079,gmm,high,78.97833333333332,43.002676042726335,-35.97565729060699,35.97565729060699,17.0,False
ridge,40,20260855,gmm_low_20260813_0012,gmm,low,24.410666666666668,18.20170446112698,-6.208962205539688,6.208962205539688,34.0,False
ridge,40,20260855,gmm_low_20260813_0036,gmm,low,25.197,22.84911583761861,-2.3478841623813906,2.3478841623813906,31.0,False
ridge,40,20260855,gmm_low_20260813_0072,gmm,low,24.93733333333333,22.384142875555646,-2.553190457777685,2.553190457777685,32.0,False
ridge,40,20260855,gmm_medium_20260813_0010,gmm,medium,28.833666666666662,34.89376297235128,6.06009630568462,6.06009630568462,24.0,False
ridge,40,20260855,gmm_medium_20260813_0077,gmm,medium,28.415,46.52756705258193,18.11256705258193,18.11256705258193,14.0,False
ridge,40,20260855,gmm_medium_20260813_0102,gmm,medium,33.226,39.21538469070736,5.989384690707361,5.989384690707361,21.0,False
ridge,40,20260855,lhs_critical_20260813_0036,lhs,critical,52.37566666666667,49.64447105109106,-2.731195615575608,2.731195615575608,11.0,False
ridge,40,20260855,lhs_critical_20260813_0055,lhs,critical,50.272,54.54889298996219,4.276892989962192,4.276892989962192,5.0,True
ridge,40,20260855,lhs_critical_20260813_0101,lhs,critical,48.968,64.14212693187,15.174126931869992,15.174126931869992,1.0,True
ridge,40,20260855,lhs_high_20260813_0024,lhs,high,50.318666666666665,39.68134593559219,-10.637320731074475,10.637320731074475,20.0,False
ridge,40,20260855,lhs_high_20260813_0077,lhs,high,44.736,51.27616661799143,6.5401666179914315,6.5401666179914315,9.0,True
ridge,40,20260855,lhs_high_20260813_0106,lhs,high,51.74733333333334,48.204530559660604,-3.542802773672733,3.542802773672733,13.0,False
ridge,40,20260855,lhs_low_20260813_0010,lhs,low,25.866333333333333,15.004526261237935,-10.861807072095399,10.861807072095399,36.0,False
ridge,40,20260855,lhs_low_20260813_0077,lhs,low,24.584666666666667,25.15824452312529,0.5735778564586234,0.5735778564586234,29.0,False
ridge,40,20260855,lhs_low_20260813_0128,lhs,low,24.47433333333333,22.254052919815244,-2.2202804135180862,2.2202804135180862,33.0,False
ridge,40,20260855,lhs_medium_20260813_0026,lhs,medium,28.41333333333333,38.47846735008322,10.06513401674989,10.06513401674989,22.0,False
ridge,40,20260855,lhs_medium_20260813_0041,lhs,medium,30.77,29.723686582324266,-1.0463134176757336,1.0463134176757336,27.0,False
ridge,40,20260855,lhs_medium_20260813_0110,lhs,medium,32.588,39.92311477909167,7.335114779091668,7.335114779091668,19.0,False
random_forest,41,20260856,cvae_critical_20260813_0030,cvae,critical,46.97633333333333,55.862266815255744,8.885933481922415,8.885933481922415,7.0,True
random_forest,41,20260856,cvae_critical_20260813_0042,cvae,critical,48.01533333333333,55.8851629563492,7.8698296230158675,7.8698296230158675,6.0,True
random_forest,41,20260856,cvae_critical_20260813_0046,cvae,critical,53.062333333333335,62.83103499338625,9.768701660052912,9.768701660052912,1.0,True
random_forest,41,20260856,cvae_high_20260813_0033,cvae,high,45.74666666666666,46.50774884126982,0.7610821746031604,0.7610821746031604,16.0,False
random_forest,41,20260856,cvae_high_20260813_0043,cvae,high,40.77,48.4118725952381,7.641872595238098,7.641872595238098,11.0,False
random_forest,41,20260856,cvae_high_20260813_0067,cvae,high,42.74,47.35173322883594,4.611733228835938,4.611733228835938,14.0,False
random_forest,41,20260856,cvae_low_20260813_0001,cvae,low,25.207666666666668,25.233390047619032,0.02572338095236404,0.02572338095236404,32.0,False
random_forest,41,20260856,cvae_low_20260813_0034,cvae,low,24.413666666666668,24.77974706922401,0.36608040255734053,0.36608040255734053,35.0,False
random_forest,41,20260856,cvae_low_20260813_0115,cvae,low,23.761666666666667,24.88575432451502,1.124087657848353,1.124087657848353,34.0,False
random_forest,41,20260856,cvae_medium_20260813_0061,cvae,medium,26.52133333333333,28.08773444047619,1.566401107142859,1.566401107142859,27.0,False
random_forest,41,20260856,cvae_medium_20260813_0082,cvae,medium,28.422666666666668,29.751901137566172,1.3292344708995039,1.3292344708995039,24.0,False
random_forest,41,20260856,cvae_medium_20260813_0103,cvae,medium,27.532333333333334,29.055885147266352,1.5235518139330182,1.5235518139330182,26.0,False
random_forest,41,20260856,gmm_critical_20260813_0004,gmm,critical,85.42566666666667,54.19021371208108,-31.23545295458559,31.23545295458559,9.0,True
random_forest,41,20260856,gmm_critical_20260813_0067,gmm,critical,79.342,56.68553704629623,-22.656462953703766,22.656462953703766,5.0,True
random_forest,41,20260856,gmm_critical_20260813_0072,gmm,critical,46.531,61.33868910978838,14.807689109788384,14.807689109788384,2.0,True
random_forest,41,20260856,gmm_high_20260813_0005,gmm,high,44.719,45.00826895855382,0.2892689585538193,0.2892689585538193,17.0,False
random_forest,41,20260856,gmm_high_20260813_0049,gmm,high,44.082,48.05410331084649,3.9721033108464923,3.9721033108464923,12.0,False
random_forest,41,20260856,gmm_high_20260813_0079,gmm,high,78.97833333333332,47.58723887037035,-31.391094462962975,31.391094462962975,13.0,False
random_forest,41,20260856,gmm_low_20260813_0012,gmm,low,24.410666666666668,25.143477653439152,0.7328109867724848,0.7328109867724848,33.0,False
random_forest,41,20260856,gmm_low_20260813_0036,gmm,low,25.197,25.48178633465609,0.28478633465608993,0.28478633465608993,31.0,False
random_forest,41,20260856,gmm_low_20260813_0072,gmm,low,24.93733333333333,25.721852385361572,0.7845190520282408,0.7845190520282408,28.0,False
random_forest,41,20260856,gmm_medium_20260813_0010,gmm,medium,28.833666666666662,30.964630792328062,2.1309641256614,2.1309641256614,22.0,False
random_forest,41,20260856,gmm_medium_20260813_0077,gmm,medium,28.415,29.547112571428595,1.1321125714285962,1.1321125714285962,25.0,False
random_forest,41,20260856,gmm_medium_20260813_0102,gmm,medium,33.226,31.880684504409135,-1.3453154955908637,1.3453154955908637,20.0,False
random_forest,41,20260856,lhs_critical_20260813_0036,lhs,critical,52.37566666666667,60.71999240211637,8.3443257354497,8.3443257354497,3.0,True
random_forest,41,20260856,lhs_critical_20260813_0055,lhs,critical,50.272,56.87941797486774,6.607417974867744,6.607417974867744,4.0,True
random_forest,41,20260856,lhs_critical_20260813_0101,lhs,critical,48.968,54.83685026807759,5.868850268077587,5.868850268077587,8.0,True
random_forest,41,20260856,lhs_high_20260813_0024,lhs,high,50.318666666666665,44.19432355555552,-6.124343111111145,6.124343111111145,18.0,False
random_forest,41,20260856,lhs_high_20260813_0077,lhs,high,44.736,46.902519932539604,2.1665199325396074,2.1665199325396074,15.0,False
random_forest,41,20260856,lhs_high_20260813_0106,lhs,high,51.74733333333334,52.22892346693121,0.4815901335978694,0.4815901335978694,10.0,False
random_forest,41,20260856,lhs_low_20260813_0010,lhs,low,25.866333333333333,25.65395197354497,-0.21238135978836326,0.21238135978836326,29.0,False
random_forest,41,20260856,lhs_low_20260813_0077,lhs,low,24.584666666666667,25.622483768959455,1.037817102292788,1.037817102292788,30.0,False
random_forest,41,20260856,lhs_low_20260813_0128,lhs,low,24.47433333333333,24.711790907848343,0.23745757451501248,0.23745757451501248,36.0,False
random_forest,41,20260856,lhs_medium_20260813_0026,lhs,medium,28.41333333333333,29.877246185185214,1.4639128518518838,1.4639128518518838,23.0,False
random_forest,41,20260856,lhs_medium_20260813_0041,lhs,medium,30.77,31.579112213403896,0.8091122134038962,0.8091122134038962,21.0,False
random_forest,41,20260856,lhs_medium_20260813_0110,lhs,medium,32.588,32.64728411419751,0.05928411419751001,0.05928411419751001,19.0,False
ridge,41,20260856,cvae_critical_20260813_0030,cvae,critical,46.97633333333333,57.14219097828442,10.165857644951089,10.165857644951089,6.0,True
ridge,41,20260856,cvae_critical_20260813_0042,cvae,critical,48.01533333333333,54.68191345309921,6.666580119765882,6.666580119765882,7.0,True
ridge,41,20260856,cvae_critical_20260813_0046,cvae,critical,53.062333333333335,61.66190079600672,8.599567462673384,8.599567462673384,1.0,True
ridge,41,20260856,cvae_high_20260813_0033,cvae,high,45.74666666666666,52.57710472424298,6.830438057576316,6.830438057576316,9.0,True
ridge,41,20260856,cvae_high_20260813_0043,cvae,high,40.77,43.56742464377377,2.797424643773766,2.797424643773766,14.0,False
ridge,41,20260856,cvae_high_20260813_0067,cvae,high,42.74,41.064693229029,-1.6753067709710052,1.6753067709710052,16.0,False
ridge,41,20260856,cvae_low_20260813_0001,cvae,low,25.207666666666668,26.391560583860826,1.1838939171941583,1.1838939171941583,29.0,False
ridge,41,20260856,cvae_low_20260813_0034,cvae,low,24.413666666666668,23.448658488022676,-0.9650081786439912,0.9650081786439912,31.0,False
ridge,41,20260856,cvae_low_20260813_0115,cvae,low,23.761666666666667,25.347793622859854,1.586126956193187,1.586126956193187,30.0,False
ridge,41,20260856,cvae_medium_20260813_0061,cvae,medium,26.52133333333333,29.60126648281605,3.07993314948272,3.07993314948272,25.0,False
ridge,41,20260856,cvae_medium_20260813_0082,cvae,medium,28.422666666666668,27.692866373465215,-0.7298002932014533,0.7298002932014533,28.0,False
ridge,41,20260856,cvae_medium_20260813_0103,cvae,medium,27.532333333333334,39.27930700416671,11.746973670833377,11.746973670833377,17.0,False
ridge,41,20260856,gmm_critical_20260813_0004,gmm,critical,85.42566666666667,45.88964742740397,-39.5360192392627,39.5360192392627,13.0,False
ridge,41,20260856,gmm_critical_20260813_0067,gmm,critical,79.342,50.11499481278711,-29.22700518721289,29.22700518721289,10.0,False
ridge,41,20260856,gmm_critical_20260813_0072,gmm,critical,46.531,61.1746984884503,14.643698488450298,14.643698488450298,2.0,True
ridge,41,20260856,gmm_high_20260813_0005,gmm,high,44.719,38.713899671891376,-6.005100328108625,6.005100328108625,18.0,False
ridge,41,20260856,gmm_high_20260813_0049,gmm,high,44.082,37.25886386017511,-6.823136139824889,6.823136139824889,19.0,False
ridge,41,20260856,gmm_high_20260813_0079,gmm,high,78.97833333333332,43.15908828198035,-35.81924505135297,35.81924505135297,15.0,False
ridge,41,20260856,gmm_low_20260813_0012,gmm,low,24.410666666666668,20.29380131738749,-4.116865349279177,4.116865349279177,33.0,False
ridge,41,20260856,gmm_low_20260813_0036,gmm,low,25.197,17.708496680864698,-7.488503319135301,7.488503319135301,35.0,False
ridge,41,20260856,gmm_low_20260813_0072,gmm,low,24.93733333333333,14.975650145114535,-9.961683188218796,9.961683188218796,36.0,False
ridge,41,20260856,gmm_medium_20260813_0010,gmm,medium,28.833666666666662,31.636974457996033,2.8033077913293702,2.8033077913293702,24.0,False
ridge,41,20260856,gmm_medium_20260813_0077,gmm,medium,28.415,53.48555172352132,25.07055172352132,25.07055172352132,8.0,True
ridge,41,20260856,gmm_medium_20260813_0102,gmm,medium,33.226,32.296283387743095,-0.9297166122569038,0.9297166122569038,22.0,False
ridge,41,20260856,lhs_critical_20260813_0036,lhs,critical,52.37566666666667,59.50148334730949,7.125816680642821,7.125816680642821,3.0,True
ridge,41,20260856,lhs_critical_20260813_0055,lhs,critical,50.272,58.99902485813506,8.72702485813506,8.72702485813506,4.0,True
ridge,41,20260856,lhs_critical_20260813_0101,lhs,critical,48.968,57.890232513344245,8.922232513344241,8.922232513344241,5.0,True
ridge,41,20260856,lhs_high_20260813_0024,lhs,high,50.318666666666665,37.13234857005169,-13.186318096614976,13.186318096614976,20.0,False
ridge,41,20260856,lhs_high_20260813_0077,lhs,high,44.736,49.50378492844891,4.767784928448911,4.767784928448911,11.0,False
ridge,41,20260856,lhs_high_20260813_0106,lhs,high,51.74733333333334,46.674723922693325,-5.072609410640013,5.072609410640013,12.0,False
ridge,41,20260856,lhs_low_20260813_0010,lhs,low,25.866333333333333,21.526804629521507,-4.339528703811826,4.339528703811826,32.0,False
ridge,41,20260856,lhs_low_20260813_0077,lhs,low,24.584666666666667,34.40781557350433,9.823148906837663,9.823148906837663,21.0,False
ridge,41,20260856,lhs_low_20260813_0128,lhs,low,24.47433333333333,18.274839466460428,-6.199493866872903,6.199493866872903,34.0,False
ridge,41,20260856,lhs_medium_20260813_0026,lhs,medium,28.41333333333333,29.584939698576157,1.1716063652428268,1.1716063652428268,26.0,False
ridge,41,20260856,lhs_medium_20260813_0041,lhs,medium,30.77,27.783204159853174,-2.9867958401468258,2.9867958401468258,27.0,False
ridge,41,20260856,lhs_medium_20260813_0110,lhs,medium,32.588,31.88604263355909,-0.7019573664409116,0.7019573664409116,23.0,False
random_forest,42,20260857,cvae_critical_20260813_0030,cvae,critical,46.97633333333333,51.07444143694877,4.098108103615438,4.098108103615438,10.0,False
random_forest,42,20260857,cvae_critical_20260813_0042,cvae,critical,48.01533333333333,59.37908585934749,11.36375252601416,11.36375252601416,3.0,True
random_forest,42,20260857,cvae_critical_20260813_0046,cvae,critical,53.062333333333335,52.2480601507936,-0.8142731825397362,0.8142731825397362,7.0,True
random_forest,42,20260857,cvae_high_20260813_0033,cvae,high,45.74666666666666,51.82185484523807,6.075188178571409,6.075188178571409,8.0,True
random_forest,42,20260857,cvae_high_20260813_0043,cvae,high,40.77,48.45843704320987,7.688437043209866,7.688437043209866,13.0,False
random_forest,42,20260857,cvae_high_20260813_0067,cvae,high,42.74,44.61307949911817,1.8730794991181696,1.8730794991181696,17.0,False
random_forest,42,20260857,cvae_low_20260813_0001,cvae,low,25.207666666666668,25.102125945767202,-0.10554072089946587,0.10554072089946587,33.0,False
random_forest,42,20260857,cvae_low_20260813_0034,cvae,low,24.413666666666668,25.04303083024695,0.6293641635802807,0.6293641635802807,34.0,False
random_forest,42,20260857,cvae_low_20260813_0115,cvae,low,23.761666666666667,24.93159481216934,1.1699281455026735,1.1699281455026735,35.0,False
random_forest,42,20260857,cvae_medium_20260813_0061,cvae,medium,26.52133333333333,28.558448721340405,2.0371153880070736,2.0371153880070736,26.0,False
random_forest,42,20260857,cvae_medium_20260813_0082,cvae,medium,28.422666666666668,27.944155968253938,-0.4785106984127303,0.4785106984127303,27.0,False
random_forest,42,20260857,cvae_medium_20260813_0103,cvae,medium,27.532333333333334,30.275909745149917,2.7435764118165835,2.7435764118165835,23.0,False
random_forest,42,20260857,gmm_critical_20260813_0004,gmm,critical,85.42566666666667,50.78507854232801,-34.64058812433866,34.64058812433866,11.0,False
random_forest,42,20260857,gmm_critical_20260813_0067,gmm,critical,79.342,51.70916268783065,-27.63283731216935,27.63283731216935,9.0,True
random_forest,42,20260857,gmm_critical_20260813_0072,gmm,critical,46.531,63.458067879629674,16.927067879629675,16.927067879629675,1.0,True
random_forest,42,20260857,gmm_high_20260813_0005,gmm,high,44.719,48.37796635361553,3.6589663536155257,3.6589663536155257,14.0,False
random_forest,42,20260857,gmm_high_20260813_0049,gmm,high,44.082,54.816291146825414,10.734291146825413,10.734291146825413,5.0,True
random_forest,42,20260857,gmm_high_20260813_0079,gmm,high,78.97833333333332,45.03501266666663,-33.94332066666669,33.94332066666669,16.0,False
random_forest,42,20260857,gmm_low_20260813_0012,gmm,low,24.410666666666668,25.154664063933005,0.7439973972663374,0.7439973972663374,32.0,False
random_forest,42,20260857,gmm_low_20260813_0036,gmm,low,25.197,25.443288120370386,0.24628812037038728,0.24628812037038728,31.0,False
random_forest,42,20260857,gmm_low_20260813_0072,gmm,low,24.93733333333333,25.54638726455028,0.6090539312169483,0.6090539312169483,30.0,False
random_forest,42,20260857,gmm_medium_20260813_0010,gmm,medium,28.833666666666662,32.68739340917105,3.8537267425043886,3.8537267425043886,19.0,False
random_forest,42,20260857,gmm_medium_20260813_0077,gmm,medium,28.415,28.898159402557326,0.4831594025573267,0.4831594025573267,25.0,False
random_forest,42,20260857,gmm_medium_20260813_0102,gmm,medium,33.226,31.60705539417988,-1.6189446058201185,1.6189446058201185,22.0,False
random_forest,42,20260857,lhs_critical_20260813_0036,lhs,critical,52.37566666666667,61.66215144356263,9.28648477689596,9.28648477689596,2.0,True
random_forest,42,20260857,lhs_critical_20260813_0055,lhs,critical,50.272,54.5917854814815,4.319785481481503,4.319785481481503,6.0,True
random_forest,42,20260857,lhs_critical_20260813_0101,lhs,critical,48.968,58.019847834656076,9.051847834656073,9.051847834656073,4.0,True
random_forest,42,20260857,lhs_high_20260813_0024,lhs,high,50.318666666666665,43.31821207054669,-7.0004545961199725,7.0004545961199725,18.0,False
random_forest,42,20260857,lhs_high_20260813_0077,lhs,high,44.736,47.71741760670194,2.981417606701946,2.981417606701946,15.0,False
random_forest,42,20260857,lhs_high_20260813_0106,lhs,high,51.74733333333334,50.13055591005289,-1.6167774232804462,1.6167774232804462,12.0,False
random_forest,42,20260857,lhs_low_20260813_0010,lhs,low,25.866333333333333,25.783356551587307,-0.08297678174602652,0.08297678174602652,29.0,False
random_forest,42,20260857,lhs_low_20260813_0077,lhs,low,24.584666666666667,26.123513670194033,1.5388470035273656,1.5388470035273656,28.0,False
random_forest,42,20260857,lhs_low_20260813_0128,lhs,low,24.47433333333333,24.898752386243416,0.4244190529100855,0.4244190529100855,36.0,False
random_forest,42,20260857,lhs_medium_20260813_0026,lhs,medium,28.41333333333333,29.61535693915345,1.20202360582012,1.20202360582012,24.0,False
random_forest,42,20260857,lhs_medium_20260813_0041,lhs,medium,30.77,31.80440654409171,1.0344065440917092,1.0344065440917092,21.0,False
random_forest,42,20260857,lhs_medium_20260813_0110,lhs,medium,32.588,32.59827668518514,0.010276685185139911,0.010276685185139911,20.0,False
ridge,42,20260857,cvae_critical_20260813_0030,cvae,critical,46.97633333333333,49.50125597750937,2.524922644176044,2.524922644176044,11.0,False
ridge,42,20260857,cvae_critical_20260813_0042,cvae,critical,48.01533333333333,61.927973603793745,13.912640270460415,13.912640270460415,4.0,True
ridge,42,20260857,cvae_critical_20260813_0046,cvae,critical,53.062333333333335,48.67212614702637,-4.3902071863069665,4.3902071863069665,12.0,False
ridge,42,20260857,cvae_high_20260813_0033,cvae,high,45.74666666666666,51.87871697509917,6.132050308432504,6.132050308432504,8.0,True
ridge,42,20260857,cvae_high_20260813_0043,cvae,high,40.77,47.15087628325939,6.38087628325939,6.38087628325939,13.0,False
ridge,42,20260857,cvae_high_20260813_0067,cvae,high,42.74,41.05880570218523,-1.6811942978147698,1.6811942978147698,20.0,False
ridge,42,20260857,cvae_low_20260813_0001,cvae,low,25.207666666666668,24.496199540140378,-0.7114671265262906,0.7114671265262906,29.0,False
ridge,42,20260857,cvae_low_20260813_0034,cvae,low,24.413666666666668,20.862010936881454,-3.551655729785214,3.551655729785214,33.0,False
ridge,42,20260857,cvae_low_20260813_0115,cvae,low,23.761666666666667,24.323915577282097,0.5622489106154305,0.5622489106154305,30.0,False
ridge,42,20260857,cvae_medium_20260813_0061,cvae,medium,26.52133333333333,34.30569254293974,7.784359209606407,7.784359209606407,24.0,False
ridge,42,20260857,cvae_medium_20260813_0082,cvae,medium,28.422666666666668,30.723518339068434,2.300851672401766,2.300851672401766,26.0,False
ridge,42,20260857,cvae_medium_20260813_0103,cvae,medium,27.532333333333334,37.78458569931493,10.252252365981597,10.252252365981597,23.0,False
ridge,42,20260857,gmm_critical_20260813_0004,gmm,critical,85.42566666666667,41.0919393780681,-44.333727288598574,44.333727288598574,19.0,False
ridge,42,20260857,gmm_critical_20260813_0067,gmm,critical,79.342,51.09516659521686,-28.24683340478314,28.24683340478314,9.0,True
ridge,42,20260857,gmm_critical_20260813_0072,gmm,critical,46.531,62.67464372553642,16.14364372553642,16.14364372553642,3.0,True
ridge,42,20260857,gmm_high_20260813_0005,gmm,high,44.719,50.520561565195344,5.8015615651953425,5.8015615651953425,10.0,False
ridge,42,20260857,gmm_high_20260813_0049,gmm,high,44.082,65.85602221648361,21.77402221648361,21.77402221648361,1.0,True
ridge,42,20260857,gmm_high_20260813_0079,gmm,high,78.97833333333332,45.05410786024921,-33.924225473084114,33.924225473084114,15.0,False
ridge,42,20260857,gmm_low_20260813_0012,gmm,low,24.410666666666668,23.22824669946878,-1.1824199671978874,1.1824199671978874,32.0,False
ridge,42,20260857,gmm_low_20260813_0036,gmm,low,25.197,19.11661076220635,-6.08038923779365,6.08038923779365,34.0,False
ridge,42,20260857,gmm_low_20260813_0072,gmm,low,24.93733333333333,12.614710507595206,-12.322622825738126,12.322622825738126,36.0,False
ridge,42,20260857,gmm_medium_20260813_0010,gmm,medium,28.833666666666662,39.69413988058586,10.860473213919196,10.860473213919196,21.0,False
ridge,42,20260857,gmm_medium_20260813_0077,gmm,medium,28.415,38.369151817071504,9.954151817071505,9.954151817071505,22.0,False
ridge,42,20260857,gmm_medium_20260813_0102,gmm,medium,33.226,42.97867636819961,9.752676368199609,9.752676368199609,18.0,False
ridge,42,20260857,lhs_critical_20260813_0036,lhs,critical,52.37566666666667,64.56810100139396,12.192434334727288,12.192434334727288,2.0,True
ridge,42,20260857,lhs_critical_20260813_0055,lhs,critical,50.272,52.885030761611986,2.613030761611988,2.613030761611988,6.0,True
ridge,42,20260857,lhs_critical_20260813_0101,lhs,critical,48.968,57.51873382922561,8.550733829225607,8.550733829225607,5.0,True
ridge,42,20260857,lhs_high_20260813_0024,lhs,high,50.318666666666665,44.19218847064551,-6.126478196021154,6.126478196021154,17.0,False
ridge,42,20260857,lhs_high_20260813_0077,lhs,high,44.736,44.45196848672859,-0.2840315132714082,0.2840315132714082,16.0,False
ridge,42,20260857,lhs_high_20260813_0106,lhs,high,51.74733333333334,52.616823880493925,0.8694905471605878,0.8694905471605878,7.0,True
ridge,42,20260857,lhs_low_20260813_0010,lhs,low,25.866333333333333,23.725811806097177,-2.1405215272361566,2.1405215272361566,31.0,False
ridge,42,20260857,lhs_low_20260813_0077,lhs,low,24.584666666666667,28.675486801866132,4.090820135199465,4.090820135199465,28.0,False
ridge,42,20260857,lhs_low_20260813_0128,lhs,low,24.47433333333333,18.726084962142316,-5.748248371191014,5.748248371191014,35.0,False
ridge,42,20260857,lhs_medium_20260813_0026,lhs,medium,28.41333333333333,34.206598009620066,5.793264676286736,5.793264676286736,25.0,False
ridge,42,20260857,lhs_medium_20260813_0041,lhs,medium,30.77,28.945736361630686,-1.8242636383693132,1.8242636383693132,27.0,False
ridge,42,20260857,lhs_medium_20260813_0110,lhs,medium,32.588,46.64910404897294,14.061104048972936,14.061104048972936,14.0,False
random_forest,43,20260858,cvae_critical_20260813_0030,cvae,critical,46.97633333333333,56.71253453306879,9.736201199735461,9.736201199735461,5.0,True
random_forest,43,20260858,cvae_critical_20260813_0042,cvae,critical,48.01533333333333,54.844134521164015,6.828801187830685,6.828801187830685,7.0,True
random_forest,43,20260858,cvae_critical_20260813_0046,cvae,critical,53.062333333333335,63.86770689550262,10.805373562169287,10.805373562169287,2.0,True
random_forest,43,20260858,cvae_high_20260813_0033,cvae,high,45.74666666666666,44.998009912698414,-0.7486567539682483,0.7486567539682483,17.0,False
random_forest,43,20260858,cvae_high_20260813_0043,cvae,high,40.77,48.33141499531022,7.561414995310216,7.561414995310216,12.0,False
random_forest,43,20260858,cvae_high_20260813_0067,cvae,high,42.74,48.376772685185166,5.636772685185164,5.636772685185164,11.0,False
random_forest,43,20260858,cvae_low_20260813_0001,cvae,low,25.207666666666668,25.23416481613757,0.026498149470903343,0.026498149470903343,33.0,False
random_forest,43,20260858,cvae_low_20260813_0034,cvae,low,24.413666666666668,24.989472828042327,0.5758061613756595,0.5758061613756595,34.0,False
random_forest,43,20260858,cvae_low_20260813_0115,cvae,low,23.761666666666667,24.878182334656096,1.1165156679894288,1.1165156679894288,36.0,False
random_forest,43,20260858,cvae_medium_20260813_0061,cvae,medium,26.52133333333333,29.905196318783055,3.383862985449724,3.383862985449724,22.0,False
random_forest,43,20260858,cvae_medium_20260813_0082,cvae,medium,28.422666666666668,28.23424484391536,-0.1884218227513088,0.1884218227513088,27.0,False
random_forest,43,20260858,cvae_medium_20260813_0103,cvae,medium,27.532333333333334,29.06897773897704,1.536644405643706,1.536644405643706,26.0,False
random_forest,43,20260858,gmm_critical_20260813_0004,gmm,critical,85.42566666666667,54.188972044091706,-31.236694622574966,31.236694622574966,8.0,True
random_forest,43,20260858,gmm_critical_20260813_0067,gmm,critical,79.342,55.90516533465604,-23.43683466534396,23.43683466534396,6.0,True
random_forest,43,20260858,gmm_critical_20260813_0072,gmm,critical,46.531,61.636781506613694,15.105781506613695,15.105781506613695,3.0,True
random_forest,43,20260858,gmm_high_20260813_0005,gmm,high,44.719,45.225752349206324,0.5067523492063231,0.5067523492063231,16.0,False
random_forest,43,20260858,gmm_high_20260813_0049,gmm,high,44.082,48.24836152573345,4.16636152573345,4.16636152573345,13.0,False
random_forest,43,20260858,gmm_high_20260813_0079,gmm,high,78.97833333333332,46.08894071031746,-32.889392623015866,32.889392623015866,15.0,False
random_forest,43,20260858,gmm_low_20260813_0012,gmm,low,24.410666666666668,25.39313250925926,0.9824658425925925,0.9824658425925925,31.0,False
random_forest,43,20260858,gmm_low_20260813_0036,gmm,low,25.197,25.376151310846584,0.17915131084658498,0.17915131084658498,32.0,False
random_forest,43,20260858,gmm_low_20260813_0072,gmm,low,24.93733333333333,26.098297326278665,1.1609639929453337,1.1609639929453337,28.0,False
random_forest,43,20260858,gmm_medium_20260813_0010,gmm,medium,28.833666666666662,30.888612787037026,2.0549461203703636,2.0549461203703636,20.0,False
random_forest,43,20260858,gmm_medium_20260813_0077,gmm,medium,28.415,29.726807937389744,1.3118079373897444,1.3118079373897444,23.0,False
random_forest,43,20260858,gmm_medium_20260813_0102,gmm,medium,33.226,29.351721103174615,-3.874278896825384,3.874278896825384,24.0,False
random_forest,43,20260858,lhs_critical_20260813_0036,lhs,critical,52.37566666666667,53.97405101895941,1.5983843522927401,1.5983843522927401,9.0,True
random_forest,43,20260858,lhs_critical_20260813_0055,lhs,critical,50.272,58.91528532732085,8.643285327320854,8.643285327320854,4.0,True
random_forest,43,20260858,lhs_critical_20260813_0101,lhs,critical,48.968,64.78562358333332,15.817623583333315,15.817623583333315,1.0,True
random_forest,43,20260858,lhs_high_20260813_0024,lhs,high,50.318666666666665,43.35328276719578,-6.965383899470886,6.965383899470886,18.0,False
random_forest,43,20260858,lhs_high_20260813_0077,lhs,high,44.736,48.185784490019195,3.449784490019198,3.449784490019198,14.0,False
random_forest,43,20260858,lhs_high_20260813_0106,lhs,high,51.74733333333334,52.79311210405641,1.045778770723075,1.045778770723075,10.0,False
random_forest,43,20260858,lhs_low_20260813_0010,lhs,low,25.866333333333333,25.600847254850112,-0.2654860784832209,0.2654860784832209,29.0,False
random_forest,43,20260858,lhs_low_20260813_0077,lhs,low,24.584666666666667,25.47216488492064,0.8874982182539739,0.8874982182539739,30.0,False
random_forest,43,20260858,lhs_low_20260813_0128,lhs,low,24.47433333333333,24.886305182539672,0.411971849206342,0.411971849206342,35.0,False
random_forest,43,20260858,lhs_medium_20260813_0026,lhs,medium,28.41333333333333,29.124584328042303,0.7112509947089727,0.7112509947089727,25.0,False
random_forest,43,20260858,lhs_medium_20260813_0041,lhs,medium,30.77,30.15313841975309,-0.6168615802469084,0.6168615802469084,21.0,False
random_forest,43,20260858,lhs_medium_20260813_0110,lhs,medium,32.588,33.59974815079362,1.011748150793622,1.011748150793622,19.0,False
ridge,43,20260858,cvae_critical_20260813_0030,cvae,critical,46.97633333333333,57.3928116447692,10.416478311435874,10.416478311435874,4.0,True
ridge,43,20260858,cvae_critical_20260813_0042,cvae,critical,48.01533333333333,55.189984261948744,7.174650928615414,7.174650928615414,6.0,True
ridge,43,20260858,cvae_critical_20260813_0046,cvae,critical,53.062333333333335,63.43253925276163,10.370205919428294,10.370205919428294,2.0,True
ridge,43,20260858,cvae_high_20260813_0033,cvae,high,45.74666666666666,52.74597124255663,6.9993045758899655,6.9993045758899655,7.0,True
ridge,43,20260858,cvae_high_20260813_0043,cvae,high,40.77,42.82961747750872,2.0596174775087164,2.0596174775087164,16.0,False
ridge,43,20260858,cvae_high_20260813_0067,cvae,high,42.74,48.186532270581644,5.446532270581642,5.446532270581642,12.0,False
ridge,43,20260858,cvae_low_20260813_0001,cvae,low,25.207666666666668,25.62718156547124,0.4195148988045716,0.4195148988045716,28.0,False
ridge,43,20260858,cvae_low_20260813_0034,cvae,low,24.413666666666668,21.241326909239728,-3.17233975742694,3.17233975742694,31.0,False
ridge,43,20260858,cvae_low_20260813_0115,cvae,low,23.761666666666667,22.615238915394002,-1.1464277512726646,1.1464277512726646,30.0,False
ridge,43,20260858,cvae_medium_20260813_0061,cvae,medium,26.52133333333333,25.929349624729873,-0.5919837086034576,0.5919837086034576,27.0,False
ridge,43,20260858,cvae_medium_20260813_0082,cvae,medium,28.422666666666668,31.88536108346814,3.4626944168014724,3.4626944168014724,23.0,False
ridge,43,20260858,cvae_medium_20260813_0103,cvae,medium,27.532333333333334,37.58562848705483,10.053295153721493,10.053295153721493,20.0,False
ridge,43,20260858,gmm_critical_20260813_0004,gmm,critical,85.42566666666667,45.65913303483304,-39.76653363183363,39.76653363183363,14.0,False
ridge,43,20260858,gmm_critical_20260813_0067,gmm,critical,79.342,51.02566081967886,-28.316339180321137,28.316339180321137,10.0,False
ridge,43,20260858,gmm_critical_20260813_0072,gmm,critical,46.531,60.3154087924222,13.784408792422198,13.784408792422198,3.0,True
ridge,43,20260858,gmm_high_20260813_0005,gmm,high,44.719,40.45976395954512,-4.25923604045488,4.25923604045488,17.0,False
ridge,43,20260858,gmm_high_20260813_0049,gmm,high,44.082,37.83101090470781,-6.250989095292191,6.250989095292191,19.0,False
ridge,43,20260858,gmm_high_20260813_0079,gmm,high,78.97833333333332,43.19713745659416,-35.78119587673916,35.78119587673916,15.0,False
ridge,43,20260858,gmm_low_20260813_0012,gmm,low,24.410666666666668,18.51816310658777,-5.892503560078897,5.892503560078897,33.0,False
ridge,43,20260858,gmm_low_20260813_0036,gmm,low,25.197,20.570855646142537,-4.6261443538574625,4.6261443538574625,32.0,False
ridge,43,20260858,gmm_low_20260813_0072,gmm,low,24.93733333333333,12.2682384520071,-12.669094881326231,12.669094881326231,36.0,False
ridge,43,20260858,gmm_medium_20260813_0010,gmm,medium,28.833666666666662,34.26926153453566,5.435594867868996,5.435594867868996,21.0,False
ridge,43,20260858,gmm_medium_20260813_0077,gmm,medium,28.415,51.037768275913464,22.622768275913465,22.622768275913465,9.0,True
ridge,43,20260858,gmm_medium_20260813_0102,gmm,medium,33.226,29.48627986766074,-3.739720132339258,3.739720132339258,24.0,False
ridge,43,20260858,lhs_critical_20260813_0036,lhs,critical,52.37566666666667,52.618872015149606,0.24320534848293818,0.24320534848293818,8.0,True
ridge,43,20260858,lhs_critical_20260813_0055,lhs,critical,50.272,56.79984320854811,6.527843208548113,6.527843208548113,5.0,True
ridge,43,20260858,lhs_critical_20260813_0101,lhs,critical,48.968,63.729710520123874,14.76171052012387,14.76171052012387,1.0,True
ridge,43,20260858,lhs_high_20260813_0024,lhs,high,50.318666666666665,40.35860036291931,-9.960066303747354,9.960066303747354,18.0,False
ridge,43,20260858,lhs_high_20260813_0077,lhs,high,44.736,50.017416287911026,5.2814162879110285,5.2814162879110285,11.0,False
ridge,43,20260858,lhs_high_20260813_0106,lhs,high,51.74733333333334,47.55765155749601,-4.189681775837329,4.189681775837329,13.0,False
ridge,43,20260858,lhs_low_20260813_0010,lhs,low,25.866333333333333,15.454211980647305,-10.412121352686029,10.412121352686029,34.0,False
ridge,43,20260858,lhs_low_20260813_0077,lhs,low,24.584666666666667,25.249539453132776,0.664872786466109,0.664872786466109,29.0,False
ridge,43,20260858,lhs_low_20260813_0128,lhs,low,24.47433333333333,15.179831355486279,-9.294501977847052,9.294501977847052,35.0,False
ridge,43,20260858,lhs_medium_20260813_0026,lhs,medium,28.41333333333333,28.149792687369427,-0.2635406459639036,0.2635406459639036,26.0,False
ridge,43,20260858,lhs_medium_20260813_0041,lhs,medium,30.77,29.40801096341008,-1.361989036589918,1.361989036589918,25.0,False
ridge,43,20260858,lhs_medium_20260813_0110,lhs,medium,32.588,33.556560573990545,0.9685605739905441,0.9685605739905441,22.0,False
random_forest,44,20260859,cvae_critical_20260813_0030,cvae,critical,46.97633333333333,55.02140633862434,8.045073005291009,8.045073005291009,6.0,True
random_forest,44,20260859,cvae_critical_20260813_0042,cvae,critical,48.01533333333333,54.6494493553792,6.634116022045866,6.634116022045866,7.0,True
random_forest,44,20260859,cvae_critical_20260813_0046,cvae,critical,53.062333333333335,60.253571615079345,7.19123828174601,7.19123828174601,2.0,True
random_forest,44,20260859,cvae_high_20260813_0033,cvae,high,45.74666666666666,56.104562448412665,10.357895781746002,10.357895781746002,5.0,True
random_forest,44,20260859,cvae_high_20260813_0043,cvae,high,40.77,44.55718086155199,3.787180861551988,3.787180861551988,18.0,False
random_forest,44,20260859,cvae_high_20260813_0067,cvae,high,42.74,48.08365674603171,5.343656746031705,5.343656746031705,15.0,False
random_forest,44,20260859,cvae_low_20260813_0001,cvae,low,25.207666666666668,25.506681257936535,0.2990145912698665,0.2990145912698665,30.0,False
random_forest,44,20260859,cvae_low_20260813_0034,cvae,low,24.413666666666668,24.89324699735451,0.4795803306878419,0.4795803306878419,34.0,False
random_forest,44,20260859,cvae_low_20260813_0115,cvae,low,23.761666666666667,24.817778349206367,1.0561116825397008,1.0561116825397008,35.0,False
random_forest,44,20260859,cvae_medium_20260813_0061,cvae,medium,26.52133333333333,29.985814714726583,3.4644813813932522,3.4644813813932522,23.0,False
random_forest,44,20260859,cvae_medium_20260813_0082,cvae,medium,28.422666666666668,28.570659591269845,0.1479929246031766,0.1479929246031766,27.0,False
random_forest,44,20260859,cvae_medium_20260813_0103,cvae,medium,27.532333333333334,29.444368867724904,1.9120355343915705,1.9120355343915705,26.0,False
random_forest,44,20260859,gmm_critical_20260813_0004,gmm,critical,85.42566666666667,53.21786473544975,-32.20780193121692,32.20780193121692,9.0,True
random_forest,44,20260859,gmm_critical_20260813_0067,gmm,critical,79.342,51.506371895061726,-27.835628104938273,27.835628104938273,11.0,False
random_forest,44,20260859,gmm_critical_20260813_0072,gmm,critical,46.531,61.341878913780675,14.810878913780677,14.810878913780677,1.0,True
random_forest,44,20260859,gmm_high_20260813_0005,gmm,high,44.719,45.05323908024687,0.3342390802468671,0.3342390802468671,17.0,False
random_forest,44,20260859,gmm_high_20260813_0049,gmm,high,44.082,50.73309576719574,6.651095767195741,6.651095767195741,13.0,False
random_forest,44,20260859,gmm_high_20260813_0079,gmm,high,78.97833333333332,46.47591940079363,-32.502413932539696,32.502413932539696,16.0,False
random_forest,44,20260859,gmm_low_20260813_0012,gmm,low,24.410666666666668,25.26725125,0.8565845833333334,0.8565845833333334,33.0,False
random_forest,44,20260859,gmm_low_20260813_0036,gmm,low,25.197,25.390072116843037,0.19307211684303738,0.19307211684303738,32.0,False
random_forest,44,20260859,gmm_low_20260813_0072,gmm,low,24.93733333333333,25.547589156084683,0.6102558227513519,0.6102558227513519,29.0,False
random_forest,44,20260859,gmm_medium_20260813_0010,gmm,medium,28.833666666666662,32.9941995520282,4.160532885361537,4.160532885361537,20.0,False
random_forest,44,20260859,gmm_medium_20260813_0077,gmm,medium,28.415,29.92897429894181,1.513974298941811,1.513974298941811,24.0,False
random_forest,44,20260859,gmm_medium_20260813_0102,gmm,medium,33.226,31.089225789682533,-2.1367742103174656,2.1367742103174656,22.0,False
random_forest,44,20260859,lhs_critical_20260813_0036,lhs,critical,52.37566666666667,53.72054453791888,1.3448778712522156,1.3448778712522156,8.0,True
random_forest,44,20260859,lhs_critical_20260813_0055,lhs,critical,50.272,58.30774741774891,8.035747417748908,8.035747417748908,4.0,True
random_forest,44,20260859,lhs_critical_20260813_0101,lhs,critical,48.968,58.57996596119928,9.611965961199274,9.611965961199274,3.0,True
random_forest,44,20260859,lhs_high_20260813_0024,lhs,high,50.318666666666665,52.646820124098106,2.3281534574314406,2.3281534574314406,10.0,False
random_forest,44,20260859,lhs_high_20260813_0077,lhs,high,44.736,50.816714013227504,6.080714013227507,6.080714013227507,12.0,False
random_forest,44,20260859,lhs_high_20260813_0106,lhs,high,51.74733333333334,48.11030375264551,-3.6370295806878303,3.6370295806878303,14.0,False
random_forest,44,20260859,lhs_low_20260813_0010,lhs,low,25.866333333333333,25.41801082275135,-0.4483225105819848,0.4483225105819848,31.0,False
random_forest,44,20260859,lhs_low_20260813_0077,lhs,low,24.584666666666667,25.96222259656087,1.3775559298942035,1.3775559298942035,28.0,False
random_forest,44,20260859,lhs_low_20260813_0128,lhs,low,24.47433333333333,24.708451402116406,0.23411806878307573,0.23411806878307573,36.0,False
random_forest,44,20260859,lhs_medium_20260813_0026,lhs,medium,28.41333333333333,29.710990388888906,1.2976570555555753,1.2976570555555753,25.0,False
random_forest,44,20260859,lhs_medium_20260813_0041,lhs,medium,30.77,31.804548148148157,1.0345481481481578,1.0345481481481578,21.0,False
random_forest,44,20260859,lhs_medium_20260813_0110,lhs,medium,32.588,35.329198147707196,2.7411981477071947,2.7411981477071947,19.0,False
ridge,44,20260859,cvae_critical_20260813_0030,cvae,critical,46.97633333333333,57.38860051762744,10.412267184294109,10.412267184294109,5.0,True
ridge,44,20260859,cvae_critical_20260813_0042,cvae,critical,48.01533333333333,55.28776535832096,7.27243202498763,7.27243202498763,7.0,True
ridge,44,20260859,cvae_critical_20260813_0046,cvae,critical,53.062333333333335,62.819808428742576,9.75747509540924,9.75747509540924,2.0,True
ridge,44,20260859,cvae_high_20260813_0033,cvae,high,45.74666666666666,56.301215339423635,10.554548672756972,10.554548672756972,6.0,True
ridge,44,20260859,cvae_high_20260813_0043,cvae,high,40.77,37.401018382975586,-3.368981617024417,3.368981617024417,19.0,False
ridge,44,20260859,cvae_high_20260813_0067,cvae,high,42.74,47.17776962550643,4.4377696255064265,4.4377696255064265,10.0,False
ridge,44,20260859,cvae_low_20260813_0001,cvae,low,25.207666666666668,29.093078072886236,3.8854114062195677,3.8854114062195677,28.0,False
ridge,44,20260859,cvae_low_20260813_0034,cvae,low,24.413666666666668,22.202718775984856,-2.210947890681812,2.210947890681812,32.0,False
ridge,44,20260859,cvae_low_20260813_0115,cvae,low,23.761666666666667,20.39062402316273,-3.3710426435039373,3.3710426435039373,33.0,False
ridge,44,20260859,cvae_medium_20260813_0061,cvae,medium,26.52133333333333,28.061872791188385,1.5405394578550542,1.5405394578550542,30.0,False
ridge,44,20260859,cvae_medium_20260813_0082,cvae,medium,28.422666666666668,29.11542404804308,0.6927573813764134,0.6927573813764134,27.0,False
ridge,44,20260859,cvae_medium_20260813_0103,cvae,medium,27.532333333333334,32.30303661867046,4.770703285337127,4.770703285337127,24.0,False
ridge,44,20260859,gmm_critical_20260813_0004,gmm,critical,85.42566666666667,44.17411655874161,-41.25155010792506,41.25155010792506,13.0,False
ridge,44,20260859,gmm_critical_20260813_0067,gmm,critical,79.342,51.76921654578351,-27.57278345421649,27.57278345421649,8.0,True
ridge,44,20260859,gmm_critical_20260813_0072,gmm,critical,46.531,63.34494661574425,16.81394661574425,16.81394661574425,1.0,True
ridge,44,20260859,gmm_high_20260813_0005,gmm,high,44.719,40.33571232013674,-4.383287679863258,4.383287679863258,16.0,False
ridge,44,20260859,gmm_high_20260813_0049,gmm,high,44.082,42.187340158812944,-1.8946598411870568,1.8946598411870568,14.0,False
ridge,44,20260859,gmm_high_20260813_0079,gmm,high,78.97833333333332,45.127390005347465,-33.85094332798586,33.85094332798586,11.0,False
ridge,44,20260859,gmm_low_20260813_0012,gmm,low,24.410666666666668,28.564837262818802,4.1541705961521345,4.1541705961521345,29.0,False
ridge,44,20260859,gmm_low_20260813_0036,gmm,low,25.197,30.42835359947962,5.231353599479622,5.231353599479622,26.0,False
ridge,44,20260859,gmm_low_20260813_0072,gmm,low,24.93733333333333,6.085842821626251,-18.85149051170708,18.85149051170708,36.0,False
ridge,44,20260859,gmm_medium_20260813_0010,gmm,medium,28.833666666666662,35.70546212689028,6.87179546022362,6.87179546022362,23.0,False
ridge,44,20260859,gmm_medium_20260813_0077,gmm,medium,28.415,40.541406475587806,12.126406475587807,12.126406475587807,15.0,False
ridge,44,20260859,gmm_medium_20260813_0102,gmm,medium,33.226,35.801304802687824,2.5753048026878247,2.5753048026878247,22.0,False
ridge,44,20260859,lhs_critical_20260813_0036,lhs,critical,52.37566666666667,51.68505242130125,-0.6906142453654169,0.6906142453654169,9.0,True
ridge,44,20260859,lhs_critical_20260813_0055,lhs,critical,50.272,60.519729433693,10.247729433693003,10.247729433693003,4.0,True
ridge,44,20260859,lhs_critical_20260813_0101,lhs,critical,48.968,61.88260377515116,12.914603775151157,12.914603775151157,3.0,True
ridge,44,20260859,lhs_high_20260813_0024,lhs,high,50.318666666666665,38.25269657001776,-12.065970096648904,12.065970096648904,18.0,False
ridge,44,20260859,lhs_high_20260813_0077,lhs,high,44.736,37.32303651218592,-7.412963487814075,7.412963487814075,20.0,False
ridge,44,20260859,lhs_high_20260813_0106,lhs,high,51.74733333333334,39.22281839593815,-12.524514937395189,12.524514937395189,17.0,False
ridge,44,20260859,lhs_low_20260813_0010,lhs,low,25.866333333333333,9.217436626540596,-16.648896706792737,16.648896706792737,35.0,False
ridge,44,20260859,lhs_low_20260813_0077,lhs,low,24.584666666666667,30.936695866754945,6.352029200088278,6.352029200088278,25.0,False
ridge,44,20260859,lhs_low_20260813_0128,lhs,low,24.47433333333333,19.230697887772372,-5.243635445560958,5.243635445560958,34.0,False
ridge,44,20260859,lhs_medium_20260813_0026,lhs,medium,28.41333333333333,36.209499534583415,7.7961662012500845,7.7961662012500845,21.0,False
ridge,44,20260859,lhs_medium_20260813_0041,lhs,medium,30.77,27.53649949775689,-3.2335005022431105,3.2335005022431105,31.0,False
ridge,44,20260859,lhs_medium_20260813_0110,lhs,medium,32.588,44.3891838030807,11.801183803080697,11.801183803080697,12.0,False
random_forest,45,20260860,cvae_critical_20260813_0030,cvae,critical,46.97633333333333,54.25990147089944,7.283568137566114,7.283568137566114,7.0,True
random_forest,45,20260860,cvae_critical_20260813_0042,cvae,critical,48.01533333333333,54.04230016093474,6.026966827601406,6.026966827601406,8.0,True
random_forest,45,20260860,cvae_critical_20260813_0046,cvae,critical,53.062333333333335,63.854237902557315,10.79190456922398,10.79190456922398,2.0,True
random_forest,45,20260860,cvae_high_20260813_0033,cvae,high,45.74666666666666,54.865444699735406,9.118778033068743,9.118778033068743,6.0,True
random_forest,45,20260860,cvae_high_20260813_0043,cvae,high,40.77,48.8616364828042,8.091636482804198,8.091636482804198,12.0,False
random_forest,45,20260860,cvae_high_20260813_0067,cvae,high,42.74,45.02885106878304,2.288851068783039,2.288851068783039,18.0,False
random_forest,45,20260860,cvae_low_20260813_0001,cvae,low,25.207666666666668,25.649872391975315,0.44220572530864644,0.44220572530864644,29.0,False
random_forest,45,20260860,cvae_low_20260813_0034,cvae,low,24.413666666666668,24.910124771164032,0.49645810449736416,0.49645810449736416,36.0,False
random_forest,45,20260860,cvae_low_20260813_0115,cvae,low,23.761666666666667,25.055045907848346,1.293379241181679,1.293379241181679,35.0,False
random_forest,45,20260860,cvae_medium_20260813_0061,cvae,medium,26.52133333333333,28.5794426525573,2.05810931922397,2.05810931922397,26.0,False
random_forest,45,20260860,cvae_medium_20260813_0082,cvae,medium,28.422666666666668,29.56286242460318,1.1401957579365103,1.1401957579365103,24.0,False
random_forest,45,20260860,cvae_medium_20260813_0103,cvae,medium,27.532333333333334,27.895340128507303,0.3630067951739697,0.3630067951739697,27.0,False
random_forest,45,20260860,gmm_critical_20260813_0004,gmm,critical,85.42566666666667,53.67181723412697,-31.753849432539702,31.753849432539702,10.0,False
random_forest,45,20260860,gmm_critical_20260813_0067,gmm,critical,79.342,55.84861267592593,-23.49338732407407,23.49338732407407,5.0,True
random_forest,45,20260860,gmm_critical_20260813_0072,gmm,critical,46.531,62.096186526455,15.565186526455001,15.565186526455001,3.0,True
random_forest,45,20260860,gmm_high_20260813_0005,gmm,high,44.719,46.75446667989417,2.0354666798941707,2.0354666798941707,16.0,False
random_forest,45,20260860,gmm_high_20260813_0049,gmm,high,44.082,48.28390983862431,4.20190983862431,4.20190983862431,13.0,False
random_forest,45,20260860,gmm_high_20260813_0079,gmm,high,78.97833333333332,46.36114568915343,-32.61718764417989,32.61718764417989,17.0,False
random_forest,45,20260860,gmm_low_20260813_0012,gmm,low,24.410666666666668,25.377666616843047,0.9669999501763797,0.9669999501763797,32.0,False
random_forest,45,20260860,gmm_low_20260813_0036,gmm,low,25.197,25.87870010361552,0.6817001036155226,0.6817001036155226,28.0,False
random_forest,45,20260860,gmm_low_20260813_0072,gmm,low,24.93733333333333,25.108262675925932,0.17092934259260062,0.17092934259260062,34.0,False
random_forest,45,20260860,gmm_medium_20260813_0010,gmm,medium,28.833666666666662,30.797293883597902,1.9636272169312399,1.9636272169312399,20.0,False
random_forest,45,20260860,gmm_medium_20260813_0077,gmm,medium,28.415,28.95958842328039,0.5445884232803913,0.5445884232803913,25.0,False
random_forest,45,20260860,gmm_medium_20260813_0102,gmm,medium,33.226,29.89159949226392,-3.3344005077360777,3.3344005077360777,22.0,False
random_forest,45,20260860,lhs_critical_20260813_0036,lhs,critical,52.37566666666667,53.86371688888889,1.4880502222222205,1.4880502222222205,9.0,True
random_forest,45,20260860,lhs_critical_20260813_0055,lhs,critical,50.272,57.75388449735445,7.48188449735445,7.48188449735445,4.0,True
random_forest,45,20260860,lhs_critical_20260813_0101,lhs,critical,48.968,65.92184293562615,16.95384293562614,16.95384293562614,1.0,True
random_forest,45,20260860,lhs_high_20260813_0024,lhs,high,50.318666666666665,49.00240472486772,-1.3162619417989418,1.3162619417989418,11.0,False
random_forest,45,20260860,lhs_high_20260813_0077,lhs,high,44.736,47.61763764682537,2.881637646825375,2.881637646825375,14.0,False
random_forest,45,20260860,lhs_high_20260813_0106,lhs,high,51.74733333333334,47.19874512610229,-4.548588207231049,4.548588207231049,15.0,False
random_forest,45,20260860,lhs_low_20260813_0010,lhs,low,25.866333333333333,25.61828530158731,-0.2480480317460234,0.2480480317460234,30.0,False
random_forest,45,20260860,lhs_low_20260813_0077,lhs,low,24.584666666666667,25.55809896075839,0.9734322940917224,0.9734322940917224,31.0,False
random_forest,45,20260860,lhs_low_20260813_0128,lhs,low,24.47433333333333,25.118122778218712,0.6437894448853818,0.6437894448853818,33.0,False
random_forest,45,20260860,lhs_medium_20260813_0026,lhs,medium,28.41333333333333,29.675235555555556,1.2619022222222256,1.2619022222222256,23.0,False
random_forest,45,20260860,lhs_medium_20260813_0041,lhs,medium,30.77,30.40736844464486,-0.36263155535514,0.36263155535514,21.0,False
random_forest,45,20260860,lhs_medium_20260813_0110,lhs,medium,32.588,32.57670100970015,-0.011298990299849265,0.011298990299849265,19.0,False
ridge,45,20260860,cvae_critical_20260813_0030,cvae,critical,46.97633333333333,55.03810823064097,8.061774897307643,8.061774897307643,6.0,True
ridge,45,20260860,cvae_critical_20260813_0042,cvae,critical,48.01533333333333,55.149339021164884,7.134005687831554,7.134005687831554,5.0,True
ridge,45,20260860,cvae_critical_20260813_0046,cvae,critical,53.062333333333335,63.05379219425787,9.991458860924538,9.991458860924538,2.0,True
ridge,45,20260860,cvae_high_20260813_0033,cvae,high,45.74666666666666,53.686021142168315,7.939354475501652,7.939354475501652,7.0,True
ridge,45,20260860,cvae_high_20260813_0043,cvae,high,40.77,42.69046851470204,1.920468514702037,1.920468514702037,14.0,False
ridge,45,20260860,cvae_high_20260813_0067,cvae,high,42.74,43.82846927544541,1.088469275445405,1.088469275445405,12.0,False
ridge,45,20260860,cvae_low_20260813_0001,cvae,low,25.207666666666668,31.05199892591347,5.844332259246801,5.844332259246801,24.0,False
ridge,45,20260860,cvae_low_20260813_0034,cvae,low,24.413666666666668,11.338810316743114,-13.074856349923554,13.074856349923554,34.0,False
ridge,45,20260860,cvae_low_20260813_0115,cvae,low,23.761666666666667,22.207562314249266,-1.5541043524174007,1.5541043524174007,32.0,False
ridge,45,20260860,cvae_medium_20260813_0061,cvae,medium,26.52133333333333,28.018337721850756,1.497004388517425,1.497004388517425,28.0,False
ridge,45,20260860,cvae_medium_20260813_0082,cvae,medium,28.422666666666668,34.329443317523776,5.906776650857108,5.906776650857108,22.0,False
ridge,45,20260860,cvae_medium_20260813_0103,cvae,medium,27.532333333333334,31.339564158441895,3.8072308251085616,3.8072308251085616,23.0,False
ridge,45,20260860,gmm_critical_20260813_0004,gmm,critical,85.42566666666667,45.29868955329934,-40.12697711336733,40.12697711336733,11.0,False
ridge,45,20260860,gmm_critical_20260813_0067,gmm,critical,79.342,49.22506738979603,-30.116932610203968,30.116932610203968,10.0,False
ridge,45,20260860,gmm_critical_20260813_0072,gmm,critical,46.531,60.276476061941324,13.745476061941325,13.745476061941325,3.0,True
ridge,45,20260860,gmm_high_20260813_0005,gmm,high,44.719,39.25849711392327,-5.460502886076732,5.460502886076732,20.0,False
ridge,45,20260860,gmm_high_20260813_0049,gmm,high,44.082,42.277885813269634,-1.8041141867303665,1.8041141867303665,16.0,False
ridge,45,20260860,gmm_high_20260813_0079,gmm,high,78.97833333333332,42.1365923320053,-36.841741001328025,36.841741001328025,17.0,False
ridge,45,20260860,gmm_low_20260813_0012,gmm,low,24.410666666666668,24.222575876491412,-0.18809079017525576,0.18809079017525576,31.0,False
ridge,45,20260860,gmm_low_20260813_0036,gmm,low,25.197,27.462336733615412,2.2653367336154133,2.2653367336154133,29.0,False
ridge,45,20260860,gmm_low_20260813_0072,gmm,low,24.93733333333333,7.330648743778738,-17.606684589554593,17.606684589554593,36.0,False
ridge,45,20260860,gmm_medium_20260813_0010,gmm,medium,28.833666666666662,35.42177662918359,6.588109962516928,6.588109962516928,21.0,False
ridge,45,20260860,gmm_medium_20260813_0077,gmm,medium,28.415,42.088098179573635,13.673098179573635,13.673098179573635,18.0,False
ridge,45,20260860,gmm_medium_20260813_0102,gmm,medium,33.226,27.44708415582852,-5.778915844171479,5.778915844171479,30.0,False
ridge,45,20260860,lhs_critical_20260813_0036,lhs,critical,52.37566666666667,49.819420426722516,-2.5562462399441515,2.5562462399441515,9.0,True
ridge,45,20260860,lhs_critical_20260813_0055,lhs,critical,50.272,55.761808499537146,5.489808499537148,5.489808499537148,4.0,True
ridge,45,20260860,lhs_critical_20260813_0101,lhs,critical,48.968,66.14539608517319,17.177396085173186,17.177396085173186,1.0,True
ridge,45,20260860,lhs_high_20260813_0024,lhs,high,50.318666666666665,42.79837006686302,-7.520296599803643,7.520296599803643,13.0,False
ridge,45,20260860,lhs_high_20260813_0077,lhs,high,44.736,53.04046792715097,8.304467927150974,8.304467927150974,8.0,True
ridge,45,20260860,lhs_high_20260813_0106,lhs,high,51.74733333333334,39.535297845757086,-12.212035487576252,12.212035487576252,19.0,False
ridge,45,20260860,lhs_low_20260813_0010,lhs,low,25.866333333333333,10.879353402340723,-14.98697993099261,14.98697993099261,35.0,False
ridge,45,20260860,lhs_low_20260813_0077,lhs,low,24.584666666666667,29.70212804446627,5.117461377799604,5.117461377799604,27.0,False
ridge,45,20260860,lhs_low_20260813_0128,lhs,low,24.47433333333333,19.968993894465086,-4.505339438868244,4.505339438868244,33.0,False
ridge,45,20260860,lhs_medium_20260813_0026,lhs,medium,28.41333333333333,29.90532634484225,1.4919930115089208,1.4919930115089208,26.0,False
ridge,45,20260860,lhs_medium_20260813_0041,lhs,medium,30.77,29.939508587559786,-0.8304914124402138,0.8304914124402138,25.0,False
ridge,45,20260860,lhs_medium_20260813_0110,lhs,medium,32.588,42.592231107717105,10.004231107717104,10.004231107717104,15.0,False
random_forest,46,20260861,cvae_critical_20260813_0030,cvae,critical,46.97633333333333,54.8919710555555,7.915637722222172,7.915637722222172,9.0,True
random_forest,46,20260861,cvae_critical_20260813_0042,cvae,critical,48.01533333333333,55.49773485890651,7.482401525573181,7.482401525573181,6.0,True
random_forest,46,20260861,cvae_critical_20260813_0046,cvae,critical,53.062333333333335,61.54884215343913,8.486508820105797,8.486508820105797,1.0,True
random_forest,46,20260861,cvae_high_20260813_0033,cvae,high,45.74666666666666,46.31737053703705,0.5707038703703873,0.5707038703703873,17.0,False
random_forest,46,20260861,cvae_high_20260813_0043,cvae,high,40.77,51.37209593959433,10.602095939594328,10.602095939594328,10.0,False
random_forest,46,20260861,cvae_high_20260813_0067,cvae,high,42.74,47.087353383597836,4.347353383597834,4.347353383597834,14.0,False
random_forest,46,20260861,cvae_low_20260813_0001,cvae,low,25.207666666666668,25.83742439947092,0.6297577328042507,0.6297577328042507,30.0,False
random_forest,46,20260861,cvae_low_20260813_0034,cvae,low,24.413666666666668,24.77644201984129,0.36277535317462295,0.36277535317462295,35.0,False
random_forest,46,20260861,cvae_low_20260813_0115,cvae,low,23.761666666666667,25.077386073192265,1.3157194065255986,1.3157194065255986,34.0,False
random_forest,46,20260861,cvae_medium_20260813_0061,cvae,medium,26.52133333333333,29.553374797619053,3.0320414642857223,3.0320414642857223,25.0,False
random_forest,46,20260861,cvae_medium_20260813_0082,cvae,medium,28.422666666666668,28.184493870811306,-0.23817279585536255,0.23817279585536255,27.0,False
random_forest,46,20260861,cvae_medium_20260813_0103,cvae,medium,27.532333333333334,28.872090256613756,1.3397569232804223,1.3397569232804223,26.0,False
random_forest,46,20260861,gmm_critical_20260813_0004,gmm,critical,85.42566666666667,54.98884098853619,-30.436825678130482,30.436825678130482,7.0,True
random_forest,46,20260861,gmm_critical_20260813_0067,gmm,critical,79.342,57.705996521163954,-21.636003478836045,21.636003478836045,4.0,True
random_forest,46,20260861,gmm_critical_20260813_0072,gmm,critical,46.531,59.37522333068785,12.844223330687853,12.844223330687853,2.0,True
random_forest,46,20260861,gmm_high_20260813_0005,gmm,high,44.719,46.37598878174602,1.6569887817460156,1.6569887817460156,16.0,False
random_forest,46,20260861,gmm_high_20260813_0049,gmm,high,44.082,49.77096388359787,5.6889638835978715,5.6889638835978715,12.0,False
random_forest,46,20260861,gmm_high_20260813_0079,gmm,high,78.97833333333332,46.9111398302469,-32.06719350308642,32.06719350308642,15.0,False
random_forest,46,20260861,gmm_low_20260813_0012,gmm,low,24.410666666666668,25.523499554232817,1.1128328875661495,1.1128328875661495,32.0,False
random_forest,46,20260861,gmm_low_20260813_0036,gmm,low,25.197,25.224711327160506,0.027711327160506727,0.027711327160506727,33.0,False
random_forest,46,20260861,gmm_low_20260813_0072,gmm,low,24.93733333333333,25.8094691234568,0.872135790123469,0.872135790123469,31.0,False
random_forest,46,20260861,gmm_medium_20260813_0010,gmm,medium,28.833666666666662,31.42757512345678,2.5939084567901176,2.5939084567901176,21.0,False
random_forest,46,20260861,gmm_medium_20260813_0077,gmm,medium,28.415,30.038046030423303,1.6230460304233034,1.6230460304233034,23.0,False
random_forest,46,20260861,gmm_medium_20260813_0102,gmm,medium,33.226,30.351820623897716,-2.8741793761022834,2.8741793761022834,22.0,False
random_forest,46,20260861,lhs_critical_20260813_0036,lhs,critical,52.37566666666667,58.93646245546737,6.560795788800704,6.560795788800704,3.0,True
random_forest,46,20260861,lhs_critical_20260813_0055,lhs,critical,50.272,55.8965324281305,5.6245324281305,5.6245324281305,5.0,True
random_forest,46,20260861,lhs_critical_20260813_0101,lhs,critical,48.968,54.93994922222224,5.971949222222236,5.971949222222236,8.0,True
random_forest,46,20260861,lhs_high_20260813_0024,lhs,high,50.318666666666665,44.659429750881806,-5.659236915784859,5.659236915784859,18.0,False
random_forest,46,20260861,lhs_high_20260813_0077,lhs,high,44.736,49.65852695017637,4.922526950176376,4.922526950176376,13.0,False
random_forest,46,20260861,lhs_high_20260813_0106,lhs,high,51.74733333333334,50.93650707407404,-0.8108262592592936,0.8108262592592936,11.0,False
random_forest,46,20260861,lhs_low_20260813_0010,lhs,low,25.866333333333333,25.942420501763674,0.07608716843034102,0.07608716843034102,29.0,False
random_forest,46,20260861,lhs_low_20260813_0077,lhs,low,24.584666666666667,26.180054404761915,1.5953877380952477,1.5953877380952477,28.0,False
random_forest,46,20260861,lhs_low_20260813_0128,lhs,low,24.47433333333333,24.71279448941801,0.23846115608467855,0.23846115608467855,36.0,False
random_forest,46,20260861,lhs_medium_20260813_0026,lhs,medium,28.41333333333333,29.75086918915345,1.3375358558201178,1.3375358558201178,24.0,False
random_forest,46,20260861,lhs_medium_20260813_0041,lhs,medium,30.77,32.32148399382717,1.5514839938271727,1.5514839938271727,20.0,False
random_forest,46,20260861,lhs_medium_20260813_0110,lhs,medium,32.588,33.31397285317458,0.7259728531745822,0.7259728531745822,19.0,False
ridge,46,20260861,cvae_critical_20260813_0030,cvae,critical,46.97633333333333,51.41610963700332,4.439776303669994,4.439776303669994,7.0,True
ridge,46,20260861,cvae_critical_20260813_0042,cvae,critical,48.01533333333333,59.72660050033138,11.711267166998049,11.711267166998049,5.0,True
ridge,46,20260861,cvae_critical_20260813_0046,cvae,critical,53.062333333333335,60.87757675604301,7.815243422709678,7.815243422709678,3.0,True
ridge,46,20260861,cvae_high_20260813_0033,cvae,high,45.74666666666666,50.60543142048606,4.8587647538194005,4.8587647538194005,9.0,True
ridge,46,20260861,cvae_high_20260813_0043,cvae,high,40.77,42.90750912864505,2.13750912864505,2.13750912864505,16.0,False
ridge,46,20260861,cvae_high_20260813_0067,cvae,high,42.74,43.65656553967511,0.9165655396751049,0.9165655396751049,15.0,False
ridge,46,20260861,cvae_low_20260813_0001,cvae,low,25.207666666666668,28.905437682698256,3.697771016031588,3.697771016031588,27.0,False
ridge,46,20260861,cvae_low_20260813_0034,cvae,low,24.413666666666668,15.521177192043737,-8.89248947462293,8.89248947462293,32.0,False
ridge,46,20260861,cvae_low_20260813_0115,cvae,low,23.761666666666667,20.43148240700526,-3.330184259661408,3.330184259661408,31.0,False
ridge,46,20260861,cvae_medium_20260813_0061,cvae,medium,26.52133333333333,28.399231652237436,1.877898318904105,1.877898318904105,28.0,False
ridge,46,20260861,cvae_medium_20260813_0082,cvae,medium,28.422666666666668,32.40053018000914,3.9778635133424736,3.9778635133424736,24.0,False
ridge,46,20260861,cvae_medium_20260813_0103,cvae,medium,27.532333333333334,35.26202542132015,7.72969208798682,7.72969208798682,21.0,False
ridge,46,20260861,gmm_critical_20260813_0004,gmm,critical,85.42566666666667,48.59978869651652,-36.82587797015015,36.82587797015015,10.0,False
ridge,46,20260861,gmm_critical_20260813_0067,gmm,critical,79.342,46.1973797061922,-33.1446202938078,33.1446202938078,12.0,False
ridge,46,20260861,gmm_critical_20260813_0072,gmm,critical,46.531,61.61651142390634,15.08551142390634,15.08551142390634,2.0,True
ridge,46,20260861,gmm_high_20260813_0005,gmm,high,44.719,40.052636347457394,-4.666363652542607,4.666363652542607,17.0,False
ridge,46,20260861,gmm_high_20260813_0049,gmm,high,44.082,38.933104868309755,-5.148895131690246,5.148895131690246,18.0,False
ridge,46,20260861,gmm_high_20260813_0079,gmm,high,78.97833333333332,44.52698504383473,-34.4513482894986,34.4513482894986,14.0,False
ridge,46,20260861,gmm_low_20260813_0012,gmm,low,24.410666666666668,20.663401943016666,-3.7472647236500016,3.7472647236500016,30.0,False
ridge,46,20260861,gmm_low_20260813_0036,gmm,low,25.197,12.703078789281605,-12.493921210718394,12.493921210718394,34.0,False
ridge,46,20260861,gmm_low_20260813_0072,gmm,low,24.93733333333333,11.464588060922257,-13.472745272411075,13.472745272411075,35.0,False
ridge,46,20260861,gmm_medium_20260813_0010,gmm,medium,28.833666666666662,37.49377795016113,8.66011128349447,8.66011128349447,20.0,False
ridge,46,20260861,gmm_medium_20260813_0077,gmm,medium,28.415,45.4807646987048,17.065764698704804,17.065764698704804,13.0,False
ridge,46,20260861,gmm_medium_20260813_0102,gmm,medium,33.226,38.38136529362997,5.15536529362997,5.15536529362997,19.0,False
ridge,46,20260861,lhs_critical_20260813_0036,lhs,critical,52.37566666666667,60.789789244688045,8.414122578021377,8.414122578021377,4.0,True
ridge,46,20260861,lhs_critical_20260813_0055,lhs,critical,50.272,59.31654419696294,9.044544196962939,9.044544196962939,6.0,True
ridge,46,20260861,lhs_critical_20260813_0101,lhs,critical,48.968,63.58524126237297,14.617241262372964,14.617241262372964,1.0,True
ridge,46,20260861,lhs_high_20260813_0024,lhs,high,50.318666666666665,34.3181566454429,-16.000510021223768,16.000510021223768,22.0,False
ridge,46,20260861,lhs_high_20260813_0077,lhs,high,44.736,50.62872567462534,5.892725674625346,5.892725674625346,8.0,True
ridge,46,20260861,lhs_high_20260813_0106,lhs,high,51.74733333333334,47.48074591554968,-4.266587417783654,4.266587417783654,11.0,False
ridge,46,20260861,lhs_low_20260813_0010,lhs,low,25.866333333333333,15.346153789097364,-10.520179544235969,10.520179544235969,33.0,False
ridge,46,20260861,lhs_low_20260813_0077,lhs,low,24.584666666666667,30.77511663066724,6.190449964000575,6.190449964000575,26.0,False
ridge,46,20260861,lhs_low_20260813_0128,lhs,low,24.47433333333333,8.263445012044023,-16.210888321289307,16.210888321289307,36.0,False
ridge,46,20260861,lhs_medium_20260813_0026,lhs,medium,28.41333333333333,33.02570591249116,4.612372579157832,4.612372579157832,23.0,False
ridge,46,20260861,lhs_medium_20260813_0041,lhs,medium,30.77,21.2127202082222,-9.557279791777798,9.557279791777798,29.0,False
ridge,46,20260861,lhs_medium_20260813_0110,lhs,medium,32.588,31.683120636272797,-0.9048793637272041,0.9048793637272041,25.0,False
random_forest,47,20260862,cvae_critical_20260813_0030,cvae,critical,46.97633333333333,54.563824837742516,7.587491504409186,7.587491504409186,6.0,True
random_forest,47,20260862,cvae_critical_20260813_0042,cvae,critical,48.01533333333333,54.259450968654846,6.2441176353215155,6.2441176353215155,7.0,True
random_forest,47,20260862,cvae_critical_20260813_0046,cvae,critical,53.062333333333335,55.69438222847516,2.6320488951418284,2.6320488951418284,4.0,True
random_forest,47,20260862,cvae_high_20260813_0033,cvae,high,45.74666666666666,51.47826208333328,5.7315954166666145,5.7315954166666145,12.0,False
random_forest,47,20260862,cvae_high_20260813_0043,cvae,high,40.77,50.83467759788357,10.064677597883566,10.064677597883566,14.0,False
random_forest,47,20260862,cvae_high_20260813_0067,cvae,high,42.74,44.77945605952382,2.0394560595238147,2.0394560595238147,18.0,False
random_forest,47,20260862,cvae_low_20260813_0001,cvae,low,25.207666666666668,25.42614472178133,0.21847805511466234,0.21847805511466234,32.0,False
random_forest,47,20260862,cvae_low_20260813_0034,cvae,low,24.413666666666668,24.895535075396822,0.48186840873015413,0.48186840873015413,36.0,False
random_forest,47,20260862,cvae_low_20260813_0115,cvae,low,23.761666666666667,24.958313740299847,1.19664707363318,1.19664707363318,34.0,False
random_forest,47,20260862,cvae_medium_20260813_0061,cvae,medium,26.52133333333333,29.181634918871204,2.660301585537873,2.660301585537873,25.0,False
random_forest,47,20260862,cvae_medium_20260813_0082,cvae,medium,28.422666666666668,28.174508601851812,-0.2481580648148558,0.2481580648148558,27.0,False
random_forest,47,20260862,cvae_medium_20260813_0103,cvae,medium,27.532333333333334,28.963599909171123,1.431266575837789,1.431266575837789,26.0,False
random_forest,47,20260862,gmm_critical_20260813_0004,gmm,critical,85.42566666666667,52.901109555114694,-32.52455711155198,32.52455711155198,10.0,False
random_forest,47,20260862,gmm_critical_20260813_0067,gmm,critical,79.342,55.64503886648221,-23.69696113351779,23.69696113351779,5.0,True
random_forest,47,20260862,gmm_critical_20260813_0072,gmm,critical,46.531,60.71217244179896,14.181172441798964,14.181172441798964,2.0,True
random_forest,47,20260862,gmm_high_20260813_0005,gmm,high,44.719,46.703982675925914,1.984982675925913,1.984982675925913,17.0,False
random_forest,47,20260862,gmm_high_20260813_0049,gmm,high,44.082,53.64657490560367,9.56457490560367,9.56457490560367,8.0,True
random_forest,47,20260862,gmm_high_20260813_0079,gmm,high,78.97833333333332,46.777775150352745,-32.20055818298058,32.20055818298058,16.0,False
random_forest,47,20260862,gmm_low_20260813_0012,gmm,low,24.410666666666668,25.41114971825398,1.000483051587313,1.000483051587313,33.0,False
random_forest,47,20260862,gmm_low_20260813_0036,gmm,low,25.197,25.604124270723144,0.40712427072314483,0.40712427072314483,29.0,False
random_forest,47,20260862,gmm_low_20260813_0072,gmm,low,24.93733333333333,25.44724729232804,0.5099139589947086,0.5099139589947086,31.0,False
random_forest,47,20260862,gmm_medium_20260813_0010,gmm,medium,28.833666666666662,33.050294695326286,4.216628028659624,4.216628028659624,21.0,False
random_forest,47,20260862,gmm_medium_20260813_0077,gmm,medium,28.415,30.219646232804187,1.8046462328041883,1.8046462328041883,23.0,False
random_forest,47,20260862,gmm_medium_20260813_0102,gmm,medium,33.226,30.701947718253976,-2.524052281746023,2.524052281746023,22.0,False
random_forest,47,20260862,lhs_critical_20260813_0036,lhs,critical,52.37566666666667,58.65358133862424,6.277914671957575,6.277914671957575,3.0,True
random_forest,47,20260862,lhs_critical_20260813_0055,lhs,critical,50.272,53.487337949294556,3.2153379492945575,3.2153379492945575,9.0,True
random_forest,47,20260862,lhs_critical_20260813_0101,lhs,critical,48.968,65.01471168959436,16.04671168959436,16.04671168959436,1.0,True
random_forest,47,20260862,lhs_high_20260813_0024,lhs,high,50.318666666666665,52.6748385727513,2.356171906084633,2.356171906084633,11.0,False
random_forest,47,20260862,lhs_high_20260813_0077,lhs,high,44.736,51.25388463888888,6.51788463888888,6.51788463888888,13.0,False
random_forest,47,20260862,lhs_high_20260813_0106,lhs,high,51.74733333333334,47.82512866534391,-3.9222046679894262,3.9222046679894262,15.0,False
random_forest,47,20260862,lhs_low_20260813_0010,lhs,low,25.866333333333333,25.97188868650792,0.1055553531745872,0.1055553531745872,28.0,False
random_forest,47,20260862,lhs_low_20260813_0077,lhs,low,24.584666666666667,25.542158746472694,0.9574920798060269,0.9574920798060269,30.0,False
random_forest,47,20260862,lhs_low_20260813_0128,lhs,low,24.47433333333333,24.957974309082918,0.4836409757495872,0.4836409757495872,35.0,False
random_forest,47,20260862,lhs_medium_20260813_0026,lhs,medium,28.41333333333333,29.68587966137562,1.2725463280422886,1.2725463280422886,24.0,False
random_forest,47,20260862,lhs_medium_20260813_0041,lhs,medium,30.77,33.741977343033525,2.971977343033526,2.971977343033526,19.0,False
random_forest,47,20260862,lhs_medium_20260813_0110,lhs,medium,32.588,33.503073890211596,0.9150738902115947,0.9150738902115947,20.0,False
ridge,47,20260862,cvae_critical_20260813_0030,cvae,critical,46.97633333333333,56.88163242060915,9.905299087275822,9.905299087275822,7.0,True
ridge,47,20260862,cvae_critical_20260813_0042,cvae,critical,48.01533333333333,58.85073375814543,10.8354004248121,10.8354004248121,6.0,True
ridge,47,20260862,cvae_critical_20260813_0046,cvae,critical,53.062333333333335,62.50330030666671,9.440966973333374,9.440966973333374,3.0,True
ridge,47,20260862,cvae_high_20260813_0033,cvae,high,45.74666666666666,51.29240176842358,5.545735101756918,5.545735101756918,10.0,False
ridge,47,20260862,cvae_high_20260813_0043,cvae,high,40.77,45.46477299780573,4.694772997805728,4.694772997805728,15.0,False
ridge,47,20260862,cvae_high_20260813_0067,cvae,high,42.74,45.064697612544286,2.324697612544284,2.324697612544284,16.0,False
ridge,47,20260862,cvae_low_20260813_0001,cvae,low,25.207666666666668,30.006505595544425,4.798838928877757,4.798838928877757,25.0,False
ridge,47,20260862,cvae_low_20260813_0034,cvae,low,24.413666666666668,10.66784329950071,-13.745823367165958,13.745823367165958,34.0,False
ridge,47,20260862,cvae_low_20260813_0115,cvae,low,23.761666666666667,21.87767492123686,-1.8839917454298067,1.8839917454298067,32.0,False
ridge,47,20260862,cvae_medium_20260813_0061,cvae,medium,26.52133333333333,32.80088232896973,6.279548995636397,6.279548995636397,22.0,False
ridge,47,20260862,cvae_medium_20260813_0082,cvae,medium,28.422666666666668,30.463075507217226,2.0404088405505583,2.0404088405505583,24.0,False
ridge,47,20260862,cvae_medium_20260813_0103,cvae,medium,27.532333333333334,36.59903153002638,9.066698196693046,9.066698196693046,21.0,False
ridge,47,20260862,gmm_critical_20260813_0004,gmm,critical,85.42566666666667,43.399171055314795,-42.026495611351876,42.026495611351876,17.0,False
ridge,47,20260862,gmm_critical_20260813_0067,gmm,critical,79.342,49.77348171775261,-29.56851828224739,29.56851828224739,11.0,False
ridge,47,20260862,gmm_critical_20260813_0072,gmm,critical,46.531,60.61792469578525,14.08692469578525,14.08692469578525,5.0,True
ridge,47,20260862,gmm_high_20260813_0005,gmm,high,44.719,53.09142281458851,8.37242281458851,8.37242281458851,9.0,True
ridge,47,20260862,gmm_high_20260813_0049,gmm,high,44.082,65.69431073152268,21.612310731522676,21.612310731522676,1.0,True
ridge,47,20260862,gmm_high_20260813_0079,gmm,high,78.97833333333332,42.083142958068336,-36.89519037526499,36.89519037526499,18.0,False
ridge,47,20260862,gmm_low_20260813_0012,gmm,low,24.410666666666668,24.422797714757444,0.01213104809077592,0.01213104809077592,31.0,False
ridge,47,20260862,gmm_low_20260813_0036,gmm,low,25.197,26.366065149328918,1.1690651493289188,1.1690651493289188,30.0,False
ridge,47,20260862,gmm_low_20260813_0072,gmm,low,24.93733333333333,8.641063474374576,-16.296269858958755,16.296269858958755,35.0,False
ridge,47,20260862,gmm_medium_20260813_0010,gmm,medium,28.833666666666662,39.62492393964254,10.79125727297588,10.79125727297588,19.0,False
ridge,47,20260862,gmm_medium_20260813_0077,gmm,medium,28.415,47.39559537141555,18.980595371415554,18.980595371415554,13.0,False
ridge,47,20260862,gmm_medium_20260813_0102,gmm,medium,33.226,27.74414229228225,-5.481857707717751,5.481857707717751,29.0,False
ridge,47,20260862,lhs_critical_20260813_0036,lhs,critical,52.37566666666667,62.4476593949996,10.07199272833293,10.07199272833293,4.0,True
ridge,47,20260862,lhs_critical_20260813_0055,lhs,critical,50.272,47.38514174005125,-2.8868582599487453,2.8868582599487453,14.0,False
ridge,47,20260862,lhs_critical_20260813_0101,lhs,critical,48.968,64.75916096863597,15.791160968635964,15.791160968635964,2.0,True
ridge,47,20260862,lhs_high_20260813_0024,lhs,high,50.318666666666665,47.94294731979783,-2.3757193468688342,2.3757193468688342,12.0,False
ridge,47,20260862,lhs_high_20260813_0077,lhs,high,44.736,53.8717459814513,9.1357459814513,9.1357459814513,8.0,True
ridge,47,20260862,lhs_high_20260813_0106,lhs,high,51.74733333333334,39.19012646439079,-12.55720686894255,12.55720686894255,20.0,False
ridge,47,20260862,lhs_low_20260813_0010,lhs,low,25.866333333333333,4.13306947362765,-21.733263859705684,21.733263859705684,36.0,False
ridge,47,20260862,lhs_low_20260813_0077,lhs,low,24.584666666666667,29.52579973496411,4.941133068297443,4.941133068297443,27.0,False
ridge,47,20260862,lhs_low_20260813_0128,lhs,low,24.47433333333333,18.110187441857448,-6.364145891475882,6.364145891475882,33.0,False
ridge,47,20260862,lhs_medium_20260813_0026,lhs,medium,28.41333333333333,30.48244576554006,2.0691124322067296,2.0691124322067296,23.0,False
ridge,47,20260862,lhs_medium_20260813_0041,lhs,medium,30.77,29.8275583368432,-0.9424416631567993,0.9424416631567993,26.0,False
ridge,47,20260862,lhs_medium_20260813_0110,lhs,medium,32.588,28.392249611628543,-4.195750388371458,4.195750388371458,28.0,False
random_forest,48,20260863,cvae_critical_20260813_0030,cvae,critical,46.97633333333333,59.981870454585575,13.005537121252246,13.005537121252246,3.0,True
random_forest,48,20260863,cvae_critical_20260813_0042,cvae,critical,48.01533333333333,55.23938194047616,7.2240486071428265,7.2240486071428265,6.0,True
random_forest,48,20260863,cvae_critical_20260813_0046,cvae,critical,53.062333333333335,57.482958711640215,4.42062537830688,4.42062537830688,4.0,True
random_forest,48,20260863,cvae_high_20260813_0033,cvae,high,45.74666666666666,53.19658752469137,7.449920858024704,7.449920858024704,8.0,True
random_forest,48,20260863,cvae_high_20260813_0043,cvae,high,40.77,44.038073392416216,3.2680733924162126,3.2680733924162126,18.0,False
random_forest,48,20260863,cvae_high_20260813_0067,cvae,high,42.74,48.0182544717813,5.278254471781295,5.278254471781295,13.0,False
random_forest,48,20260863,cvae_low_20260813_0001,cvae,low,25.207666666666668,25.192947387566132,-0.014719279100535942,0.014719279100535942,32.0,False
random_forest,48,20260863,cvae_low_20260813_0034,cvae,low,24.413666666666668,25.154960671957678,0.7412940052910102,0.7412940052910102,33.0,False
random_forest,48,20260863,cvae_low_20260813_0115,cvae,low,23.761666666666667,24.92160490079367,1.1599382341270044,1.1599382341270044,35.0,False
random_forest,48,20260863,cvae_medium_20260813_0061,cvae,medium,26.52133333333333,28.564411826278647,2.043078492945316,2.043078492945316,27.0,False
random_forest,48,20260863,cvae_medium_20260813_0082,cvae,medium,28.422666666666668,29.676706837301616,1.2540401706349478,1.2540401706349478,24.0,False
random_forest,48,20260863,cvae_medium_20260813_0103,cvae,medium,27.532333333333334,30.030346748236322,2.4980134149029887,2.4980134149029887,23.0,False
random_forest,48,20260863,gmm_critical_20260813_0004,gmm,critical,85.42566666666667,51.68451061728394,-33.74115604938273,33.74115604938273,9.0,True
random_forest,48,20260863,gmm_critical_20260813_0067,gmm,critical,79.342,50.69208647707231,-28.64991352292769,28.64991352292769,11.0,False
random_forest,48,20260863,gmm_critical_20260813_0072,gmm,critical,46.531,64.51317654629635,17.98217654629635,17.98217654629635,1.0,True
random_forest,48,20260863,gmm_high_20260813_0005,gmm,high,44.719,47.23388235008818,2.514882350088179,2.514882350088179,15.0,False
random_forest,48,20260863,gmm_high_20260813_0049,gmm,high,44.082,51.35678836243384,7.2747883624338385,7.2747883624338385,10.0,False
random_forest,48,20260863,gmm_high_20260813_0079,gmm,high,78.97833333333332,45.38823623897705,-33.590097094356274,33.590097094356274,17.0,False
random_forest,48,20260863,gmm_low_20260813_0012,gmm,low,24.410666666666668,25.267943595238105,0.8572769285714372,0.8572769285714372,31.0,False
random_forest,48,20260863,gmm_low_20260813_0036,gmm,low,25.197,24.990398809523803,-0.20660119047619574,0.20660119047619574,34.0,False
random_forest,48,20260863,gmm_low_20260813_0072,gmm,low,24.93733333333333,25.553311458994738,0.6159781256614068,0.6159781256614068,29.0,False
random_forest,48,20260863,gmm_medium_20260813_0010,gmm,medium,28.833666666666662,32.40513236992946,3.571465703262799,3.571465703262799,20.0,False
random_forest,48,20260863,gmm_medium_20260813_0077,gmm,medium,28.415,28.96023814550265,0.5452381455026512,0.5452381455026512,26.0,False
random_forest,48,20260863,gmm_medium_20260813_0102,gmm,medium,33.226,30.62274192680776,-2.60325807319224,2.60325807319224,22.0,False
random_forest,48,20260863,lhs_critical_20260813_0036,lhs,critical,52.37566666666667,61.71754129365077,9.3418746269841,9.3418746269841,2.0,True
random_forest,48,20260863,lhs_critical_20260813_0055,lhs,critical,50.272,54.21394653527333,3.941946535273331,3.941946535273331,7.0,True
random_forest,48,20260863,lhs_critical_20260813_0101,lhs,critical,48.968,56.56083713492062,7.5928371349206145,7.5928371349206145,5.0,True
random_forest,48,20260863,lhs_high_20260813_0024,lhs,high,50.318666666666665,50.68502586463847,0.3663591979718035,0.3663591979718035,12.0,False
random_forest,48,20260863,lhs_high_20260813_0077,lhs,high,44.736,45.67880207804231,0.9428020780423125,0.9428020780423125,16.0,False
random_forest,48,20260863,lhs_high_20260813_0106,lhs,high,51.74733333333334,47.28837258553794,-4.458960747795395,4.458960747795395,14.0,False
random_forest,48,20260863,lhs_low_20260813_0010,lhs,low,25.866333333333333,25.915271548941806,0.048938215608473,0.048938215608473,28.0,False
random_forest,48,20260863,lhs_low_20260813_0077,lhs,low,24.584666666666667,25.47850310846563,0.8938364417989639,0.8938364417989639,30.0,False
random_forest,48,20260863,lhs_low_20260813_0128,lhs,low,24.47433333333333,24.699512458994718,0.22517912566138776,0.22517912566138776,36.0,False
random_forest,48,20260863,lhs_medium_20260813_0026,lhs,medium,28.41333333333333,29.33767681172841,0.9243434783950804,0.9243434783950804,25.0,False
random_forest,48,20260863,lhs_medium_20260813_0041,lhs,medium,30.77,32.166966617724874,1.3969666177248747,1.3969666177248747,21.0,False
random_forest,48,20260863,lhs_medium_20260813_0110,lhs,medium,32.588,33.7573590881834,1.1693590881833984,1.1693590881833984,19.0,False
ridge,48,20260863,cvae_critical_20260813_0030,cvae,critical,46.97633333333333,58.383300445011386,11.406967111678057,11.406967111678057,6.0,True
ridge,48,20260863,cvae_critical_20260813_0042,cvae,critical,48.01533333333333,62.51722777891426,14.50189444558093,14.50189444558093,3.0,True
ridge,48,20260863,cvae_critical_20260813_0046,cvae,critical,53.062333333333335,57.94179806365659,4.879464730323257,4.879464730323257,7.0,True
ridge,48,20260863,cvae_high_20260813_0033,cvae,high,45.74666666666666,53.31058409199674,7.563917425330075,7.563917425330075,8.0,True
ridge,48,20260863,cvae_high_20260813_0043,cvae,high,40.77,37.07066217775021,-3.6993378222497952,3.6993378222497952,18.0,False
ridge,48,20260863,cvae_high_20260813_0067,cvae,high,42.74,46.64335800170602,3.9033580017060174,3.9033580017060174,12.0,False
ridge,48,20260863,cvae_low_20260813_0001,cvae,low,25.207666666666668,28.914014206839006,3.706347540172338,3.706347540172338,28.0,False
ridge,48,20260863,cvae_low_20260813_0034,cvae,low,24.413666666666668,22.252090773575038,-2.16157589309163,2.16157589309163,34.0,False
ridge,48,20260863,cvae_low_20260813_0115,cvae,low,23.761666666666667,23.736825955821445,-0.02484071084522199,0.02484071084522199,33.0,False
ridge,48,20260863,cvae_medium_20260813_0061,cvae,medium,26.52133333333333,30.186940833754075,3.6656075004207445,3.6656075004207445,25.0,False
ridge,48,20260863,cvae_medium_20260813_0082,cvae,medium,28.422666666666668,28.92491776944033,0.5022511027736627,0.5022511027736627,27.0,False
ridge,48,20260863,cvae_medium_20260813_0103,cvae,medium,27.532333333333334,31.92115370834712,4.388820375013786,4.388820375013786,22.0,False
ridge,48,20260863,gmm_critical_20260813_0004,gmm,critical,85.42566666666667,44.33224488280644,-41.09342178386023,41.09342178386023,15.0,False
ridge,48,20260863,gmm_critical_20260813_0067,gmm,critical,79.342,46.81736650681876,-32.52463349318124,32.52463349318124,11.0,False
ridge,48,20260863,gmm_critical_20260813_0072,gmm,critical,46.531,61.07244399907546,14.541443999075462,14.541443999075462,5.0,True
ridge,48,20260863,gmm_high_20260813_0005,gmm,high,44.719,48.52644856482741,3.8074485648274106,3.8074485648274106,10.0,False
ridge,48,20260863,gmm_high_20260813_0049,gmm,high,44.082,68.49654727483474,24.41454727483474,24.41454727483474,1.0,True
ridge,48,20260863,gmm_high_20260813_0079,gmm,high,78.97833333333332,39.98891642397576,-38.989416909357566,38.989416909357566,17.0,False
ridge,48,20260863,gmm_low_20260813_0012,gmm,low,24.410666666666668,29.74965376834397,5.338987101677301,5.338987101677301,26.0,False
ridge,48,20260863,gmm_low_20260813_0036,gmm,low,25.197,25.862735721731983,0.6657357217319841,0.6657357217319841,30.0,False
ridge,48,20260863,gmm_low_20260813_0072,gmm,low,24.93733333333333,12.451049414129042,-12.48628391920429,12.48628391920429,36.0,False
ridge,48,20260863,gmm_medium_20260813_0010,gmm,medium,28.833666666666662,35.5401624428397,6.706495776173039,6.706495776173039,19.0,False
ridge,48,20260863,gmm_medium_20260813_0077,gmm,medium,28.415,45.586175562211494,17.171175562211495,17.171175562211495,13.0,False
ridge,48,20260863,gmm_medium_20260813_0102,gmm,medium,33.226,32.010663570117096,-1.2153364298829032,1.2153364298829032,21.0,False
ridge,48,20260863,lhs_critical_20260813_0036,lhs,critical,52.37566666666667,61.98413938868437,9.608472722017702,9.608472722017702,4.0,True
ridge,48,20260863,lhs_critical_20260813_0055,lhs,critical,50.272,52.17574347492368,1.9037434749236795,1.9037434749236795,9.0,True
ridge,48,20260863,lhs_critical_20260813_0101,lhs,critical,48.968,64.33441105344886,15.366411053448857,15.366411053448857,2.0,True
ridge,48,20260863,lhs_high_20260813_0024,lhs,high,50.318666666666665,45.345304299790335,-4.97336236687633,4.97336236687633,14.0,False
ridge,48,20260863,lhs_high_20260813_0077,lhs,high,44.736,40.38031766423334,-4.355682335766659,4.355682335766659,16.0,False
ridge,48,20260863,lhs_high_20260813_0106,lhs,high,51.74733333333334,34.74128366615484,-17.006049667178495,17.006049667178495,20.0,False
ridge,48,20260863,lhs_low_20260813_0010,lhs,low,25.866333333333333,23.98820255411003,-1.878130779223305,1.878130779223305,32.0,False
ridge,48,20260863,lhs_low_20260813_0077,lhs,low,24.584666666666667,31.256837243298385,6.672170576631718,6.672170576631718,23.0,False
ridge,48,20260863,lhs_low_20260813_0128,lhs,low,24.47433333333333,20.59706919741779,-3.8772641359155386,3.8772641359155386,35.0,False
ridge,48,20260863,lhs_medium_20260813_0026,lhs,medium,28.41333333333333,30.89282354021684,2.479490206883508,2.479490206883508,24.0,False
ridge,48,20260863,lhs_medium_20260813_0041,lhs,medium,30.77,26.918163067159313,-3.851836932840687,3.851836932840687,29.0,False
ridge,48,20260863,lhs_medium_20260813_0110,lhs,medium,32.588,25.484353505638676,-7.103646494361325,7.103646494361325,31.0,False
random_forest,49,20260864,cvae_critical_20260813_0030,cvae,critical,46.97633333333333,56.150306169753044,9.173972836419715,9.173972836419715,4.0,True
random_forest,49,20260864,cvae_critical_20260813_0042,cvae,critical,48.01533333333333,55.387199879188664,7.371866545855333,7.371866545855333,5.0,True
random_forest,49,20260864,cvae_critical_20260813_0046,cvae,critical,53.062333333333335,64.80392739241623,11.741594059082892,11.741594059082892,1.0,True
random_forest,49,20260864,cvae_high_20260813_0033,cvae,high,45.74666666666666,44.40393995767199,-1.3427267089946753,1.3427267089946753,17.0,False
random_forest,49,20260864,cvae_high_20260813_0043,cvae,high,40.77,47.43884025661371,6.668840256613706,6.668840256613706,14.0,False
random_forest,49,20260864,cvae_high_20260813_0067,cvae,high,42.74,49.70909757804231,6.969097578042309,6.969097578042309,13.0,False
random_forest,49,20260864,cvae_low_20260813_0001,cvae,low,25.207666666666668,25.10699908333332,-0.10066758333334747,0.10066758333334747,33.0,False
random_forest,49,20260864,cvae_low_20260813_0034,cvae,low,24.413666666666668,24.855742187349684,0.4420755206830158,0.4420755206830158,34.0,False
random_forest,49,20260864,cvae_low_20260813_0115,cvae,low,23.761666666666667,24.82334395458556,1.0616772879188936,1.0616772879188936,35.0,False
random_forest,49,20260864,cvae_medium_20260813_0061,cvae,medium,26.52133333333333,30.04137229761906,3.520038964285728,3.520038964285728,23.0,False
random_forest,49,20260864,cvae_medium_20260813_0082,cvae,medium,28.422666666666668,29.546998759259296,1.1243320925926277,1.1243320925926277,24.0,False
random_forest,49,20260864,cvae_medium_20260813_0103,cvae,medium,27.532333333333334,28.885073658289244,1.35274032495591,1.35274032495591,26.0,False
random_forest,49,20260864,gmm_critical_20260813_0004,gmm,critical,85.42566666666667,53.747735843033446,-31.677930823633226,31.677930823633226,7.0,True
random_forest,49,20260864,gmm_critical_20260813_0067,gmm,critical,79.342,53.300944576278674,-26.041055423721325,26.041055423721325,9.0,True
random_forest,49,20260864,gmm_critical_20260813_0072,gmm,critical,46.531,64.43882153527339,17.907821535273392,17.907821535273392,2.0,True
random_forest,49,20260864,gmm_high_20260813_0005,gmm,high,44.719,45.72493616402114,1.0059361640211364,1.0059361640211364,15.0,False
random_forest,49,20260864,gmm_high_20260813_0049,gmm,high,44.082,50.86513824074075,6.7831382407407474,6.7831382407407474,11.0,False
random_forest,49,20260864,gmm_high_20260813_0079,gmm,high,78.97833333333332,45.568700095238135,-33.40963323809519,33.40963323809519,16.0,False
random_forest,49,20260864,gmm_low_20260813_0012,gmm,low,24.410666666666668,25.1781275974427,0.7674609307760321,0.7674609307760321,32.0,False
random_forest,49,20260864,gmm_low_20260813_0036,gmm,low,25.197,25.269671809523835,0.07267180952383612,0.07267180952383612,30.0,False
random_forest,49,20260864,gmm_low_20260813_0072,gmm,low,24.93733333333333,25.483167020683034,0.5458336873497025,0.5458336873497025,29.0,False
random_forest,49,20260864,gmm_medium_20260813_0010,gmm,medium,28.833666666666662,31.304241155643734,2.4705744889770713,2.4705744889770713,21.0,False
random_forest,49,20260864,gmm_medium_20260813_0077,gmm,medium,28.415,28.923522731000478,0.508522731000479,0.508522731000479,25.0,False
random_forest,49,20260864,gmm_medium_20260813_0102,gmm,medium,33.226,30.966351216931233,-2.2596487830687657,2.2596487830687657,22.0,False
random_forest,49,20260864,lhs_critical_20260813_0036,lhs,critical,52.37566666666667,53.50625493386242,1.1305882671957548,1.1305882671957548,8.0,True
random_forest,49,20260864,lhs_critical_20260813_0055,lhs,critical,50.272,54.920031264550296,4.648031264550298,4.648031264550298,6.0,True
random_forest,49,20260864,lhs_critical_20260813_0101,lhs,critical,48.968,60.407913215608446,11.439913215608442,11.439913215608442,3.0,True
random_forest,49,20260864,lhs_high_20260813_0024,lhs,high,50.318666666666665,43.82980833068783,-6.488858335978833,6.488858335978833,18.0,False
random_forest,49,20260864,lhs_high_20260813_0077,lhs,high,44.736,49.81033445767196,5.0743344576719664,5.0743344576719664,12.0,False
random_forest,49,20260864,lhs_high_20260813_0106,lhs,high,51.74733333333334,52.705050820105825,0.9577174867724878,0.9577174867724878,10.0,False
random_forest,49,20260864,lhs_low_20260813_0010,lhs,low,25.866333333333333,25.907541585978862,0.04120825264552863,0.04120825264552863,28.0,False
random_forest,49,20260864,lhs_low_20260813_0077,lhs,low,24.584666666666667,25.181022182058687,0.5963555153920197,0.5963555153920197,31.0,False
random_forest,49,20260864,lhs_low_20260813_0128,lhs,low,24.47433333333333,24.620401757936534,0.1460684246032038,0.1460684246032038,36.0,False
random_forest,49,20260864,lhs_medium_20260813_0026,lhs,medium,28.41333333333333,28.81888392195769,0.405550588624358,0.405550588624358,27.0,False
random_forest,49,20260864,lhs_medium_20260813_0041,lhs,medium,30.77,31.969191542328062,1.1991915423280624,1.1991915423280624,20.0,False
random_forest,49,20260864,lhs_medium_20260813_0110,lhs,medium,32.588,33.36199708994706,0.7739970899470592,0.7739970899470592,19.0,False
ridge,49,20260864,cvae_critical_20260813_0030,cvae,critical,46.97633333333333,56.939331150886105,9.962997817552775,9.962997817552775,4.0,True
ridge,49,20260864,cvae_critical_20260813_0042,cvae,critical,48.01533333333333,52.753405883150876,4.738072549817545,4.738072549817545,7.0,True
ridge,49,20260864,cvae_critical_20260813_0046,cvae,critical,53.062333333333335,64.11953234295603,11.0571990096227,11.0571990096227,2.0,True
ridge,49,20260864,cvae_high_20260813_0033,cvae,high,45.74666666666666,46.383143828523096,0.6364771618564333,0.6364771618564333,11.0,False
ridge,49,20260864,cvae_high_20260813_0043,cvae,high,40.77,39.61061019284204,-1.1593898071579645,1.1593898071579645,18.0,False
ridge,49,20260864,cvae_high_20260813_0067,cvae,high,42.74,46.104259734292654,3.364259734292652,3.364259734292652,12.0,False
ridge,49,20260864,cvae_low_20260813_0001,cvae,low,25.207666666666668,25.952529447373735,0.7448627807070665,0.7448627807070665,28.0,False
ridge,49,20260864,cvae_low_20260813_0034,cvae,low,24.413666666666668,18.64338165977386,-5.770285006892809,5.770285006892809,33.0,False
ridge,49,20260864,cvae_low_20260813_0115,cvae,low,23.761666666666667,22.560975495861232,-1.2006911708054346,1.2006911708054346,29.0,False
ridge,49,20260864,cvae_medium_20260813_0061,cvae,medium,26.52133333333333,28.400723485351122,1.8793901520177911,1.8793901520177911,26.0,False
ridge,49,20260864,cvae_medium_20260813_0082,cvae,medium,28.422666666666668,29.394364403876416,0.9716977372097482,0.9716977372097482,25.0,False
ridge,49,20260864,cvae_medium_20260813_0103,cvae,medium,27.532333333333334,34.61150647675163,7.079173143418295,7.079173143418295,21.0,False
ridge,49,20260864,gmm_critical_20260813_0004,gmm,critical,85.42566666666667,43.57784380733195,-41.84782285933472,41.84782285933472,14.0,False
ridge,49,20260864,gmm_critical_20260813_0067,gmm,critical,79.342,51.76882918226738,-27.573170817732617,27.573170817732617,8.0,True
ridge,49,20260864,gmm_critical_20260813_0072,gmm,critical,46.531,57.84525254300689,11.314252543006894,11.314252543006894,3.0,True
ridge,49,20260864,gmm_high_20260813_0005,gmm,high,44.719,37.06263611086238,-7.656363889137623,7.656363889137623,20.0,False
ridge,49,20260864,gmm_high_20260813_0049,gmm,high,44.082,48.01882525565386,3.936825255653858,3.936825255653858,10.0,False
ridge,49,20260864,gmm_high_20260813_0079,gmm,high,78.97833333333332,42.62177008427081,-36.35656324906252,36.35656324906252,15.0,False
ridge,49,20260864,gmm_low_20260813_0012,gmm,low,24.410666666666668,16.755218958245962,-7.655447708420706,7.655447708420706,35.0,False
ridge,49,20260864,gmm_low_20260813_0036,gmm,low,25.197,17.640254227419135,-7.556745772580864,7.556745772580864,34.0,False
ridge,49,20260864,gmm_low_20260813_0072,gmm,low,24.93733333333333,18.818473004740703,-6.118860328592628,6.118860328592628,32.0,False
ridge,49,20260864,gmm_medium_20260813_0010,gmm,medium,28.833666666666662,38.29024492911913,9.45657826245247,9.45657826245247,19.0,False
ridge,49,20260864,gmm_medium_20260813_0077,gmm,medium,28.415,49.776004157145444,21.361004157145445,21.361004157145445,9.0,True
ridge,49,20260864,gmm_medium_20260813_0102,gmm,medium,33.226,40.60138505552053,7.375385055520532,7.375385055520532,16.0,False
ridge,49,20260864,lhs_critical_20260813_0036,lhs,critical,52.37566666666667,53.607848599682136,1.2321819330154682,1.2321819330154682,6.0,True
ridge,49,20260864,lhs_critical_20260813_0055,lhs,critical,50.272,55.0483887744091,4.776388774409099,4.776388774409099,5.0,True
ridge,49,20260864,lhs_critical_20260813_0101,lhs,critical,48.968,70.92620109112951,21.95820109112951,21.95820109112951,1.0,True
ridge,49,20260864,lhs_high_20260813_0024,lhs,high,50.318666666666665,39.74438262919162,-10.574284037475046,10.574284037475046,17.0,False
ridge,49,20260864,lhs_high_20260813_0077,lhs,high,44.736,34.54310974863423,-10.192890251365768,10.192890251365768,22.0,False
ridge,49,20260864,lhs_high_20260813_0106,lhs,high,51.74733333333334,44.26078953737601,-7.486543795957324,7.486543795957324,13.0,False
ridge,49,20260864,lhs_low_20260813_0010,lhs,low,25.866333333333333,20.480444593868185,-5.385888739465148,5.385888739465148,30.0,False
ridge,49,20260864,lhs_low_20260813_0077,lhs,low,24.584666666666667,31.88492813735158,7.300261470684912,7.300261470684912,23.0,False
ridge,49,20260864,lhs_low_20260813_0128,lhs,low,24.47433333333333,12.386617154725833,-12.087716178607497,12.087716178607497,36.0,False
ridge,49,20260864,lhs_medium_20260813_0026,lhs,medium,28.41333333333333,27.643382045378022,-0.7699512879553083,0.7699512879553083,27.0,False
ridge,49,20260864,lhs_medium_20260813_0041,lhs,medium,30.77,20.347221146906136,-10.422778853093863,10.422778853093863,31.0,False
ridge,49,20260864,lhs_medium_20260813_0110,lhs,medium,32.588,31.484080793643862,-1.1039192063561387,1.1039192063561387,24.0,False
